#VRML V2.0 utf8
# 3D model generated by kicad-lcsc-manager
# Based on easyeda2kicad.py v1.0.1

Shape{
    appearance Appearance {
        material  Material {
            diffuseColor 0.6039215686274509 0.6039215686274509 0.6039215686274509
            specularColor 0.30196078431372547 0.30196078431372547 0.30196078431372547
            ambientIntensity 0.6039
            transparency 0.0
            shininess 0.5
        }
    }
    geometry IndexedFaceSet {
        ccw TRUE
        solid FALSE
        coord DEF co Coordinate {
            point [
                -358.6926 270.0918 1.7756, -358.712 270.0834 1.7756, -358.6914 270.0834 1.7756, -359.9089 270.7739 1.7756, -359.9119 270.7432 1.7756, -359.2304 270.2055 1.7756, -359.2407 270.1842 1.7756, -360.0625 270.5225 1.7756, -359.2424 270.169 1.7756, -360.0625 270.1446 1.7756, -359.2412 270.1558 1.7756, -359.2378 270.1446 1.7756, -359.2365 270.1961 1.7756, -360.0394 270.5782 1.7756, -360.0492 270.5662 1.7756, -360.0565 270.5526 1.7756, -360.0609 270.5379 1.7756, -359.9209 270.7136 1.7756, -359.9355 270.6864 1.7756, -359.955 270.6625 1.7756, -357.8864 270.6625 1.7756, -357.906 270.6864 1.7756, -358.6914 270.1446 1.7756, -357.8021 270.5782 1.7756, -357.779 270.5225 1.7756, -357.7805 270.5379 1.7756, -357.9206 270.7136 1.7756, -358.6914 270.2265 1.7756, -358.6902 270.2142 1.7756, -357.9719 271.1317 1.7756, -357.9325 271.0635 1.7756, -357.9556 271.1192 1.7756, -357.9352 271.0839 1.7756, -357.9431 271.1029 1.7756, -357.9909 271.1396 1.7756, -358.0113 271.1423 1.7756, -357.9325 270.7739 1.7756, -358.6914 271.1423 1.7756, -357.9295 270.7432 1.7756, -357.785 270.5526 1.7756, -357.7923 270.5662 1.7756, -357.9295 269.2579 1.7756, -357.9206 269.2875 1.7756, -358.6914 269.7377 1.7756, -357.906 269.3147 1.7756, -357.8864 269.3386 1.7756, -357.8021 269.4229 1.7756, -357.9909 268.8615 1.7756, -357.9719 268.8694 1.7756, -357.9325 268.9376 1.7756, -357.9556 268.8819 1.7756, -357.9352 268.9172 1.7756, -357.9431 268.8982 1.7756, -357.9325 269.2272 1.7756, -358.6914 268.8588 1.7756, -358.0113 268.8588 1.7756, -357.7923 269.4349 1.7756, -357.785 269.4485 1.7756, -357.7805 269.4632 1.7756, -359.955 269.3386 1.7756, -359.9355 269.3147 1.7756, -359.2304 269.7377 1.7756, -359.9209 269.2875 1.7756, -359.9119 269.2579 1.7756, -359.9089 269.2272 1.7756, -359.2304 268.8588 1.7756, -359.9089 268.9376 1.7756, -359.8302 268.8588 1.7756, -359.8506 268.8615 1.7756, -359.9062 268.9172 1.7756, -359.8984 268.8982 1.7756, -360.0625 269.7377 1.7756, -360.0625 269.4786 1.7756, -360.0609 269.4632 1.7756, -360.0565 269.4485 1.7756, -359.8859 268.8819 1.7756, -359.8695 268.8694 1.7756, -360.0492 269.4349 1.7756, -360.0394 269.4229 1.7756, -358.6924 270.236 1.7756, -358.7814 270.2646 1.7756, -358.7726 270.2738 1.7756, -358.8529 270.2838 1.7756, -358.8893 270.2596 1.7756, -358.8847 270.2775 1.7756, -358.8907 271.1423 1.7756, -358.7632 270.2795 1.7756, -358.7528 270.2829 1.7756, -358.743 270.2838 1.7756, -358.7294 270.2821 1.7756, -358.72 270.2782 1.7756, -358.7115 270.272 1.7756, -358.8817 270.2838 1.7756, -358.7989 270.2357 1.7756, -358.8617 270.2694 1.7756, -358.8142 270.2071 1.7756, -358.8689 270.2461 1.7756, -358.8144 270.2068 1.7756, -358.7041 270.2636 1.7756, -358.6978 270.2525 1.7756, -358.8703 270.2313 1.7756, -358.8692 270.2171 1.7756, -358.8665 270.2071 1.7756, -358.8626 270.2 1.7756, -358.8587 270.1959 1.7756, -358.8548 270.1933 1.7756, -358.8487 270.191 1.7756, -358.8409 270.1902 1.7756, -358.8215 270.1983 1.7756, -358.8338 270.1911 1.7756, -358.8282 270.1934 1.7756, -358.8907 270.2181 1.7756, -358.8919 270.2343 1.7756, -358.9663 270.1446 1.7756, -358.8907 270.2459 1.7756, -358.7244 270.171 1.7756, -358.8907 270.1446 1.7756, -358.6912 270.1924 1.7756, -358.6914 270.1911 1.7756, -358.6956 270.171 1.7756, -358.8849 270.1944 1.7756, -358.8904 270.2137 1.7756, -358.7973 270.1866 1.7756, -358.8079 270.1753 1.7756, -358.8525 270.1653 1.7756, -358.8624 270.1689 1.7756, -358.8707 270.1745 1.7756, -358.8778 270.182 1.7756, -358.8177 270.1687 1.7756, -358.8279 270.165 1.7756, -358.8387 270.1638 1.7756, -358.7804 270.2156 1.7756, -358.7167 270.1859 1.7756, -358.7707 270.2339 1.7756, -358.7127 270.2027 1.7756, -358.7118 270.2163 1.7756, -358.7346 270.2568 1.7756, -358.7405 270.2574 1.7756, -358.7131 270.23 1.7756, -358.7164 270.2404 1.7756, -358.7207 270.2478 1.7756, -358.7251 270.2523 1.7756, -358.748 270.2566 1.7756, -358.7534 270.2545 1.7756, -358.7583 270.2512 1.7756, -358.7636 270.2451 1.7756, -358.7293 270.255 1.7756, -358.6926 269.9549 1.7756, -358.6926 269.9321 1.7756, -358.6914 269.9321 1.7756, -358.6926 269.9237 1.7756, -358.6914 269.9069 1.7756, -358.8511 270.0247 1.7756, -358.8511 270.0238 1.7756, -358.8389 270.0287 1.7756, -358.8388 270.0193 1.7756, -358.827 270.0335 1.7756, -358.8265 270.0145 1.7756, -358.7592 270.1014 1.7756, -358.8895 270.1014 1.7756, -358.8907 270.0834 1.7756, -358.8895 270.1254 1.7756, -358.719 270.1014 1.7756, -358.719 270.1021 1.7756, -358.7297 270.0989 1.7756, -358.7391 270.1015 1.7756, -358.7402 270.0956 1.7756, -358.7688 270.0834 1.7756, -358.6926 270.1254 1.7756, -358.8907 269.9069 1.7756, -358.8895 269.9237 1.7756, -358.8907 269.9321 1.7756, -358.8895 269.9321 1.7756, -358.8895 269.9477 1.7756, -358.8895 270.0318 1.7756, -358.8895 270.0174 1.7756, -358.7385 269.9472 1.7756, -358.719 269.9458 1.7756, -358.719 269.9465 1.7756, -358.7292 269.949 1.7756, -358.739 269.9523 1.7756, -358.7581 269.9477 1.7756, -358.8804 269.7698 1.7756, -358.8907 269.7377 1.7756, -358.8684 269.7494 1.7756, -358.857 269.7377 1.7756, -358.7038 269.7639 1.7756, -358.7181 269.7425 1.7756, -358.6926 269.8154 1.7756, -358.6957 269.7869 1.7756, -358.8872 269.7924 1.7756, -358.8895 269.8174 1.7756, -358.8895 269.8709 1.7756, -358.6926 269.8709 1.7756, -358.7183 269.7423 1.7756, -358.7234 269.7377 1.7756, -358.7338 269.7283 1.7756, -358.8354 269.7223 1.7756, -358.8528 269.7333 1.7756, -358.8907 268.8588 1.7756, -358.8149 269.7152 1.7756, -358.7509 269.7191 1.7756, -358.7705 269.7138 1.7756, -358.7886 269.7125 1.7756, -359.2304 270.0834 1.7756, -358.9663 270.0834 1.7756, -359.0702 270.1182 1.7756, -359.0486 270.1182 1.7756, -359.0423 270.1342 1.7756, -359.046 270.1228 1.7756, -359.194 270.108 1.7756, -359.2083 270.113 1.7756, -359.2205 270.1209 1.7756, -359.2303 270.131 1.7756, -359.1376 270.117 1.7756, -359.1495 270.1107 1.7756, -359.1653 270.1068 1.7756, -359.1762 270.1062 1.7756, -359.0477 270.1834 1.7756, -359.0423 270.1671 1.7756, -359.2206 270.2152 1.7756, -359.2065 270.2237 1.7756, -359.2304 271.1423 1.7756, -359.23 270.2061 1.7756, -359.0408 270.1513 1.7756, -359.0414 270.1446 1.7756, -359.8859 271.1192 1.7756, -359.8984 271.1029 1.7756, -359.8695 271.1317 1.7756, -359.9062 271.0839 1.7756, -359.8506 271.1396 1.7756, -359.9089 271.0635 1.7756, -359.8302 271.1423 1.7756, -359.0912 270.2223 1.7756, -359.0698 270.2097 1.7756, -358.9663 271.1423 1.7756, -359.0565 270.197 1.7756, -359.1842 270.2307 1.7756, -359.1533 270.2334 1.7756, -359.1179 270.2303 1.7756, -359.2371 270.1423 1.7756, -360.0625 270.0834 1.7756, -359.2304 270.1312 1.7756, -359.1432 270.2085 1.7756, -359.1432 270.2079 1.7756, -359.1223 270.207 1.7756, -359.132 270.2007 1.7756, -359.0997 270.2011 1.7756, -359.1244 270.1928 1.7756, -359.0849 270.1932 1.7756, -359.119 270.1834 1.7756, -359.0742 270.1836 1.7756, -359.116 270.1731 1.7756, -359.0676 270.1739 1.7756, -359.1152 270.1628 1.7756, -359.0638 270.1635 1.7756, -359.0624 270.1509 1.7756, -359.1167 270.148 1.7756, -359.0631 270.1446 1.7756, -359.1179 270.1446 1.7756, -359.0643 270.1341 1.7756, -359.1208 270.1363 1.7756, -359.1281 270.1255 1.7756, -359.0702 269.7749 1.7756, -358.9663 269.7377 1.7756, -359.2365 269.8528 1.7756, -359.2304 269.8622 1.7756, -359.2304 269.9069 1.7756, -359.23 269.8628 1.7756, -359.1167 269.8048 1.7756, -359.1208 269.793 1.7756, -359.1281 269.7822 1.7756, -359.1376 269.7737 1.7756, -359.2206 269.8719 1.7756, -359.2065 269.8804 1.7756, -359.1842 269.8874 1.7756, -359.0423 269.7909 1.7756, -359.046 269.7795 1.7756, -359.0486 269.7749 1.7756, -359.1533 269.8901 1.7756, -359.1179 269.887 1.7756, -358.9663 269.9069 1.7756, -359.0912 269.879 1.7756, -359.0698 269.8665 1.7756, -359.0565 269.8537 1.7756, -359.0477 269.8401 1.7756, -359.0423 269.8238 1.7756, -359.0408 269.8081 1.7756, -359.194 269.7648 1.7756, -359.2083 269.7698 1.7756, -359.2205 269.7776 1.7756, -359.1495 269.7674 1.7756, -359.1653 269.7635 1.7756, -359.1762 269.7629 1.7756, -359.1432 269.8653 1.7756, -359.1432 269.8646 1.7756, -359.1223 269.8637 1.7756, -359.132 269.8574 1.7756, -359.0997 269.8578 1.7756, -359.1244 269.8495 1.7756, -359.0849 269.8499 1.7756, -359.119 269.8401 1.7756, -359.0742 269.8403 1.7756, -359.116 269.8298 1.7756, -359.0676 269.8306 1.7756, -359.1152 269.8195 1.7756, -359.0643 269.7908 1.7756, -359.0624 269.8076 1.7756, -359.0638 269.8203 1.7756, -359.2303 269.7877 1.7756, -359.2304 269.788 1.7756, -359.2371 269.799 1.7756, -359.2412 269.8125 1.7756, -360.0625 269.9069 1.7756, -359.2424 269.8257 1.7756, -359.2407 269.8409 1.7756, -359.0984 270.0469 1.7756, -359.1449 270.0007 1.7756, -359.0984 269.9541 1.7756, -359.1119 270.0606 1.7756, -358.9663 269.9321 1.7756, -359.2304 269.9321 1.7756, -359.1121 269.9405 1.7756, -359.2048 269.9405 1.7756, -359.1585 269.987 1.7756, -359.2184 269.9542 1.7756, -359.1719 270.0007 1.7756, -359.2184 270.0469 1.7756, -359.2048 270.0606 1.7756, -359.1584 270.014 1.7756, -360.0625 269.9321 1.7756, -357.779 269.4786 1.7756, -357.779 269.7377 1.7756, -357.779 269.9069 1.7756, -357.779 269.9321 1.7756, -357.779 270.0834 1.7756, -357.779 270.1446 1.7756, -358.9663 268.8588 1.7756
            ]
        }
        coordIndex [
            0,1,2,-1,3,4,5,-1,6,7,8,-1,8,7,9,-1,8,9,10,-1,10,9,11,-1,12,13,6,-1,6,13,14,-1,14,15,6,-1,6,15,16,-1,6,16,7,-1,4,17,5,-1,5,17,18,-1,5,18,12,-1,12,18,19,-1,12,19,13,-1,20,21,22,-1,20,22,23,-1,22,24,25,-1,26,27,21,-1,21,27,28,-1,29,30,31,-1,31,30,32,-1,31,32,33,-1,29,34,30,-1,30,34,35,-1,30,35,36,-1,36,35,37,-1,36,37,38,-1,25,39,22,-1,22,39,40,-1,22,40,23,-1,41,42,43,-1,42,44,43,-1,43,44,45,-1,43,45,46,-1,47,48,49,-1,49,48,50,-1,49,50,51,-1,51,50,52,-1,41,43,53,-1,53,43,54,-1,53,54,49,-1,49,54,55,-1,49,55,47,-1,46,56,43,-1,43,56,57,-1,43,57,58,-1,59,60,61,-1,61,60,62,-1,61,62,63,-1,63,64,65,-1,65,64,66,-1,65,66,67,-1,67,66,68,-1,66,69,70,-1,71,72,61,-1,61,72,73,-1,61,73,74,-1,70,75,66,-1,66,75,76,-1,66,76,68,-1,74,77,61,-1,61,77,78,-1,61,78,59,-1,26,38,27,-1,27,38,37,-1,27,37,79,-1,80,81,82,-1,83,84,85,-1,81,86,82,-1,82,86,87,-1,82,87,88,-1,89,90,37,-1,37,90,91,-1,84,92,85,-1,85,92,82,-1,85,82,37,-1,37,82,88,-1,37,88,89,-1,80,82,93,-1,93,82,94,-1,93,94,95,-1,95,94,96,-1,95,96,97,-1,91,98,37,-1,37,98,99,-1,37,99,79,-1,96,100,97,-1,97,100,101,-1,97,101,102,-1,102,103,97,-1,97,103,104,-1,97,104,105,-1,105,106,97,-1,97,106,107,-1,97,107,108,-1,108,107,109,-1,108,109,110,-1,111,112,113,-1,113,112,114,-1,115,116,22,-1,28,117,21,-1,21,117,118,-1,21,118,22,-1,22,118,119,-1,22,119,115,-1,116,120,121,-1,122,123,115,-1,124,125,116,-1,125,126,116,-1,116,126,127,-1,116,127,120,-1,123,128,115,-1,115,128,129,-1,115,129,116,-1,116,129,130,-1,116,130,124,-1,122,115,131,-1,131,115,132,-1,131,132,133,-1,133,132,134,-1,133,134,135,-1,136,137,138,-1,139,140,141,-1,138,137,135,-1,135,137,142,-1,135,142,143,-1,143,144,135,-1,135,144,145,-1,135,145,133,-1,139,141,138,-1,138,141,146,-1,138,146,136,-1,147,148,149,-1,149,148,150,-1,149,150,151,-1,152,153,154,-1,154,153,155,-1,154,155,156,-1,156,155,157,-1,156,157,1,-1,1,157,147,-1,1,147,2,-1,2,147,149,-1,158,159,160,-1,160,159,161,-1,162,163,164,-1,164,163,165,-1,164,165,166,-1,166,165,167,-1,0,2,168,-1,168,2,22,-1,168,22,161,-1,161,22,116,-1,161,116,160,-1,151,150,169,-1,169,150,170,-1,169,170,171,-1,171,170,172,-1,171,172,173,-1,165,158,167,-1,167,158,160,-1,167,160,174,-1,174,160,175,-1,176,177,178,-1,178,179,176,-1,176,179,180,-1,176,180,181,-1,181,180,175,-1,181,175,173,-1,173,175,160,-1,173,160,171,-1,182,183,184,-1,184,183,185,-1,43,186,187,-1,151,188,43,-1,43,188,189,-1,43,189,186,-1,182,190,183,-1,183,190,191,-1,183,191,169,-1,169,191,192,-1,169,192,151,-1,151,192,193,-1,151,193,188,-1,187,194,43,-1,43,194,195,-1,43,195,54,-1,54,195,196,-1,197,198,199,-1,197,199,200,-1,196,201,54,-1,54,201,202,-1,54,202,199,-1,199,202,203,-1,199,203,200,-1,204,205,206,-1,206,205,207,-1,113,208,205,-1,205,208,209,-1,205,209,207,-1,210,211,204,-1,204,211,212,-1,204,212,213,-1,214,215,206,-1,206,215,216,-1,206,216,204,-1,204,216,217,-1,204,217,210,-1,113,218,219,-1,220,221,222,-1,220,222,223,-1,219,224,113,-1,113,224,225,-1,113,225,208,-1,226,227,228,-1,228,227,229,-1,228,229,230,-1,230,229,231,-1,230,231,232,-1,232,231,3,-1,232,3,222,-1,222,3,5,-1,222,5,223,-1,233,234,235,-1,235,234,236,-1,83,85,114,-1,114,85,235,-1,114,235,113,-1,113,235,236,-1,113,236,218,-1,221,237,222,-1,222,237,238,-1,222,238,235,-1,235,238,239,-1,235,239,233,-1,11,9,240,-1,240,9,241,-1,240,241,242,-1,243,244,245,-1,245,244,246,-1,245,246,247,-1,247,246,248,-1,247,248,249,-1,249,248,250,-1,249,250,251,-1,251,250,252,-1,251,252,253,-1,253,252,254,-1,253,254,255,-1,255,254,256,-1,256,254,257,-1,256,257,258,-1,258,257,259,-1,258,259,260,-1,260,259,261,-1,260,261,206,-1,206,261,262,-1,206,262,214,-1,263,61,264,-1,265,266,267,-1,267,266,268,-1,269,270,263,-1,263,270,271,-1,263,271,272,-1,268,273,267,-1,267,273,274,-1,267,274,275,-1,276,277,264,-1,264,277,278,-1,264,278,263,-1,279,280,281,-1,280,282,281,-1,281,282,283,-1,281,283,284,-1,284,285,281,-1,281,285,286,-1,281,286,264,-1,264,286,287,-1,264,287,276,-1,288,289,61,-1,61,289,290,-1,272,291,263,-1,263,291,292,-1,263,292,61,-1,61,292,293,-1,61,293,288,-1,294,295,296,-1,296,295,297,-1,296,297,298,-1,298,297,299,-1,298,299,300,-1,300,299,301,-1,300,301,302,-1,302,301,303,-1,302,303,304,-1,304,303,305,-1,263,306,269,-1,269,306,307,-1,269,307,305,-1,305,307,308,-1,305,308,304,-1,290,309,61,-1,61,309,310,-1,61,310,71,-1,310,311,71,-1,71,311,312,-1,71,312,313,-1,313,312,314,-1,313,314,315,-1,316,317,318,-1,204,319,205,-1,205,319,316,-1,205,316,320,-1,320,316,318,-1,321,322,323,-1,323,322,324,-1,325,326,327,-1,323,325,321,-1,321,325,327,-1,321,327,204,-1,204,327,328,-1,204,328,319,-1,319,328,329,-1,318,322,320,-1,320,322,321,-1,320,321,281,-1,281,321,267,-1,281,267,279,-1,279,267,275,-1,213,242,204,-1,204,242,241,-1,204,241,321,-1,321,241,330,-1,321,330,267,-1,267,330,313,-1,267,313,265,-1,265,313,315,-1,58,331,43,-1,43,331,332,-1,43,332,151,-1,151,332,333,-1,151,333,149,-1,149,333,334,-1,149,334,2,-1,2,334,335,-1,2,335,22,-1,22,335,336,-1,22,336,24,-1,121,111,116,-1,116,111,113,-1,116,113,160,-1,160,113,205,-1,160,205,171,-1,171,205,320,-1,171,320,169,-1,169,320,281,-1,169,281,183,-1,183,281,264,-1,63,65,61,-1,61,65,337,-1,61,337,264,-1,264,337,199,-1,264,199,183,-1,183,199,198,-1,183,198,185,-1,
        ]
    }
}
Shape{
    appearance Appearance {
        material  Material {
            diffuseColor 0.2235294117647059 0.2235294117647059 0.2235294117647059
            specularColor 0.11372549019607843 0.11372549019607843 0.11372549019607843
            ambientIntensity 0.2235
            transparency 0.0
            shininess 0.5
        }
    }
    geometry IndexedFaceSet {
        ccw TRUE
        solid FALSE
        coord DEF co Coordinate {
            point [
                -360.0394 270.5782 0.0039, -359.955 270.6625 0.0039, -359.905 270.5754 0.0039, -359.9355 270.6864 0.0039, -359.9209 270.7136 0.0039, -359.9119 270.7432 0.0039, -359.9089 270.7739 0.0039, -359.905 271.0881 0.0039, -359.9089 271.0635 0.0039, -359.907 271.0807 0.0039, -358.9411 270.5754 0.0039, -359.0744 270.0286 0.0039, -359.126 269.9302 0.0039, -359.1116 269.9302 0.0039, -358.9411 269.9296 0.0039, -359.0372 269.9302 0.0039, -359.025 269.9572 0.0039, -359.0194 269.9484 0.0039, -359.0113 269.9406 0.0039, -359.001 269.9347 0.0039, -358.9897 269.9313 0.0039, -358.9775 269.9302 0.0039, -358.9507 269.9302 0.0039, -358.9507 270.0286 0.0039, -358.9785 270.0286 0.0039, -359.0151 270.0158 0.0039, -359.022 270.0081 0.0039, -359.0266 269.9996 0.0039, -360.0625 269.9296 0.0039, -360.0625 270.5225 0.0039, -360.0609 270.5379 0.0039, -358.9927 270.0271 0.0039, -359.0042 270.0231 0.0039, -359.015 270.0159 0.0039, -360.0565 270.5526 0.0039, -360.0492 270.5662 0.0039, -359.0516 269.9302 0.0039, -359.061 269.9578 0.0039, -359.1016 269.9578 0.0039, -359.0292 269.9899 0.0039, -359.03 269.9807 0.0039, -359.0286 269.9675 0.0039, -360.0609 269.4632 0.0039, -360.0625 269.4786 0.0039, -359.905 269.4257 0.0039, -359.0876 270.0286 0.0039, -359.907 268.9204 0.0039, -359.9089 268.9376 0.0039, -359.905 268.913 0.0039, -359.9089 269.2272 0.0039, -359.9119 269.2579 0.0039, -359.9209 269.2875 0.0039, -359.9355 269.3147 0.0039, -359.955 269.3386 0.0039, -360.0394 269.4229 0.0039, -360.0492 269.4349 0.0039, -360.0565 269.4485 0.0039, -358.8391 269.9296 0.0039, -358.8351 269.9291 0.0039, -358.9411 269.4257 0.0039, -357.8021 269.4229 0.0039, -357.8864 269.3386 0.0039, -357.9365 269.4257 0.0039, -357.906 269.3147 0.0039, -357.9206 269.2875 0.0039, -358.8324 269.929 0.0039, -358.8266 269.9296 0.0039, -357.9295 269.2579 0.0039, -357.9325 269.2272 0.0039, -357.9365 268.913 0.0039, -357.9325 268.9376 0.0039, -357.9344 268.9204 0.0039, -357.7805 269.4632 0.0039, -357.785 269.4485 0.0039, -357.7923 269.4349 0.0039, -357.7805 270.5379 0.0039, -357.779 270.5225 0.0039, -357.9365 270.5754 0.0039, -358.9315 269.941 0.0039, -358.9315 269.9302 0.0039, -358.8787 269.9302 0.0039, -358.9291 270.0178 0.0039, -358.8919 270.0178 0.0039, -358.8919 269.9854 0.0039, -358.8595 269.9353 0.0039, -358.8595 269.9461 0.0039, -358.8787 270.0286 0.0039, -358.849 269.931 0.0039, -358.8919 269.9746 0.0039, -358.8919 269.941 0.0039, -358.9267 269.9746 0.0039, -358.9267 269.9854 0.0039, -357.9344 271.0807 0.0039, -357.9325 271.0635 0.0039, -357.9365 271.0881 0.0039, -357.9325 270.7739 0.0039, -357.9295 270.7432 0.0039, -357.9206 270.7136 0.0039, -357.906 270.6864 0.0039, -357.8864 270.6625 0.0039, -357.8021 270.5782 0.0039, -358.8108 269.9336 0.0039, -358.7779 269.9302 0.0039, -358.8203 269.9303 0.0039, -358.9291 270.0286 0.0039, -358.8268 270.018 0.0039, -358.8194 270.0153 0.0039, -358.8577 269.9451 0.0039, -358.8126 270.0107 0.0039, -358.8066 270.0042 0.0039, -358.7995 269.9784 0.0039, -358.8005 269.9677 0.0039, -358.8032 269.9593 0.0039, -358.8251 269.9409 0.0039, -358.8342 269.9398 0.0039, -358.8179 269.9435 0.0039, -358.8119 269.9476 0.0039, -358.8072 269.9524 0.0039, -358.8473 269.9413 0.0039, -358.7275 269.9302 0.0039, -357.779 269.9296 0.0039, -357.779 269.4786 0.0039, -358.7915 270.0027 0.0039, -358.7973 270.0119 0.0039, -358.7407 270.0286 0.0039, -358.8026 269.9966 0.0039, -358.8 269.986 0.0039, -357.7923 270.5662 0.0039, -357.785 270.5526 0.0039, -358.8061 270.0205 0.0039, -358.7275 270.0286 0.0039, -358.8028 269.9386 0.0039, -358.7955 269.9464 0.0039, -358.7779 269.941 0.0039, -358.7902 269.9558 0.0039, -358.7407 269.941 0.0039, -358.7872 269.9662 0.0039, -358.7863 269.9776 0.0039, -358.7877 269.9916 0.0039, -358.8155 270.0258 0.0039, -358.8265 270.029 0.0039, -358.8363 270.0298 0.0039, -358.8481 270.029 0.0039, -358.8595 270.0259 0.0039, -358.8595 270.0127 0.0039, -358.8484 270.0175 0.0039, -358.8365 270.019 0.0039, -358.3302 271.1817 0.2795, -358.0113 271.1817 0.2795, -358.0113 271.1817 0.0827, -358.2865 271.1817 0.0827, -358.6036 271.1817 0.0827, -359.5113 271.1817 0.2795, -358.9207 271.1817 0.0827, -359.8302 271.1817 0.0827, -359.8302 271.1817 0.2795, -359.5549 271.1817 0.0827, -359.2378 271.1817 0.0827, -357.9807 271.1776 0.0827, -357.9807 271.1776 0.2795, -357.9807 271.1776 0.0433, -357.9807 271.1776 0.0433, -357.9574 271.1687 0.0433, -357.9522 271.1658 0.2795, -357.9525 271.1654 0.0433, -357.9358 271.1544 0.0433, -357.9278 271.1471 0.2795, -357.9283 271.1466 0.0433, -357.9179 271.1358 0.0433, -357.909 271.1226 0.2795, -357.9096 271.1222 0.0433, -357.9044 271.1137 0.0433, -357.8972 271.0941 0.2795, -357.8976 271.094 0.0433, -357.896 271.0893 0.0433, -357.8932 271.0635 0.2795, -357.8932 271.0635 0.0433, -359.8607 271.1776 0.2795, -359.8607 271.1776 0.0827, -359.9483 271.0635 0.0433, -359.9483 271.0635 0.2795, -359.9455 271.0893 0.0433, -359.9443 271.0941 0.2795, -359.9438 271.094 0.0433, -359.9371 271.1137 0.0433, -359.9325 271.1226 0.2795, -359.9319 271.1222 0.0433, -359.9236 271.1358 0.0433, -359.9137 271.1471 0.2795, -359.9132 271.1466 0.0433, -359.9056 271.1544 0.0433, -359.8892 271.1658 0.2795, -359.889 271.1654 0.0433, -359.884 271.1687 0.0433, -359.8607 271.1776 0.0433, -359.8607 271.1776 0.0433, -357.8973 271.089 0.0331, -357.9056 271.1132 0.0331, -357.9367 271.1534 0.0331, -357.9365 271.0987 0.0042, -357.9308 271.1013 0.0053, -357.9372 271.1172 0.0061, -357.9378 271.1205 0.0067, -357.9334 271.1238 0.0092, -357.9425 271.1371 0.0106, -357.9454 271.143 0.0126, -357.9432 271.1455 0.0155, -357.9806 271.1776 0.0419, -357.9803 271.1774 0.0406, -357.9791 271.1768 0.0381, -357.958 271.1675 0.0331, -357.9598 271.164 0.0236, -357.9624 271.165 0.0237, -357.9676 271.1695 0.0272, -357.9748 271.1743 0.0331, -357.9758 271.175 0.034, -357.9528 271.1549 0.0175, -357.9595 271.1625 0.0218, -357.9603 271.1632 0.0223, -357.947 271.1462 0.0137, -357.9498 271.1504 0.0155, -357.9392 271.1504 0.0236, -357.9392 271.1272 0.008, -357.9408 271.132 0.0093, -357.927 271.1288 0.0155, -357.9222 271.1054 0.0092, -357.9368 271.1118 0.0054, -357.9365 271.1003 0.0042, -357.9365 271.1068 0.0047, -357.9189 271.135 0.0331, -357.922 271.1326 0.0236, -357.9091 271.1115 0.0236, -357.9148 271.1088 0.0155, -357.9012 271.0881 0.0236, -357.9073 271.0867 0.0155, -357.9152 271.085 0.0092, -357.9245 271.0829 0.0053, -357.8945 271.0635 0.0331, -357.8984 271.0635 0.0236, -357.9047 271.0635 0.0155, -357.9129 271.0635 0.0092, -357.9223 271.0635 0.0053, -359.8834 271.1675 0.0331, -359.9048 271.1534 0.0331, -359.9359 271.1132 0.0331, -359.8609 271.1776 0.0419, -359.917 271.0829 0.0053, -359.905 271.0989 0.0044, -359.9107 271.1013 0.0053, -359.905 271.1068 0.0047, -359.9046 271.1118 0.0054, -359.9043 271.1172 0.0061, -359.9193 271.1054 0.0092, -359.9036 271.1205 0.0067, -359.908 271.1238 0.0092, -359.9007 271.132 0.0093, -359.9023 271.1272 0.008, -359.899 271.137 0.0106, -359.9145 271.1288 0.0155, -359.896 271.143 0.0126, -359.8983 271.1455 0.0155, -359.8916 271.1504 0.0155, -359.8944 271.1462 0.0137, -359.8887 271.1548 0.0174, -359.9022 271.1504 0.0236, -359.8819 271.1625 0.0218, -359.8739 271.1695 0.0272, -359.8816 271.164 0.0236, -359.8791 271.165 0.0237, -359.8812 271.1632 0.0223, -359.8611 271.1774 0.0407, -359.8619 271.177 0.0388, -359.8636 271.1761 0.0362, -359.8656 271.175 0.034, -359.8667 271.1743 0.0331, -359.9225 271.135 0.0331, -359.9194 271.1326 0.0236, -359.9323 271.1115 0.0236, -359.9267 271.1088 0.0155, -359.9441 271.089 0.0331, -359.9403 271.0881 0.0236, -359.9342 271.0867 0.0155, -359.9262 271.085 0.0092, -359.9469 271.0635 0.0331, -359.943 271.0635 0.0236, -359.9368 271.0635 0.0155, -359.9286 271.0635 0.0092, -359.9191 271.0635 0.0053, -359.8302 268.8194 0.0827, -359.8302 268.8194 0.2795, -359.8607 268.8235 0.0827, -359.8607 268.8235 0.2795, -359.8607 268.8235 0.0433, -359.8607 268.8235 0.0433, -359.884 268.8324 0.0433, -359.8892 268.8353 0.2795, -359.889 268.8357 0.0433, -359.9056 268.8467 0.0433, -359.9137 268.854 0.2795, -359.9132 268.8545 0.0433, -359.9236 268.8653 0.0433, -359.9325 268.8785 0.2795, -359.9319 268.8789 0.0433, -359.9371 268.8874 0.0433, -359.9443 268.907 0.2795, -359.9438 268.9071 0.0433, -359.9455 268.9118 0.0433, -359.9483 268.9376 0.2795, -359.9483 268.9376 0.0433, -358.0113 268.8194 0.2795, -358.0113 268.8194 0.0827, -357.9807 268.8235 0.2795, -357.9807 268.8235 0.0827, -357.8932 268.9376 0.0433, -357.8932 268.9376 0.2795, -357.896 268.9118 0.0433, -357.8972 268.907 0.2795, -357.8976 268.9071 0.0433, -357.9044 268.8874 0.0433, -357.909 268.8785 0.2795, -357.9096 268.8789 0.0433, -357.9179 268.8653 0.0433, -357.9278 268.854 0.2795, -357.9283 268.8545 0.0433, -357.9358 268.8467 0.0433, -357.9522 268.8353 0.2795, -357.9525 268.8357 0.0433, -357.9574 268.8324 0.0433, -357.9807 268.8235 0.0433, -357.9807 268.8235 0.0433, -357.9053 268.8878 0.0345, -357.9806 268.8235 0.0419, -357.947 268.8549 0.0137, -357.9454 268.8581 0.0126, -357.9413 268.8533 0.0188, -357.9454 268.8582 0.0126, -357.9296 268.8744 0.0125, -357.9247 268.8705 0.0188, -357.9321 268.9004 0.0049, -357.9366 268.8921 0.005, -357.9365 268.8943 0.0047, -357.9372 268.8839 0.0061, -357.9245 268.8968 0.0078, -357.9378 268.8806 0.0067, -357.939 268.8747 0.0079, -357.9355 268.8789 0.0078, -357.9392 268.8739 0.008, -357.9425 268.8641 0.0106, -357.9528 268.8463 0.0174, -357.9549 268.8439 0.0188, -357.9383 268.8497 0.0262, -357.9595 268.8386 0.0218, -357.9579 268.8333 0.0345, -357.9676 268.8316 0.0272, -357.9592 268.8359 0.0262, -357.9662 268.8328 0.0263, -357.9603 268.8379 0.0223, -357.9778 268.825 0.0362, -357.9763 268.8258 0.0345, -357.9758 268.8261 0.034, -357.9803 268.8237 0.0407, -357.9795 268.8241 0.0388, -357.9365 268.8474 0.0345, -357.8942 268.9376 0.0345, -357.897 268.9121 0.0345, -357.8946 268.9376 0.0332, -357.8998 268.9127 0.0262, -357.9044 268.9137 0.0188, -357.8986 268.9376 0.0237, -357.8971 268.9376 0.0262, -357.9186 268.8659 0.0345, -357.9209 268.8677 0.0262, -357.9105 268.9151 0.0125, -357.9049 268.9376 0.0156, -357.9018 268.9376 0.0188, -357.9178 268.9167 0.0078, -357.913 268.9376 0.0094, -357.908 268.9376 0.0125, -357.9079 268.889 0.0262, -357.9121 268.891 0.0188, -357.9178 268.8937 0.0125, -357.9238 268.9376 0.0049, -357.9259 268.9185 0.0049, -357.9224 268.9376 0.0054, -357.9155 268.9376 0.0078, -357.9365 268.9022 0.0044, -359.9441 268.9121 0.0331, -359.9359 268.8879 0.0331, -359.9048 268.8477 0.0331, -359.905 268.9024 0.0042, -359.9107 268.8998 0.0053, -359.9043 268.8839 0.0061, -359.9036 268.8806 0.0067, -359.908 268.8773 0.0092, -359.8989 268.864 0.0106, -359.896 268.8581 0.0126, -359.8983 268.8556 0.0155, -359.8609 268.8235 0.0419, -359.8612 268.8237 0.0406, -359.8623 268.8243 0.0381, -359.8834 268.8336 0.0331, -359.8816 268.8371 0.0236, -359.8791 268.8361 0.0237, -359.8739 268.8316 0.0272, -359.8667 268.8268 0.0331, -359.8656 268.8261 0.034, -359.8886 268.8462 0.0175, -359.8819 268.8386 0.0218, -359.8812 268.8379 0.0223, -359.8944 268.8549 0.0137, -359.8916 268.8507 0.0155, -359.9022 268.8507 0.0236, -359.9023 268.8739 0.008, -359.9007 268.8691 0.0093, -359.9145 268.8723 0.0155, -359.9193 268.8957 0.0092, -359.9047 268.8893 0.0054, -359.905 268.9008 0.0042, -359.905 268.8943 0.0047, -359.9225 268.8661 0.0331, -359.9194 268.8685 0.0236, -359.9323 268.8896 0.0236, -359.9267 268.8923 0.0155, -359.9403 268.913 0.0236, -359.9342 268.9144 0.0155, -359.9262 268.9161 0.0092, -359.917 268.9182 0.0053, -359.9469 268.9376 0.0331, -359.943 268.9376 0.0236, -359.9368 268.9376 0.0155, -359.9286 268.9376 0.0092, -359.9191 268.9376 0.0053, -358.1909 271.165 0.2795, -358.2601 271.1775 0.2795, -357.8932 270.9883 0.2795, -357.9434 271.0374 0.2795, -357.9991 271.0801 0.2795, -358.1238 271.1444 0.2795, -358.0595 271.116 0.2795, -359.5814 271.1775 0.2795, -359.6505 271.165 0.2795, -359.9483 270.9883 0.2795, -359.898 271.0374 0.2795, -359.8423 271.0801 0.2795, -359.7819 271.116 0.2795, -359.7177 271.1444 0.2795, -359.5113 268.8194 0.2795, -359.5814 268.8236 0.2795, -359.6505 268.8361 0.2795, -359.898 268.9637 0.2795, -359.9483 269.0128 0.2795, -359.7177 268.8567 0.2795, -359.7819 268.8851 0.2795, -359.8423 268.921 0.2795, -359.5814 268.8236 1.4606, -359.5113 268.8194 1.4606, -359.8302 268.8194 1.4606, -359.6505 268.8361 1.4606, -359.9483 268.9376 1.4606, -359.9483 269.0128 1.4606, -359.898 268.9637 1.4606, -359.8892 268.8353 1.4606, -359.8423 268.921 1.4606, -359.8607 268.8235 1.4606, -359.7819 268.8851 1.4606, -359.7177 268.8567 1.4606, -359.9137 268.854 1.4606, -359.9325 268.8785 1.4606, -359.9443 268.907 1.4606, -359.6505 271.165 1.4606, -359.8302 271.1817 1.4606, -359.5814 271.1775 1.4606, -359.5113 271.1817 1.4606, -359.7177 271.1444 1.4606, -359.7819 271.116 1.4606, -359.8607 271.1776 1.4606, -359.8423 271.0801 1.4606, -359.8892 271.1658 1.4606, -359.898 271.0374 1.4606, -359.9483 270.9883 1.4606, -359.9483 271.0635 1.4606, -359.9443 271.0941 1.4606, -359.9325 271.1226 1.4606, -359.9137 271.1471 1.4606, -357.8932 271.0635 1.4606, -357.8932 270.9883 1.4606, -357.9434 271.0374 1.4606, -358.3302 271.1817 1.4606, -358.0113 271.1817 1.4606, -358.2601 271.1775 1.4606, -358.1909 271.165 1.4606, -357.9522 271.1658 1.4606, -357.9278 271.1471 1.4606, -357.9991 271.0801 1.4606, -357.909 271.1226 1.4606, -357.8972 271.0941 1.4606, -357.9807 271.1776 1.4606, -358.0595 271.116 1.4606, -358.1238 271.1444 1.4606
            ]
        }
        coordIndex [
            0,1,2,-1,2,1,3,-1,2,3,4,-1,4,5,2,-1,2,5,6,-1,2,6,7,-1,7,6,8,-1,7,8,9,-1,2,10,11,-1,12,13,14,-1,15,16,17,-1,17,18,15,-1,15,18,19,-1,15,19,20,-1,21,22,14,-1,14,22,23,-1,14,23,10,-1,10,23,24,-1,25,26,11,-1,11,26,27,-1,28,29,2,-1,2,29,30,-1,24,31,10,-1,10,31,32,-1,10,32,11,-1,11,32,33,-1,11,33,25,-1,30,34,2,-1,2,34,35,-1,2,35,0,-1,20,21,15,-1,15,21,14,-1,15,14,36,-1,36,14,13,-1,36,13,37,-1,37,13,38,-1,27,39,11,-1,11,39,40,-1,11,40,15,-1,15,40,41,-1,15,41,16,-1,42,43,44,-1,44,43,28,-1,11,45,2,-1,2,45,12,-1,2,12,28,-1,28,12,14,-1,28,14,44,-1,46,47,48,-1,48,47,49,-1,48,49,44,-1,44,49,50,-1,44,50,51,-1,51,52,44,-1,44,52,53,-1,44,53,54,-1,54,55,44,-1,44,55,56,-1,44,56,42,-1,57,58,59,-1,60,61,62,-1,62,61,63,-1,62,63,64,-1,58,65,59,-1,59,65,66,-1,59,66,62,-1,64,67,62,-1,62,67,68,-1,62,68,69,-1,69,68,70,-1,69,70,71,-1,72,73,62,-1,62,73,74,-1,62,74,60,-1,75,76,77,-1,10,78,14,-1,14,78,79,-1,14,79,80,-1,81,82,83,-1,84,80,85,-1,85,80,86,-1,84,87,80,-1,80,87,57,-1,80,57,14,-1,14,57,59,-1,14,59,44,-1,88,89,90,-1,90,89,78,-1,90,78,91,-1,92,93,94,-1,94,93,95,-1,94,95,77,-1,77,95,96,-1,77,96,97,-1,97,98,77,-1,77,98,99,-1,77,99,100,-1,101,102,103,-1,103,102,66,-1,83,91,81,-1,81,91,78,-1,81,78,104,-1,104,78,10,-1,104,10,86,-1,105,106,107,-1,107,106,108,-1,107,108,109,-1,110,111,107,-1,107,111,112,-1,113,114,115,-1,115,114,116,-1,112,117,107,-1,107,117,116,-1,107,116,118,-1,118,116,114,-1,102,119,66,-1,66,119,120,-1,66,120,62,-1,62,120,121,-1,62,121,72,-1,122,123,124,-1,109,125,107,-1,107,125,126,-1,107,126,110,-1,100,127,77,-1,77,127,128,-1,77,128,75,-1,123,129,124,-1,124,129,10,-1,124,10,130,-1,130,10,77,-1,130,77,119,-1,119,77,76,-1,119,76,120,-1,101,131,102,-1,102,131,132,-1,102,132,133,-1,133,132,134,-1,133,134,135,-1,134,136,135,-1,135,136,137,-1,135,137,124,-1,124,137,138,-1,124,138,122,-1,129,139,10,-1,10,139,140,-1,10,140,141,-1,141,142,10,-1,10,142,143,-1,10,143,86,-1,86,143,144,-1,86,144,85,-1,85,144,145,-1,85,145,107,-1,107,145,146,-1,107,146,105,-1,147,148,149,-1,149,150,147,-1,147,150,151,-1,147,151,152,-1,152,151,153,-1,154,155,156,-1,156,155,152,-1,156,152,157,-1,157,152,153,-1,149,148,158,-1,158,148,159,-1,160,158,161,-1,161,158,159,-1,161,159,162,-1,162,159,163,-1,162,163,164,-1,164,163,165,-1,165,163,166,-1,165,166,167,-1,167,166,168,-1,168,166,169,-1,168,169,170,-1,170,169,171,-1,171,169,172,-1,171,172,173,-1,173,172,174,-1,174,172,175,-1,174,175,176,-1,155,154,177,-1,177,154,178,-1,179,180,181,-1,181,180,182,-1,181,182,183,-1,183,182,184,-1,184,182,185,-1,184,185,186,-1,186,185,187,-1,187,185,188,-1,187,188,189,-1,189,188,190,-1,190,188,191,-1,190,191,192,-1,192,191,193,-1,193,191,177,-1,193,177,194,-1,194,177,178,-1,194,178,195,-1,173,174,196,-1,170,171,197,-1,164,165,198,-1,94,199,200,-1,201,202,203,-1,204,205,206,-1,160,161,207,-1,207,161,162,-1,207,162,208,-1,208,162,209,-1,210,211,212,-1,212,213,210,-1,210,213,214,-1,210,214,162,-1,162,214,215,-1,162,215,209,-1,216,217,211,-1,211,217,218,-1,211,218,212,-1,205,219,206,-1,206,219,220,-1,206,220,221,-1,202,222,203,-1,203,222,223,-1,203,223,224,-1,225,200,226,-1,199,227,200,-1,200,227,228,-1,200,228,226,-1,170,197,168,-1,162,164,210,-1,210,164,198,-1,210,198,211,-1,211,198,221,-1,211,221,216,-1,216,221,220,-1,165,167,198,-1,198,167,229,-1,198,229,221,-1,221,229,230,-1,221,230,206,-1,206,230,224,-1,206,224,204,-1,204,224,223,-1,167,168,229,-1,229,168,197,-1,229,197,230,-1,230,197,231,-1,230,231,224,-1,224,231,232,-1,224,232,203,-1,203,232,225,-1,203,225,201,-1,201,225,226,-1,171,173,197,-1,197,173,196,-1,197,196,231,-1,231,196,233,-1,231,233,232,-1,232,233,234,-1,232,234,225,-1,225,234,235,-1,225,235,200,-1,200,235,236,-1,200,236,94,-1,94,236,92,-1,174,176,196,-1,196,176,237,-1,196,237,233,-1,233,237,238,-1,233,238,234,-1,234,238,239,-1,234,239,235,-1,235,239,240,-1,235,240,236,-1,236,240,241,-1,236,241,92,-1,92,241,93,-1,192,193,242,-1,189,190,243,-1,183,184,244,-1,194,195,245,-1,7,9,246,-1,247,248,249,-1,249,248,250,-1,250,248,251,-1,251,248,252,-1,251,252,253,-1,254,255,256,-1,255,254,257,-1,257,254,258,-1,257,258,259,-1,260,261,262,-1,261,260,263,-1,263,260,264,-1,263,264,265,-1,242,266,267,-1,267,266,268,-1,267,268,269,-1,194,245,193,-1,193,245,270,-1,193,270,271,-1,271,272,193,-1,193,272,273,-1,193,273,242,-1,242,273,274,-1,242,274,266,-1,189,243,187,-1,190,192,243,-1,243,192,242,-1,243,242,264,-1,264,242,267,-1,264,267,265,-1,265,267,269,-1,186,187,275,-1,275,187,243,-1,275,243,276,-1,276,243,264,-1,276,264,258,-1,258,264,260,-1,258,260,259,-1,259,260,262,-1,184,186,244,-1,244,186,275,-1,244,275,277,-1,277,275,276,-1,277,276,278,-1,278,276,258,-1,278,258,252,-1,252,258,254,-1,252,254,253,-1,253,254,256,-1,181,183,279,-1,279,183,244,-1,279,244,280,-1,280,244,277,-1,280,277,281,-1,281,277,278,-1,281,278,282,-1,282,278,252,-1,282,252,246,-1,246,252,248,-1,246,248,7,-1,7,248,247,-1,179,181,283,-1,283,181,279,-1,283,279,284,-1,284,279,280,-1,284,280,285,-1,285,280,281,-1,285,281,286,-1,286,281,282,-1,286,282,287,-1,287,282,246,-1,287,246,8,-1,8,246,9,-1,288,289,290,-1,290,289,291,-1,292,290,293,-1,293,290,291,-1,293,291,294,-1,294,291,295,-1,294,295,296,-1,296,295,297,-1,297,295,298,-1,297,298,299,-1,299,298,300,-1,300,298,301,-1,300,301,302,-1,302,301,303,-1,303,301,304,-1,303,304,305,-1,305,304,306,-1,306,304,307,-1,306,307,308,-1,309,310,311,-1,311,310,312,-1,313,314,315,-1,315,314,316,-1,315,316,317,-1,317,316,318,-1,318,316,319,-1,318,319,320,-1,320,319,321,-1,321,319,322,-1,321,322,323,-1,323,322,324,-1,324,322,325,-1,324,325,326,-1,326,325,327,-1,327,325,311,-1,327,311,328,-1,328,311,312,-1,328,312,329,-1,317,318,330,-1,328,329,331,-1,332,333,334,-1,335,336,337,-1,338,339,340,-1,339,338,341,-1,341,338,342,-1,341,342,343,-1,344,345,346,-1,346,345,336,-1,346,336,347,-1,347,336,335,-1,332,334,348,-1,348,334,349,-1,349,334,350,-1,349,350,351,-1,352,353,354,-1,354,353,355,-1,354,355,356,-1,357,358,352,-1,352,358,359,-1,352,359,353,-1,328,331,327,-1,327,331,360,-1,327,360,361,-1,321,323,362,-1,361,357,327,-1,327,357,352,-1,327,352,326,-1,326,352,324,-1,313,315,363,-1,363,315,364,-1,363,364,365,-1,365,364,366,-1,323,324,362,-1,362,324,352,-1,362,352,350,-1,350,352,354,-1,350,354,351,-1,351,354,356,-1,367,368,366,-1,366,368,369,-1,366,369,365,-1,320,321,370,-1,370,321,362,-1,370,362,371,-1,371,362,350,-1,371,350,337,-1,337,350,334,-1,337,334,335,-1,335,334,333,-1,372,373,367,-1,367,373,374,-1,367,374,368,-1,375,376,372,-1,372,376,377,-1,372,377,373,-1,318,320,330,-1,330,320,370,-1,330,370,378,-1,378,370,371,-1,378,371,379,-1,379,371,337,-1,379,337,380,-1,380,337,336,-1,380,336,342,-1,342,336,345,-1,342,345,343,-1,343,345,344,-1,70,381,382,-1,382,381,383,-1,382,383,375,-1,375,383,384,-1,375,384,376,-1,315,317,364,-1,364,317,330,-1,364,330,366,-1,366,330,378,-1,366,378,367,-1,367,378,379,-1,367,379,372,-1,372,379,380,-1,372,380,375,-1,375,380,342,-1,375,342,382,-1,382,342,338,-1,340,385,338,-1,338,385,69,-1,338,69,382,-1,382,69,71,-1,382,71,70,-1,305,306,386,-1,302,303,387,-1,296,297,388,-1,48,389,390,-1,391,392,393,-1,394,395,396,-1,292,293,397,-1,397,293,294,-1,397,294,398,-1,398,294,399,-1,400,401,402,-1,402,403,400,-1,400,403,404,-1,400,404,294,-1,294,404,405,-1,294,405,399,-1,406,407,401,-1,401,407,408,-1,401,408,402,-1,395,409,396,-1,396,409,410,-1,396,410,411,-1,392,412,393,-1,393,412,413,-1,393,413,414,-1,415,390,416,-1,389,417,390,-1,390,417,418,-1,390,418,416,-1,302,387,300,-1,294,296,400,-1,400,296,388,-1,400,388,401,-1,401,388,411,-1,401,411,406,-1,406,411,410,-1,297,299,388,-1,388,299,419,-1,388,419,411,-1,411,419,420,-1,411,420,396,-1,396,420,414,-1,396,414,394,-1,394,414,413,-1,299,300,419,-1,419,300,387,-1,419,387,420,-1,420,387,421,-1,420,421,414,-1,414,421,422,-1,414,422,393,-1,393,422,415,-1,393,415,391,-1,391,415,416,-1,303,305,387,-1,387,305,386,-1,387,386,421,-1,421,386,423,-1,421,423,422,-1,422,423,424,-1,422,424,415,-1,415,424,425,-1,415,425,390,-1,390,425,426,-1,390,426,48,-1,48,426,46,-1,306,308,386,-1,386,308,427,-1,386,427,423,-1,423,427,428,-1,423,428,424,-1,424,428,429,-1,424,429,425,-1,425,429,430,-1,425,430,426,-1,426,430,431,-1,426,431,46,-1,46,431,47,-1,432,148,433,-1,433,148,147,-1,434,175,435,-1,435,175,172,-1,435,172,436,-1,436,172,169,-1,436,169,166,-1,432,437,148,-1,148,437,438,-1,148,438,159,-1,159,438,436,-1,159,436,163,-1,163,436,166,-1,152,155,439,-1,439,155,440,-1,180,441,442,-1,191,443,177,-1,177,443,444,-1,177,444,155,-1,155,444,445,-1,155,445,440,-1,191,188,443,-1,443,188,185,-1,443,185,442,-1,442,185,182,-1,442,182,180,-1,446,447,289,-1,289,447,448,-1,449,450,307,-1,448,451,289,-1,289,451,452,-1,289,452,291,-1,291,452,453,-1,291,453,295,-1,307,304,449,-1,449,304,301,-1,449,301,453,-1,453,301,298,-1,453,298,295,-1,454,455,456,-1,454,456,457,-1,458,459,460,-1,461,462,463,-1,463,462,464,-1,463,464,456,-1,456,464,465,-1,456,465,457,-1,461,466,462,-1,462,466,467,-1,462,467,460,-1,460,467,468,-1,460,468,458,-1,469,470,471,-1,471,470,472,-1,469,473,470,-1,470,473,474,-1,470,474,475,-1,475,474,476,-1,475,476,477,-1,478,479,480,-1,480,481,478,-1,478,481,482,-1,478,482,476,-1,476,482,483,-1,476,483,477,-1,484,485,486,-1,487,488,489,-1,489,488,490,-1,491,492,493,-1,493,492,494,-1,493,494,486,-1,486,494,495,-1,486,495,484,-1,491,493,496,-1,496,493,497,-1,496,497,488,-1,488,497,498,-1,488,498,490,-1,
        ]
    }
}
Shape{
    appearance Appearance {
        material  Material {
            diffuseColor 0.6039215686274509 0.6039215686274509 0.6039215686274509
            specularColor 0.30196078431372547 0.30196078431372547 0.30196078431372547
            ambientIntensity 0.6039
            transparency 0.0
            shininess 0.5
        }
    }
    geometry IndexedFaceSet {
        ccw TRUE
        solid FALSE
        coord DEF co Coordinate {
            point [
                -357.7396 269.4786 1.7362, -357.7396 269.4786 1.4606, -357.7396 270.5225 1.7362, -357.7396 270.5225 1.4606, -358.0113 271.1817 1.7362, -358.0113 271.1817 1.4606, -358.3302 271.1817 1.4606, -359.8302 271.1817 1.7362, -359.5113 271.1817 1.4606, -359.8302 271.1817 1.4606, -360.1018 270.5225 1.7362, -360.1018 270.5225 1.4606, -360.1018 269.4786 1.7362, -360.1018 269.4786 1.4606, -359.8302 268.8194 1.7362, -359.8302 268.8194 1.4606, -359.5113 268.8194 1.4606, -358.0113 268.8194 1.7362, -358.3302 268.8194 1.4606, -358.0113 268.8194 1.4606
            ]
        }
        coordIndex [
            0,1,2,-1,2,1,3,-1,4,5,6,-1,4,6,7,-1,7,6,8,-1,7,8,9,-1,10,11,12,-1,12,11,13,-1,14,15,16,-1,14,16,17,-1,17,16,18,-1,17,18,19,-1,
        ]
    }
}
Shape{
    appearance Appearance {
        material  Material {
            diffuseColor 0.2235294117647059 0.2235294117647059 0.2235294117647059
            specularColor 0.11372549019607843 0.11372549019607843 0.11372549019607843
            ambientIntensity 0.2235
            transparency 0.0
            shininess 0.5
        }
    }
    geometry IndexedFaceSet {
        ccw TRUE
        solid FALSE
        coord DEF co Coordinate {
            point [
                -358.1909 268.8361 1.4606, -358.0113 268.8194 1.4606, -358.2601 268.8236 1.4606, -358.3302 268.8194 1.4606, -358.1238 268.8567 1.4606, -358.0595 268.8851 1.4606, -357.9807 268.8235 1.4606, -357.9991 268.921 1.4606, -357.9522 268.8353 1.4606, -357.9278 268.854 1.4606, -357.8932 269.0128 1.4606, -357.8932 268.9376 1.4606, -357.9434 268.9637 1.4606, -357.8972 268.907 1.4606, -357.909 268.8785 1.4606, -357.8932 268.9376 0.2795, -357.8932 269.0128 0.2795, -357.9434 268.9637 0.2795, -358.3302 268.8194 0.2795, -358.0113 268.8194 0.2795, -358.2601 268.8236 0.2795, -358.1909 268.8361 0.2795, -357.9522 268.8353 0.2795, -357.9991 268.921 0.2795, -357.9807 268.8235 0.2795, -358.0595 268.8851 0.2795, -358.1238 268.8567 0.2795, -357.9278 268.854 0.2795, -357.909 268.8785 0.2795, -357.8972 268.907 0.2795, -357.9365 269.41 1.2646, -357.9365 269.41 0.4755, -357.9365 269.4348 1.2639, -357.9365 269.4348 0.4762, -357.9365 269.4664 1.2638, -357.9365 269.4664 0.4764, -357.9365 269.4786 1.2638, -357.9365 269.4786 0.4764, -357.9365 270.5225 1.2638, -357.9365 270.5225 0.4764, -357.9365 270.5531 1.2638, -357.9365 270.5531 0.4763, -357.9365 270.5721 1.264, -357.9365 270.5721 0.4761, -357.9365 270.5911 1.2646, -357.9365 270.5911 0.4755, -358.3302 270.9848 1.2638, -358.3302 270.9848 0.4764, -359.5113 270.9848 1.2638, -359.5113 270.9848 0.4764, -359.905 270.5911 1.2646, -359.905 270.5911 0.4755, -359.905 270.5663 1.2639, -359.905 270.5663 0.4762, -359.905 270.5347 1.2638, -359.905 270.5347 0.4764, -359.905 270.5225 1.2638, -359.905 270.5225 0.4764, -359.905 269.4786 1.2638, -359.905 269.4786 0.4764, -359.905 269.448 1.2638, -359.905 269.448 0.4763, -359.905 269.429 1.264, -359.905 269.429 0.4761, -359.905 269.41 1.2646, -359.905 269.41 0.4755, -359.5113 269.0163 1.2638, -359.5113 269.0163 0.4764, -358.3302 269.0163 1.2638, -358.3302 269.0163 0.4764, -359.5113 268.8194 0.2795, -359.8302 268.8194 0.2795, -359.8302 268.8194 0.0827, -359.5549 268.8194 0.0827, -359.2378 268.8194 0.0827, -358.9207 268.8194 0.0827, -358.0113 268.8194 0.0827, -358.2865 268.8194 0.0827, -358.6036 268.8194 0.0827, -360.1018 269.4786 0.0433, -360.1018 269.4786 0.2795, -360.1018 270.5225 0.0433, -360.1018 270.5225 0.2795, -357.7396 270.5225 0.0433, -357.7396 270.5225 0.2795, -357.7396 269.4786 0.0433, -357.7396 269.4786 0.2795, -357.8156 270.6474 0.2795, -357.7742 270.606 0.0433, -357.836 270.6677 0.2795, -357.8586 270.6904 0.0433, -357.8586 270.6904 0.2795, -357.7964 270.6282 0.2795, -357.7784 270.6102 0.2795, -357.7742 270.606 0.2795, -357.8932 271.0635 0.2795, -357.8932 270.9883 0.2795, -357.8932 271.0635 0.0433, -357.8932 270.9838 0.2795, -357.8932 270.9603 0.2795, -357.8932 270.9351 0.2795, -357.8932 270.7739 0.0433, -357.8932 270.908 0.2795, -357.8932 270.8783 0.2795, -357.8932 270.8446 0.2795, -357.8932 270.8093 0.2795, -357.8932 270.7739 0.2795, -357.8561 269.3133 0.2795, -357.8586 269.3107 0.2795, -357.8586 269.3107 0.0433, -357.7742 269.3951 0.2795, -357.792 269.3773 0.2795, -357.7742 269.3951 0.0433, -357.8119 269.3574 0.2795, -357.8332 269.3361 0.2795, -357.8932 269.2272 0.2795, -357.8932 269.1918 0.2795, -357.8932 269.2272 0.0433, -357.8932 269.1565 0.2795, -357.8932 269.1228 0.2795, -357.8932 269.0931 0.2795, -357.8932 268.9376 0.0433, -357.8932 269.066 0.2795, -357.8932 269.0408 0.2795, -357.8932 269.0173 0.2795, -359.9483 270.7739 0.2795, -359.9483 270.8093 0.2795, -359.9483 270.7739 0.0433, -359.9483 270.8446 0.2795, -359.9483 270.8783 0.2795, -359.9483 270.908 0.2795, -359.9483 271.0635 0.0433, -359.9483 270.9351 0.2795, -359.9483 270.9603 0.2795, -359.9483 270.9838 0.2795, -359.9483 270.9883 0.2795, -359.9483 271.0635 0.2795, -359.9854 270.6878 0.2795, -359.9829 270.6904 0.2795, -359.9829 270.6904 0.0433, -360.0672 270.606 0.2795, -360.0495 270.6238 0.2795, -360.0672 270.606 0.0433, -360.0296 270.6437 0.2795, -360.0082 270.665 0.2795, -360.0258 269.3537 0.2795, -360.0672 269.3951 0.0433, -360.0055 269.3334 0.2795, -359.9829 269.3107 0.0433, -359.9829 269.3107 0.2795, -360.045 269.3729 0.2795, -360.0631 269.3909 0.2795, -360.0672 269.3951 0.2795, -359.9483 268.9376 0.2795, -359.9483 269.0128 0.2795, -359.9483 268.9376 0.0433, -359.9483 269.0173 0.2795, -359.9483 269.0408 0.2795, -359.9483 269.066 0.2795, -359.9483 269.2272 0.0433, -359.9483 269.0931 0.2795, -359.9483 269.1228 0.2795, -359.9483 269.1565 0.2795, -359.9483 269.1918 0.2795, -359.9483 269.2272 0.2795
            ]
        }
        coordIndex [
            0,1,2,-1,2,1,3,-1,0,4,1,-1,1,4,5,-1,1,5,6,-1,6,5,7,-1,6,7,8,-1,8,7,9,-1,10,11,12,-1,12,11,13,-1,12,13,7,-1,7,13,14,-1,7,14,9,-1,15,16,17,-1,18,19,20,-1,20,19,21,-1,22,23,24,-1,24,23,25,-1,24,25,19,-1,19,25,26,-1,19,26,21,-1,22,27,23,-1,23,27,28,-1,23,28,17,-1,17,28,29,-1,17,29,15,-1,30,31,32,-1,32,31,33,-1,32,33,34,-1,34,33,35,-1,34,35,36,-1,36,35,37,-1,36,37,38,-1,38,37,39,-1,38,39,40,-1,40,39,41,-1,40,41,42,-1,42,41,43,-1,42,43,44,-1,44,43,45,-1,46,47,48,-1,48,47,49,-1,50,51,52,-1,52,51,53,-1,52,53,54,-1,54,53,55,-1,54,55,56,-1,56,55,57,-1,56,57,58,-1,58,57,59,-1,58,59,60,-1,60,59,61,-1,60,61,62,-1,62,61,63,-1,62,63,64,-1,64,63,65,-1,66,67,68,-1,68,67,69,-1,70,71,72,-1,72,73,70,-1,70,73,74,-1,70,74,18,-1,18,74,75,-1,76,19,77,-1,77,19,18,-1,77,18,78,-1,78,18,75,-1,79,80,81,-1,81,80,82,-1,83,84,85,-1,85,84,86,-1,87,88,89,-1,89,88,90,-1,89,90,91,-1,87,92,88,-1,88,92,93,-1,88,93,94,-1,95,96,97,-1,97,96,98,-1,98,99,97,-1,97,99,100,-1,97,100,101,-1,101,100,102,-1,101,102,103,-1,103,104,101,-1,101,104,105,-1,101,105,106,-1,107,108,109,-1,110,111,112,-1,112,111,113,-1,112,113,109,-1,109,113,114,-1,109,114,107,-1,115,116,117,-1,117,116,118,-1,118,119,117,-1,117,119,120,-1,117,120,121,-1,121,120,122,-1,121,122,123,-1,123,124,121,-1,121,124,16,-1,121,16,15,-1,125,126,127,-1,127,126,128,-1,128,129,127,-1,127,129,130,-1,127,130,131,-1,131,130,132,-1,131,132,133,-1,133,134,131,-1,131,134,135,-1,131,135,136,-1,137,138,139,-1,140,141,142,-1,142,141,143,-1,142,143,139,-1,139,143,144,-1,139,144,137,-1,145,146,147,-1,147,146,148,-1,147,148,149,-1,145,150,146,-1,146,150,151,-1,146,151,152,-1,153,154,155,-1,155,154,156,-1,156,157,155,-1,155,157,158,-1,155,158,159,-1,159,158,160,-1,159,160,161,-1,161,162,159,-1,159,162,163,-1,159,163,164,-1,
        ]
    }
}
Shape{
    appearance Appearance {
        material  Material {
            diffuseColor 0.6039215686274509 0.6039215686274509 0.6039215686274509
            specularColor 0.30196078431372547 0.30196078431372547 0.30196078431372547
            ambientIntensity 0.6039
            transparency 0.0
            shininess 0.5
        }
    }
    geometry IndexedFaceSet {
        ccw TRUE
        solid FALSE
        coord DEF co Coordinate {
            point [
                -360.0495 270.6238 1.4606, -360.0672 270.606 1.4606, -360.0672 270.606 1.7362, -359.9829 270.6904 1.4606, -359.9854 270.6878 1.4606, -359.9829 270.6904 1.7362, -360.0082 270.665 1.4606, -360.0296 270.6437 1.4606, -359.9483 271.0635 1.4606, -359.9483 270.9883 1.4606, -359.9483 271.0635 1.7362, -359.9483 270.9838 1.4606, -359.9483 270.9603 1.4606, -359.9483 270.9351 1.4606, -359.9483 270.7739 1.7362, -359.9483 270.908 1.4606, -359.9483 270.8783 1.4606, -359.9483 270.8446 1.4606, -359.9483 270.8093 1.4606, -359.9483 270.7739 1.4606, -357.8932 270.7739 1.4606, -357.8932 270.8093 1.4606, -357.8932 270.7739 1.7362, -357.8932 270.8446 1.4606, -357.8932 270.8783 1.4606, -357.8932 270.908 1.4606, -357.8932 271.0635 1.7362, -357.8932 270.9351 1.4606, -357.8932 270.9603 1.4606, -357.8932 270.9838 1.4606, -357.8932 270.9883 1.4606, -357.8932 271.0635 1.4606, -357.7742 270.606 1.4606, -357.7784 270.6102 1.4606, -357.7742 270.606 1.7362, -357.7964 270.6282 1.4606, -357.8586 270.6904 1.4606, -357.8586 270.6904 1.7362, -357.836 270.6677 1.4606, -357.8156 270.6474 1.4606, -357.8932 268.9376 1.4606, -357.8932 269.0128 1.4606, -357.8932 268.9376 1.7362, -357.8932 269.0173 1.4606, -357.8932 269.0408 1.4606, -357.8932 269.066 1.4606, -357.8932 269.2272 1.7362, -357.8932 269.0931 1.4606, -357.8932 269.1228 1.4606, -357.8932 269.1565 1.4606, -357.8932 269.1918 1.4606, -357.8932 269.2272 1.4606, -357.792 269.3773 1.4606, -357.7742 269.3951 1.4606, -357.7742 269.3951 1.7362, -357.8586 269.3107 1.4606, -357.8561 269.3133 1.4606, -357.8586 269.3107 1.7362, -357.8332 269.3361 1.4606, -357.8119 269.3574 1.4606, -359.9483 269.2272 1.4606, -359.9483 269.1918 1.4606, -359.9483 269.2272 1.7362, -359.9483 269.1565 1.4606, -359.9483 269.1228 1.4606, -359.9483 269.0931 1.4606, -359.9483 268.9376 1.7362, -359.9483 269.066 1.4606, -359.9483 269.0408 1.4606, -359.9483 269.0173 1.4606, -359.9483 269.0128 1.4606, -359.9483 268.9376 1.4606, -360.0672 269.3951 1.4606, -360.0631 269.3909 1.4606, -360.0672 269.3951 1.7362, -360.045 269.3729 1.4606, -359.9829 269.3107 1.4606, -359.9829 269.3107 1.7362, -360.0055 269.3334 1.4606, -360.0258 269.3537 1.4606
            ]
        }
        coordIndex [
            0,1,2,-1,3,4,5,-1,5,4,6,-1,5,6,2,-1,2,6,7,-1,2,7,0,-1,8,9,10,-1,10,9,11,-1,11,12,10,-1,10,12,13,-1,10,13,14,-1,14,13,15,-1,14,15,16,-1,16,17,14,-1,14,17,18,-1,14,18,19,-1,20,21,22,-1,22,21,23,-1,23,24,22,-1,22,24,25,-1,22,25,26,-1,26,25,27,-1,26,27,28,-1,28,29,26,-1,26,29,30,-1,26,30,31,-1,32,33,34,-1,34,33,35,-1,36,37,38,-1,38,37,34,-1,38,34,39,-1,39,34,35,-1,40,41,42,-1,42,41,43,-1,43,44,42,-1,42,44,45,-1,42,45,46,-1,46,45,47,-1,46,47,48,-1,48,49,46,-1,46,49,50,-1,46,50,51,-1,52,53,54,-1,55,56,57,-1,57,56,58,-1,57,58,54,-1,54,58,59,-1,54,59,52,-1,60,61,62,-1,62,61,63,-1,63,64,62,-1,62,64,65,-1,62,65,66,-1,66,65,67,-1,66,67,68,-1,68,69,66,-1,66,69,70,-1,66,70,71,-1,72,73,74,-1,74,73,75,-1,76,77,78,-1,78,77,74,-1,78,74,79,-1,79,74,75,-1,
        ]
    }
}
Shape{
    appearance Appearance {
        material  Material {
            diffuseColor 0.2235294117647059 0.2235294117647059 0.2235294117647059
            specularColor 0.11372549019607843 0.11372549019607843 0.11372549019607843
            ambientIntensity 0.2235
            transparency 0.0
            shininess 0.5
        }
    }
    geometry IndexedFaceSet {
        ccw TRUE
        solid FALSE
        coord DEF co Coordinate {
            point [
                -359.8185 269.1638 1.2652, -359.8185 269.1638 0.4749, -359.8053 269.1482 1.2638, -359.8053 269.1482 0.4763, -359.8026 269.1452 0.4764, -359.5113 269.0163 0.4764, -359.5113 269.0163 1.2638, -359.558 269.0191 0.4764, -359.558 269.0191 1.2638, -359.588 269.0245 0.4764, -359.588 269.0245 1.2638, -359.6041 269.0274 0.4764, -359.6041 269.0274 1.2638, -359.6489 269.0411 0.4764, -359.6489 269.0411 1.2638, -359.6617 269.0468 0.4764, -359.6617 269.0468 1.2638, -359.6917 269.0601 0.4764, -359.6917 269.0601 1.2638, -359.7299 269.0828 0.4764, -359.7299 269.0828 1.2638, -359.732 269.084 0.4764, -359.732 269.084 1.2638, -359.7691 269.1125 0.4764, -359.7691 269.1125 1.2638, -359.7892 269.1321 0.4764, -359.7892 269.1321 1.2638, -359.8026 269.1452 1.2638, -359.8385 269.1914 0.4686, -359.8313 269.1807 0.4716, -359.8385 269.1914 1.2715, -359.8313 269.1807 1.2685, -359.8749 269.2594 1.2965, -359.8749 269.2594 0.4437, -359.8669 269.241 0.4512, -359.8435 269.1987 0.4666, -359.8435 269.1987 1.2736, -359.8553 269.2185 1.2803, -359.8553 269.2185 0.4598, -359.8669 269.241 1.289, -359.8771 269.2645 1.2986, -359.8968 269.33 0.4546, -359.8916 269.3081 0.4443, -359.8851 269.2866 0.4326, -359.8771 269.2645 0.4416, -359.9045 269.3899 0.4732, -359.9033 269.3732 1.2705, -359.9037 269.3783 1.2693, -359.905 269.41 1.2646, -359.905 269.41 0.4755, -359.9045 269.3899 1.267, -359.9043 269.3864 1.2676, -359.9037 269.3783 0.4709, -359.9033 269.3732 0.4696, -359.9006 269.3517 1.2771, -359.9006 269.3517 0.4631, -359.8973 269.3332 1.2843, -359.8973 269.3332 0.4558, -359.8968 269.33 1.2856, -359.8916 269.3081 1.2959, -359.8851 269.2866 1.3076, -359.9043 269.3864 0.4726, -357.9441 269.3332 0.4559, -357.9438 269.3342 0.4563, -357.9441 269.3332 1.2843, -357.9401 269.3569 0.4648, -357.9438 269.3342 1.2838, -357.9365 269.41 0.4755, -357.9365 269.41 1.2646, -357.937 269.3899 0.4732, -357.937 269.3899 1.267, -357.9372 269.3864 0.4726, -357.9378 269.3783 0.4709, -357.9372 269.3864 1.2676, -357.9378 269.3783 1.2693, -357.9401 269.3569 1.2753, -357.9491 269.311 0.4457, -357.9491 269.311 1.2944, -357.956 269.2874 0.4331, -357.9563 269.2866 0.4326, -357.9643 269.2645 0.4416, -357.9666 269.2594 0.4437, -357.956 269.2874 1.3071, -357.9563 269.2866 1.3076, -357.9643 269.2645 1.2986, -357.9666 269.2594 1.2965, -357.9746 269.241 1.289, -358.0029 269.1914 1.2715, -358.0029 269.1914 0.4686, -357.998 269.1987 1.2736, -357.998 269.1987 0.4666, -357.9862 269.2185 0.4598, -357.9862 269.2185 1.2803, -357.9746 269.241 0.4512, -358.0229 269.1638 0.4749, -358.0229 269.1638 1.2652, -358.0361 269.1482 1.2638, -358.0102 269.1807 1.2685, -358.0102 269.1807 0.4716, -358.3302 269.0163 1.2638, -358.3302 269.0163 0.4764, -358.2834 269.0191 1.2638, -358.2834 269.0191 0.4764, -358.2535 269.0245 1.2638, -358.2535 269.0245 0.4764, -358.2374 269.0274 1.2638, -358.2374 269.0274 0.4764, -358.1926 269.0411 1.2638, -358.1926 269.0411 0.4764, -358.1798 269.0468 1.2638, -358.1798 269.0468 0.4764, -358.1498 269.0601 1.2638, -358.1498 269.0601 0.4764, -358.1115 269.0828 1.2638, -358.1115 269.0828 0.4764, -358.1095 269.084 1.2638, -358.1095 269.084 0.4764, -358.0723 269.1125 1.2638, -358.0723 269.1125 0.4764, -358.0523 269.1321 1.2638, -358.0523 269.1321 0.4764, -358.0388 269.1452 1.2638, -358.0388 269.1452 0.4764, -358.0361 269.1482 0.4763, -357.9408 270.6494 0.4631, -357.9441 270.6679 0.4558, -357.9441 270.6679 1.2843, -358.0229 270.8373 1.2652, -358.0229 270.8373 0.4749, -358.0361 270.8529 1.2638, -358.0361 270.8529 0.4763, -358.0388 270.8559 0.4764, -358.3302 270.9848 0.4764, -358.3302 270.9848 1.2638, -358.2834 270.982 0.4764, -358.2834 270.982 1.2638, -358.2535 270.9766 0.4764, -358.2535 270.9766 1.2638, -358.2374 270.9737 0.4764, -358.2374 270.9737 1.2638, -358.1926 270.96 0.4764, -358.1926 270.96 1.2638, -358.1798 270.9543 0.4764, -358.1798 270.9543 1.2638, -358.1498 270.941 0.4764, -358.1498 270.941 1.2638, -358.1115 270.9183 0.4764, -358.1115 270.9183 1.2638, -358.1095 270.9171 0.4764, -358.1095 270.9171 1.2638, -358.0723 270.8886 0.4764, -358.0723 270.8886 1.2638, -358.0523 270.869 0.4764, -358.0523 270.869 1.2638, -358.0388 270.8559 1.2638, -358.0029 270.8097 0.4686, -358.0102 270.8204 0.4716, -358.0029 270.8097 1.2715, -358.0102 270.8204 1.2685, -357.9666 270.7417 1.2965, -357.9666 270.7417 0.4437, -357.9746 270.7601 0.4512, -357.998 270.8024 0.4666, -357.998 270.8024 1.2736, -357.9862 270.7826 1.2803, -357.9862 270.7826 0.4598, -357.9746 270.7601 1.289, -357.9447 270.6711 1.2856, -357.9447 270.6711 0.4546, -357.9499 270.693 1.2959, -357.9563 270.7145 1.3076, -357.9643 270.7366 1.2986, -357.9499 270.693 0.4443, -357.9563 270.7145 0.4326, -357.9643 270.7366 0.4416, -357.9408 270.6494 1.2771, -357.9382 270.6279 1.2705, -357.9378 270.6228 1.2693, -357.9372 270.6147 1.2676, -357.937 270.6112 1.267, -357.9382 270.6279 0.4696, -357.9365 270.5911 1.2646, -357.9365 270.5911 0.4755, -357.937 270.6112 0.4732, -357.9372 270.6147 0.4726, -357.9378 270.6228 0.4709, -359.9014 270.6442 0.4648, -359.8974 270.6679 1.2843, -359.8976 270.6669 0.4563, -359.8974 270.6679 0.4559, -359.905 270.5911 0.4755, -359.905 270.5911 1.2646, -359.9045 270.6112 0.4732, -359.9045 270.6112 1.267, -359.9043 270.6147 1.2676, -359.9037 270.6228 1.2693, -359.9043 270.6147 0.4726, -359.9037 270.6228 0.4709, -359.9014 270.6442 1.2753, -359.8976 270.6669 1.2838, -359.8923 270.6901 0.4457, -359.8923 270.6901 1.2944, -359.8854 270.7137 0.4331, -359.8851 270.7145 0.4326, -359.8771 270.7366 0.4416, -359.8749 270.7417 0.4437, -359.8854 270.7137 1.3071, -359.8851 270.7145 1.3076, -359.8771 270.7366 1.2986, -359.8749 270.7417 1.2965, -359.8669 270.7601 1.289, -359.8553 270.7826 1.2803, -359.8435 270.8024 1.2736, -359.8669 270.7601 0.4512, -359.8553 270.7826 0.4598, -359.8385 270.8097 1.2715, -359.8313 270.8204 1.2685, -359.8185 270.8373 0.4749, -359.8185 270.8373 1.2652, -359.8053 270.8529 1.2638, -359.8313 270.8204 0.4716, -359.8385 270.8097 0.4686, -359.8435 270.8024 0.4666, -359.5113 270.9848 1.2638, -359.5113 270.9848 0.4764, -359.558 270.982 1.2638, -359.558 270.982 0.4764, -359.588 270.9766 1.2638, -359.588 270.9766 0.4764, -359.6041 270.9737 1.2638, -359.6041 270.9737 0.4764, -359.6489 270.96 1.2638, -359.6489 270.96 0.4764, -359.6617 270.9543 1.2638, -359.6617 270.9543 0.4764, -359.6917 270.941 1.2638, -359.6917 270.941 0.4764, -359.7299 270.9183 1.2638, -359.7299 270.9183 0.4764, -359.732 270.9171 1.2638, -359.732 270.9171 0.4764, -359.7691 270.8886 1.2638, -359.7691 270.8886 0.4764, -359.7892 270.869 1.2638, -359.7892 270.869 0.4764, -359.8026 270.8559 1.2638, -359.8026 270.8559 0.4764, -359.8053 270.8529 0.4763
            ]
        }
        coordIndex [
            0,1,2,-1,2,1,3,-1,2,3,4,-1,5,6,7,-1,7,6,8,-1,7,8,9,-1,9,8,10,-1,9,10,11,-1,11,10,12,-1,11,12,13,-1,13,12,14,-1,13,14,15,-1,15,14,16,-1,15,16,17,-1,17,16,18,-1,17,18,19,-1,19,18,20,-1,19,20,21,-1,21,20,22,-1,21,22,23,-1,23,22,24,-1,23,24,25,-1,25,24,26,-1,25,26,4,-1,4,26,27,-1,4,27,2,-1,28,29,30,-1,30,29,1,-1,30,1,31,-1,31,1,0,-1,32,33,34,-1,28,30,35,-1,35,30,36,-1,35,36,37,-1,34,38,32,-1,32,38,35,-1,32,35,39,-1,39,35,37,-1,40,41,32,-1,32,41,42,-1,42,43,32,-1,32,43,44,-1,32,44,33,-1,45,46,47,-1,48,49,50,-1,50,49,45,-1,50,45,51,-1,51,45,47,-1,52,53,54,-1,54,53,55,-1,54,55,56,-1,56,55,57,-1,56,57,58,-1,58,57,41,-1,58,41,59,-1,59,41,40,-1,59,40,60,-1,46,45,54,-1,54,45,61,-1,54,61,52,-1,62,63,64,-1,64,63,65,-1,64,65,66,-1,67,68,69,-1,69,68,70,-1,69,70,71,-1,71,70,72,-1,70,73,72,-1,72,73,74,-1,72,74,65,-1,65,74,75,-1,65,75,66,-1,62,64,76,-1,76,64,77,-1,76,77,78,-1,79,78,80,-1,80,78,77,-1,80,77,81,-1,81,77,82,-1,81,82,83,-1,83,84,81,-1,81,84,85,-1,81,85,86,-1,87,88,89,-1,89,88,90,-1,89,90,91,-1,86,92,81,-1,81,92,89,-1,81,89,93,-1,93,89,91,-1,94,95,96,-1,87,97,88,-1,88,97,95,-1,88,95,98,-1,98,95,94,-1,99,100,101,-1,101,100,102,-1,101,102,103,-1,103,102,104,-1,103,104,105,-1,105,104,106,-1,105,106,107,-1,107,106,108,-1,107,108,109,-1,109,108,110,-1,109,110,111,-1,111,110,112,-1,111,112,113,-1,113,112,114,-1,113,114,115,-1,115,114,116,-1,115,116,117,-1,117,116,118,-1,117,118,119,-1,119,118,120,-1,119,120,121,-1,121,120,122,-1,121,122,96,-1,96,122,123,-1,96,123,94,-1,124,125,126,-1,127,128,129,-1,129,128,130,-1,129,130,131,-1,132,133,134,-1,134,133,135,-1,134,135,136,-1,136,135,137,-1,136,137,138,-1,138,137,139,-1,138,139,140,-1,140,139,141,-1,140,141,142,-1,142,141,143,-1,142,143,144,-1,144,143,145,-1,144,145,146,-1,146,145,147,-1,146,147,148,-1,148,147,149,-1,148,149,150,-1,150,149,151,-1,150,151,152,-1,152,151,153,-1,152,153,131,-1,131,153,154,-1,131,154,129,-1,155,156,157,-1,157,156,128,-1,157,128,158,-1,158,128,127,-1,159,160,161,-1,155,157,162,-1,162,157,163,-1,162,163,164,-1,161,165,159,-1,159,165,162,-1,159,162,166,-1,166,162,164,-1,126,125,167,-1,167,125,168,-1,167,168,169,-1,170,169,171,-1,171,169,168,-1,171,168,159,-1,159,168,172,-1,172,173,159,-1,159,173,174,-1,159,174,160,-1,126,175,124,-1,124,175,176,-1,124,176,177,-1,177,178,124,-1,124,178,179,-1,124,179,180,-1,181,182,179,-1,179,182,183,-1,183,184,179,-1,179,184,185,-1,179,185,180,-1,186,187,188,-1,188,187,189,-1,190,191,192,-1,192,191,193,-1,193,194,192,-1,192,194,195,-1,192,195,196,-1,196,195,197,-1,197,195,198,-1,197,198,186,-1,186,198,199,-1,186,199,187,-1,189,187,200,-1,200,187,201,-1,200,201,202,-1,203,202,204,-1,204,202,201,-1,204,201,205,-1,205,201,206,-1,205,206,207,-1,207,208,205,-1,205,208,209,-1,205,209,210,-1,210,211,205,-1,205,211,212,-1,205,212,213,-1,213,212,214,-1,215,216,217,-1,217,216,218,-1,217,218,219,-1,217,220,215,-1,215,220,221,-1,215,221,212,-1,212,221,222,-1,212,222,214,-1,223,224,225,-1,225,224,226,-1,225,226,227,-1,227,226,228,-1,227,228,229,-1,229,228,230,-1,229,230,231,-1,231,230,232,-1,231,232,233,-1,233,232,234,-1,233,234,235,-1,235,234,236,-1,235,236,237,-1,237,236,238,-1,237,238,239,-1,239,238,240,-1,239,240,241,-1,241,240,242,-1,241,242,243,-1,243,242,244,-1,243,244,245,-1,245,244,246,-1,245,246,219,-1,219,246,247,-1,219,247,217,-1,
        ]
    }
}
Shape{
    appearance Appearance {
        material  Material {
            diffuseColor 0.6039215686274509 0.6039215686274509 0.6039215686274509
            specularColor 0.30196078431372547 0.30196078431372547 0.30196078431372547
            ambientIntensity 0.6039
            transparency 0.0
            shininess 0.5
        }
    }
    geometry IndexedFaceSet {
        ccw TRUE
        solid FALSE
        coord DEF co Coordinate {
            point [
                -357.8586 270.6904 1.7362, -357.8586 270.6904 1.4606, -357.8634 270.6955 1.4606, -357.8718 270.7065 1.7362, -357.8713 270.7068 1.4606, -357.8733 270.7083 1.7362, -357.8726 270.7088 1.4606, -357.8792 270.7183 1.4606, -357.8842 270.7287 1.7362, -357.8932 270.7739 1.4606, -357.8932 270.7739 1.7362, -357.8906 270.7532 1.4606, -357.8911 270.7531 1.7362, -357.8903 270.7509 1.4606, -357.8909 270.7508 1.7362, -357.8896 270.7453 1.4606, -357.8833 270.729 1.4606, -359.9506 270.7508 1.7362, -359.9503 270.7531 1.7362, -359.951 270.7533 1.4606, -359.9485 270.7668 1.4606, -359.9483 270.7739 1.7362, -359.9483 270.7739 1.4606, -359.9514 270.7509 1.4606, -359.9534 270.7396 1.4606, -359.9573 270.7287 1.7362, -359.9581 270.7291 1.4606, -359.9682 270.7083 1.7362, -359.9829 270.6904 1.4606, -359.9829 270.6904 1.7362, -359.9701 270.7068 1.4606, -359.9697 270.7065 1.7362, -359.9686 270.7087 1.4606, -359.9652 270.7131 1.4606, -360.1018 270.5225 1.4606, -360.1018 270.5225 1.7362, -360.1006 270.5346 1.4606, -360.0996 270.5455 1.7362, -360.0928 270.5677 1.7362, -360.0941 270.5635 1.4606, -360.0996 270.5455 1.4606, -360.0819 270.5881 1.7362, -360.0858 270.5818 1.4606, -360.0928 270.5677 1.4606, -360.0672 270.606 1.4606, -360.0717 270.6006 1.4606, -360.0672 270.606 1.7362, -360.0736 270.5982 1.4606, -360.0819 270.5881 1.4606, -360.0717 269.4005 1.4606, -360.0672 269.3951 1.4606, -360.0672 269.3951 1.7362, -360.0926 269.4329 1.4606, -360.0858 269.4193 1.4606, -360.0819 269.413 1.7362, -360.0819 269.413 1.4606, -360.0736 269.4029 1.4606, -360.0928 269.4334 1.4606, -360.0928 269.4334 1.7362, -360.0976 269.4491 1.4606, -360.0996 269.4556 1.7362, -360.0996 269.4556 1.4606, -360.1018 269.4786 1.7362, -360.1018 269.4786 1.4606, -359.9623 269.2828 1.4606, -359.9573 269.2724 1.7362, -359.9688 269.2923 1.4606, -359.9682 269.2928 1.7362, -359.9702 269.2943 1.4606, -359.9697 269.2946 1.7362, -359.978 269.3056 1.4606, -359.9829 269.3107 1.7362, -359.9829 269.3107 1.4606, -359.9483 269.2272 1.4606, -359.9483 269.2272 1.7362, -359.9509 269.2479 1.4606, -359.9503 269.248 1.7362, -359.9512 269.2502 1.4606, -359.9506 269.2503 1.7362, -359.9519 269.2558 1.4606, -359.9581 269.2721 1.4606, -357.7698 270.6006 1.4606, -357.7742 270.606 1.4606, -357.7742 270.606 1.7362, -357.7489 270.5682 1.4606, -357.7556 270.5818 1.4606, -357.7595 270.5881 1.7362, -357.7595 270.5881 1.4606, -357.7678 270.5982 1.4606, -357.7486 270.5677 1.4606, -357.7486 270.5677 1.7362, -357.7439 270.552 1.4606, -357.7419 270.5455 1.7362, -357.7419 270.5455 1.4606, -357.7396 270.5225 1.7362, -357.7396 270.5225 1.4606
            ]
        }
        coordIndex [
            0,1,2,-1,0,2,3,-1,3,2,4,-1,3,4,5,-1,4,6,5,-1,5,6,7,-1,5,7,8,-1,9,10,11,-1,11,10,12,-1,11,12,13,-1,13,12,14,-1,13,14,15,-1,15,14,8,-1,15,8,16,-1,16,8,7,-1,17,18,19,-1,19,18,20,-1,20,18,21,-1,20,21,22,-1,19,23,17,-1,17,23,24,-1,17,24,25,-1,25,24,26,-1,25,26,27,-1,28,29,30,-1,30,29,31,-1,30,31,32,-1,32,31,27,-1,32,27,33,-1,33,27,26,-1,34,35,36,-1,36,35,37,-1,38,39,37,-1,37,39,40,-1,37,40,36,-1,41,42,38,-1,38,42,43,-1,38,43,39,-1,44,45,46,-1,46,45,47,-1,46,47,41,-1,41,47,48,-1,41,48,42,-1,49,50,51,-1,52,53,54,-1,54,53,55,-1,54,55,51,-1,51,55,56,-1,51,56,49,-1,52,54,57,-1,57,54,58,-1,57,58,59,-1,59,58,60,-1,59,60,61,-1,61,60,62,-1,61,62,63,-1,64,65,66,-1,66,65,67,-1,66,67,68,-1,68,67,69,-1,68,69,70,-1,70,69,71,-1,70,71,72,-1,73,74,75,-1,75,74,76,-1,75,76,77,-1,77,76,78,-1,77,78,79,-1,79,78,65,-1,79,65,80,-1,80,65,64,-1,81,82,83,-1,84,85,86,-1,86,85,87,-1,86,87,83,-1,83,87,88,-1,83,88,81,-1,84,86,89,-1,89,86,90,-1,89,90,91,-1,91,90,92,-1,91,92,93,-1,93,92,94,-1,93,94,95,-1,
        ]
    }
}
Shape{
    appearance Appearance {
        material  Material {
            diffuseColor 0.2235294117647059 0.2235294117647059 0.2235294117647059
            specularColor 0.11372549019607843 0.11372549019607843 0.11372549019607843
            ambientIntensity 0.2235
            transparency 0.0
            shininess 0.5
        }
    }
    geometry IndexedFaceSet {
        ccw TRUE
        solid FALSE
        coord DEF co Coordinate {
            point [
                -360.0672 269.3951 0.2795, -360.0717 269.4005 0.2795, -360.0672 269.3951 0.0433, -360.0736 269.4029 0.2795, -360.0819 269.413 0.0433, -360.0926 269.4329 0.2795, -360.0928 269.4334 0.0433, -360.0858 269.4193 0.2795, -360.0819 269.413 0.2795, -360.0928 269.4334 0.2795, -360.0976 269.4491 0.2795, -360.0996 269.4556 0.0433, -360.0996 269.4556 0.2795, -360.1018 269.4786 0.2795, -360.1018 269.4786 0.0433, -360.0717 270.6006 0.2795, -360.0672 270.606 0.2795, -360.0672 270.606 0.0433, -360.1018 270.5225 0.2795, -360.1006 270.5346 0.2795, -360.1018 270.5225 0.0433, -360.0996 270.5455 0.0433, -360.0996 270.5455 0.2795, -360.0941 270.5635 0.2795, -360.0928 270.5677 0.0433, -360.0928 270.5677 0.2795, -360.0858 270.5818 0.2795, -360.0819 270.5881 0.0433, -360.0819 270.5881 0.2795, -360.0736 270.5982 0.2795, -359.9483 270.7739 0.2795, -359.9483 270.7739 0.0433, -359.9509 270.7532 0.2795, -359.9503 270.7531 0.0433, -359.9512 270.7509 0.2795, -359.9506 270.7508 0.0433, -359.9519 270.7453 0.2795, -359.9573 270.7287 0.0433, -359.9581 270.729 0.2795, -359.9623 270.7183 0.2795, -359.9688 270.7088 0.2795, -359.9682 270.7083 0.0433, -359.9702 270.7068 0.2795, -359.9697 270.7065 0.0433, -359.978 270.6955 0.2795, -359.9829 270.6904 0.0433, -359.9829 270.6904 0.2795, -357.8932 270.7739 0.0433, -357.8932 270.7739 0.2795, -357.893 270.7668 0.2795, -357.8586 270.6904 0.2795, -357.8586 270.6904 0.0433, -357.8714 270.7068 0.2795, -357.8718 270.7065 0.0433, -357.8728 270.7087 0.2795, -357.8733 270.7083 0.0433, -357.8763 270.7131 0.2795, -357.8842 270.7287 0.0433, -357.8911 270.7531 0.0433, -357.8905 270.7533 0.2795, -357.8909 270.7508 0.0433, -357.8901 270.7509 0.2795, -357.888 270.7396 0.2795, -357.8834 270.7291 0.2795, -359.9506 269.2503 0.0433, -359.9503 269.248 0.0433, -359.951 269.2478 0.2795, -359.9485 269.2343 0.2795, -359.9483 269.2272 0.0433, -359.9483 269.2272 0.2795, -359.9829 269.3107 0.2795, -359.9829 269.3107 0.0433, -359.9701 269.2943 0.2795, -359.9697 269.2946 0.0433, -359.9686 269.2924 0.2795, -359.9682 269.2928 0.0433, -359.9514 269.2502 0.2795, -359.9534 269.2615 0.2795, -359.9573 269.2724 0.0433, -359.9581 269.2721 0.2795, -359.9652 269.288 0.2795, -357.7595 270.5881 0.2795, -357.7595 270.5881 0.0433, -357.7678 270.5982 0.2795, -357.7742 270.606 0.0433, -357.7698 270.6006 0.2795, -357.7742 270.606 0.2795, -357.7556 270.5818 0.2795, -357.7489 270.5682 0.2795, -357.7486 270.5677 0.0433, -357.7486 270.5677 0.2795, -357.7439 270.552 0.2795, -357.7419 270.5455 0.0433, -357.7419 270.5455 0.2795, -357.7396 270.5225 0.2795, -357.7396 270.5225 0.0433, -357.8586 269.3107 0.0433, -357.8586 269.3107 0.2795, -357.8634 269.3056 0.2795, -357.8932 269.2272 0.2795, -357.8932 269.2272 0.0433, -357.8906 269.2479 0.2795, -357.8911 269.248 0.0433, -357.8903 269.2502 0.2795, -357.8909 269.2503 0.0433, -357.8896 269.2558 0.2795, -357.8842 269.2724 0.0433, -357.8833 269.2721 0.2795, -357.8718 269.2946 0.0433, -357.8713 269.2943 0.2795, -357.8733 269.2928 0.0433, -357.8726 269.2923 0.2795, -357.8792 269.2828 0.2795, -357.7698 269.4005 0.2795, -357.7742 269.3951 0.2795, -357.7742 269.3951 0.0433, -357.7396 269.4786 0.2795, -357.7408 269.4665 0.2795, -357.7396 269.4786 0.0433, -357.7419 269.4556 0.0433, -357.7419 269.4556 0.2795, -357.7473 269.4376 0.2795, -357.7486 269.4334 0.0433, -357.7486 269.4334 0.2795, -357.7556 269.4193 0.2795, -357.7595 269.413 0.0433, -357.7595 269.413 0.2795, -357.7678 269.4029 0.2795
            ]
        }
        coordIndex [
            0,1,2,-1,2,1,3,-1,2,3,4,-1,5,6,7,-1,7,6,4,-1,7,4,8,-1,8,4,3,-1,5,9,6,-1,6,9,10,-1,6,10,11,-1,10,12,11,-1,11,12,13,-1,11,13,14,-1,15,16,17,-1,18,19,20,-1,20,19,21,-1,19,22,21,-1,21,22,23,-1,21,23,24,-1,23,25,24,-1,24,25,26,-1,24,26,27,-1,27,26,28,-1,27,28,17,-1,17,28,29,-1,17,29,15,-1,30,31,32,-1,32,31,33,-1,32,33,34,-1,34,33,35,-1,34,35,36,-1,36,35,37,-1,36,37,38,-1,38,37,39,-1,39,37,40,-1,40,37,41,-1,40,41,42,-1,42,41,43,-1,42,43,44,-1,44,43,45,-1,44,45,46,-1,47,48,49,-1,50,51,52,-1,52,51,53,-1,52,53,54,-1,54,53,55,-1,54,55,56,-1,56,55,57,-1,47,49,58,-1,58,49,59,-1,58,59,60,-1,59,61,60,-1,60,61,62,-1,60,62,57,-1,57,62,63,-1,57,63,56,-1,64,65,66,-1,66,65,67,-1,67,65,68,-1,67,68,69,-1,70,71,72,-1,72,71,73,-1,72,73,74,-1,74,73,75,-1,66,76,64,-1,64,76,77,-1,64,77,78,-1,78,77,79,-1,78,79,75,-1,75,79,80,-1,75,80,74,-1,81,82,83,-1,83,82,84,-1,83,84,85,-1,85,84,86,-1,81,87,82,-1,82,87,88,-1,82,88,89,-1,88,90,89,-1,89,90,91,-1,89,91,92,-1,91,93,92,-1,92,93,94,-1,92,94,95,-1,96,97,98,-1,99,100,101,-1,101,100,102,-1,101,102,103,-1,103,102,104,-1,103,104,105,-1,105,104,106,-1,105,106,107,-1,96,98,108,-1,108,98,109,-1,108,109,110,-1,110,109,111,-1,110,111,106,-1,106,111,112,-1,106,112,107,-1,113,114,115,-1,116,117,118,-1,118,117,119,-1,117,120,119,-1,119,120,121,-1,119,121,122,-1,121,123,122,-1,122,123,124,-1,122,124,125,-1,125,124,126,-1,125,126,115,-1,115,126,127,-1,115,127,113,-1,
        ]
    }
}
Shape{
    appearance Appearance {
        material  Material {
            diffuseColor 0.6039215686274509 0.6039215686274509 0.6039215686274509
            specularColor 0.30196078431372547 0.30196078431372547 0.30196078431372547
            ambientIntensity 0.6039
            transparency 0.0
            shininess 0.5
        }
    }
    geometry IndexedFaceSet {
        ccw TRUE
        solid FALSE
        coord DEF co Coordinate {
            point [
                -357.7396 269.4786 1.4606, -357.7396 269.4786 1.7362, -357.7408 269.4665 1.4606, -357.7419 269.4556 1.7362, -357.7486 269.4334 1.7362, -357.7473 269.4376 1.4606, -357.7419 269.4556 1.4606, -357.7595 269.413 1.7362, -357.7556 269.4193 1.4606, -357.7486 269.4334 1.4606, -357.7742 269.3951 1.4606, -357.7698 269.4005 1.4606, -357.7742 269.3951 1.7362, -357.7678 269.4029 1.4606, -357.7595 269.413 1.4606, -357.8932 269.2272 1.7362, -357.8932 269.2272 1.4606, -357.893 269.2343 1.4606, -357.8911 269.248 1.7362, -357.8905 269.2478 1.4606, -357.8909 269.2503 1.7362, -357.8901 269.2502 1.4606, -357.888 269.2615 1.4606, -357.8842 269.2724 1.7362, -357.8834 269.2721 1.4606, -357.8733 269.2928 1.7362, -357.8586 269.3107 1.4606, -357.8586 269.3107 1.7362, -357.8714 269.2943 1.4606, -357.8718 269.2946 1.7362, -357.8728 269.2924 1.4606, -357.8763 269.288 1.4606, -357.8932 268.9376 1.4606, -357.8932 268.9376 1.7362, -357.8972 268.907 1.7362, -357.8972 268.907 1.4606, -357.909 268.8785 1.7362, -357.909 268.8785 1.4606, -357.9278 268.854 1.7362, -357.9278 268.854 1.4606, -357.9522 268.8353 1.7362, -357.9522 268.8353 1.4606, -357.9807 268.8235 1.7362, -357.9807 268.8235 1.4606, -358.0113 268.8194 1.7362, -358.0113 268.8194 1.4606, -359.8302 268.8194 1.4606, -359.8302 268.8194 1.7362, -359.8607 268.8235 1.7362, -359.8607 268.8235 1.4606, -359.8892 268.8353 1.7362, -359.8892 268.8353 1.4606, -359.9137 268.854 1.7362, -359.9137 268.854 1.4606, -359.9325 268.8785 1.7362, -359.9325 268.8785 1.4606, -359.9443 268.907 1.7362, -359.9443 268.907 1.4606, -359.9483 268.9376 1.7362, -359.9483 268.9376 1.4606, -358.0113 271.1817 1.4606, -358.0113 271.1817 1.7362, -357.9807 271.1776 1.7362, -357.9807 271.1776 1.4606, -357.9522 271.1658 1.7362, -357.9522 271.1658 1.4606, -357.9278 271.1471 1.7362, -357.9278 271.1471 1.4606, -357.909 271.1226 1.7362, -357.909 271.1226 1.4606, -357.8972 271.0941 1.7362, -357.8972 271.0941 1.4606, -357.8932 271.0635 1.7362, -357.8932 271.0635 1.4606, -359.9483 271.0635 1.4606, -359.9483 271.0635 1.7362, -359.9443 271.0941 1.7362, -359.9443 271.0941 1.4606, -359.9325 271.1226 1.7362, -359.9325 271.1226 1.4606, -359.9137 271.1471 1.7362, -359.9137 271.1471 1.4606, -359.8892 271.1658 1.7362, -359.8892 271.1658 1.4606, -359.8607 271.1776 1.7362, -359.8607 271.1776 1.4606, -359.8302 271.1817 1.7362, -359.8302 271.1817 1.4606
            ]
        }
        coordIndex [
            0,1,2,-1,2,1,3,-1,4,5,3,-1,3,5,6,-1,3,6,2,-1,7,8,4,-1,4,8,9,-1,4,9,5,-1,10,11,12,-1,12,11,13,-1,12,13,7,-1,7,13,14,-1,7,14,8,-1,15,16,17,-1,15,17,18,-1,18,17,19,-1,18,19,20,-1,19,21,20,-1,20,21,22,-1,20,22,23,-1,23,22,24,-1,23,24,25,-1,26,27,28,-1,28,27,29,-1,28,29,30,-1,30,29,25,-1,30,25,31,-1,31,25,24,-1,32,33,34,-1,32,34,35,-1,35,34,36,-1,35,36,37,-1,37,36,38,-1,37,38,39,-1,39,38,40,-1,39,40,41,-1,41,40,42,-1,41,42,43,-1,43,42,44,-1,43,44,45,-1,46,47,48,-1,46,48,49,-1,49,48,50,-1,49,50,51,-1,51,50,52,-1,51,52,53,-1,53,52,54,-1,53,54,55,-1,55,54,56,-1,55,56,57,-1,57,56,58,-1,57,58,59,-1,60,61,62,-1,60,62,63,-1,63,62,64,-1,63,64,65,-1,65,64,66,-1,65,66,67,-1,67,66,68,-1,67,68,69,-1,69,68,70,-1,69,70,71,-1,71,70,72,-1,71,72,73,-1,74,75,76,-1,74,76,77,-1,77,76,78,-1,77,78,79,-1,79,78,80,-1,79,80,81,-1,81,80,82,-1,81,82,83,-1,83,82,84,-1,83,84,85,-1,85,84,86,-1,85,86,87,-1,
        ]
    }
}
Shape{
    appearance Appearance {
        material  Material {
            diffuseColor 0.2235294117647059 0.2235294117647059 0.2235294117647059
            specularColor 0.11372549019607843 0.11372549019607843 0.11372549019607843
            ambientIntensity 0.2235
            transparency 0.0
            shininess 0.5
        }
    }
    geometry IndexedFaceSet {
        ccw TRUE
        solid FALSE
        coord DEF co Coordinate {
            point [
                -359.5113 271.1817 1.4606, -358.3302 271.1817 1.4606, -359.5113 271.1432 1.4568, -358.3302 271.1432 1.4568, -359.5113 271.1309 1.4531, -358.3302 271.1309 1.4531, -359.5113 271.1063 1.4456, -358.3302 271.1063 1.4456, -359.5113 271.0836 1.4335, -358.3302 271.0836 1.4335, -359.5113 271.0723 1.4275, -358.3302 271.0723 1.4275, -359.5113 271.0425 1.403, -358.3302 271.0425 1.403, -359.5113 271.018 1.3731, -358.3302 271.018 1.3731, -359.5113 271.0119 1.3618, -358.3302 271.0119 1.3618, -359.5113 270.9998 1.3391, -358.3302 270.9998 1.3391, -359.5113 270.9923 1.3145, -358.3302 270.9923 1.3145, -359.5113 270.9886 1.3022, -358.3302 270.9886 1.3022, -359.5113 270.9848 1.2638, -358.3302 270.9848 1.2638, -359.5585 270.9858 1.3022, -359.5814 271.1775 1.4606, -359.6505 271.165 1.4606, -359.5768 271.1393 1.4568, -359.7177 271.1444 1.4606, -359.6415 271.1277 1.4568, -359.7819 271.116 1.4606, -359.7043 271.1084 1.4568, -359.8423 271.0801 1.4606, -359.7643 271.0819 1.4568, -359.898 271.0374 1.4606, -359.8208 271.0483 1.4568, -359.8729 271.0084 1.4568, -359.9483 270.9883 1.4606, -359.92 270.9626 1.4556, -359.5725 271.1027 1.4456, -359.5684 271.0689 1.4275, -359.8221 270.8736 1.3622, -359.8279 270.8789 1.3724, -359.7908 270.9137 1.3731, -359.8453 270.8947 1.403, -359.8069 270.9322 1.403, -359.8679 270.9153 1.4265, -359.8264 270.9547 1.4275, -359.8755 270.9221 1.4343, -359.8487 270.9805 1.4456, -359.893 270.9381 1.4441, -359.9106 270.954 1.4539, -359.6328 271.0918 1.4456, -359.6913 271.0738 1.4456, -359.6247 271.0587 1.4275, -359.6795 271.0419 1.4275, -359.6177 271.0297 1.403, -359.669 271.014 1.403, -359.6119 271.0059 1.3731, -359.6605 270.9911 1.3731, -359.6076 270.9883 1.3391, -359.6541 270.974 1.3391, -359.5649 271.0393 1.403, -359.562 271.015 1.3731, -359.5598 270.9969 1.3391, -359.605 270.9774 1.3022, -359.6502 270.9635 1.3022, -359.7716 270.8915 1.3022, -359.7691 270.8886 1.2638, -359.7892 270.869 1.2638, -359.8149 270.867 1.3385, -359.7789 270.8999 1.3391, -359.8076 270.8604 1.3147, -359.8063 270.8593 1.302, -359.8026 270.8559 1.2638, -359.8001 271.0178 1.4456, -359.781 270.9896 1.4275, -359.7643 270.9649 1.403, -359.7506 270.9446 1.3731, -359.7404 270.9295 1.3391, -359.7341 270.9203 1.3022, -359.732 270.9171 1.2638, -359.6934 270.9444 1.3022, -359.6917 270.941 1.2638, -359.7299 270.9183 1.2638, -359.7474 271.049 1.4456, -359.7318 271.0188 1.4275, -359.7181 270.9923 1.403, -359.7069 270.9705 1.3731, -359.6986 270.9543 1.3391, -359.6617 270.9543 1.2638, -359.558 270.982 1.2638, -359.588 270.9766 1.2638, -359.6041 270.9737 1.2638, -359.6489 270.96 1.2638, -357.9991 271.0801 1.4606, -357.9434 271.0374 1.4606, -357.9686 271.0084 1.4568, -358.0595 271.116 1.4606, -358.0207 271.0483 1.4568, -358.1238 271.1444 1.4606, -358.0771 271.0819 1.4568, -358.1909 271.165 1.4606, -358.1372 271.1084 1.4568, -358.2601 271.1775 1.4606, -358.2 271.1277 1.4568, -358.2646 271.1393 1.4568, -358.269 271.1027 1.4456, -357.966 270.9221 1.4343, -358.015 270.9547 1.4275, -357.9484 270.9381 1.4441, -357.9928 270.9805 1.4456, -357.9309 270.954 1.4539, -357.9215 270.9626 1.4556, -357.8932 270.9883 1.4606, -358.273 271.0689 1.4275, -358.2766 271.0393 1.403, -358.2795 271.015 1.3731, -358.2817 270.9969 1.3391, -358.0414 271.0178 1.4456, -358.0604 270.9896 1.4275, -358.0346 270.9322 1.403, -358.0772 270.9649 1.403, -358.0506 270.9137 1.3731, -358.0909 270.9446 1.3731, -358.0625 270.8999 1.3391, -358.1011 270.9295 1.3391, -358.0699 270.8915 1.3022, -358.1074 270.9203 1.3022, -357.9735 270.9153 1.4265, -357.9962 270.8947 1.403, -358.0135 270.8789 1.3724, -358.0193 270.8736 1.3622, -358.0266 270.867 1.3385, -358.0339 270.8604 1.3147, -358.0351 270.8593 1.302, -358.283 270.9858 1.3022, -358.2834 270.982 1.2638, -358.2365 270.9774 1.3022, -358.2374 270.9737 1.2638, -358.2535 270.9766 1.2638, -358.2087 271.0918 1.4456, -358.2167 271.0587 1.4275, -358.2238 271.0297 1.403, -358.2295 271.0059 1.3731, -358.2338 270.9883 1.3391, -358.1501 271.0738 1.4456, -358.162 271.0419 1.4275, -358.1724 271.014 1.403, -358.181 270.9911 1.3731, -358.1873 270.974 1.3391, -358.1913 270.9635 1.3022, -358.1926 270.96 1.2638, -358.148 270.9444 1.3022, -358.1498 270.941 1.2638, -358.1798 270.9543 1.2638, -358.0941 271.049 1.4456, -358.1097 271.0188 1.4275, -358.1233 270.9923 1.403, -358.1346 270.9705 1.3731, -358.1429 270.9543 1.3391, -358.1095 270.9171 1.2638, -358.1115 270.9183 1.2638, -358.0723 270.8886 1.2638, -358.0523 270.869 1.2638, -358.0388 270.8559 1.2638, -359.9107 270.9502 1.4533, -359.876 270.9189 1.4333, -359.8463 270.8919 1.4019, -359.8238 270.8711 1.3614, -359.8053 270.8529 1.2638, -359.9194 270.7566 1.4298, -359.9292 270.7624 1.4402, -359.9253 270.7949 1.4414, -359.9338 270.7652 1.4452, -359.9062 270.7809 1.418, -359.9124 270.7513 1.418, -359.9178 270.7556 1.4281, -359.8909 270.731 1.3655, -359.8964 270.7385 1.3879, -359.8915 270.7677 1.3913, -359.8989 270.7405 1.3927, -359.8991 270.7406 1.393, -359.8767 270.7452 1.3307, -359.8858 270.7222 1.3371, -359.8859 270.7242 1.3449, -359.8098 270.8578 1.3143, -359.9483 270.9838 1.4606, -359.8185 270.8373 1.2652, -359.8209 270.8438 1.313, -359.8313 270.8204 1.2685, -359.8322 270.8283 1.3134, -359.8385 270.8097 1.2715, -359.8435 270.8111 1.3154, -359.8851 270.7145 1.3076, -359.8771 270.7366 1.2986, -359.8749 270.7417 1.2965, -359.8663 270.7692 1.3243, -359.8669 270.7601 1.289, -359.8548 270.7917 1.319, -359.8553 270.7826 1.2803, -359.8435 270.8024 1.2736, -359.8875 270.7263 1.3512, -359.8815 270.7557 1.3619, -359.8718 270.7809 1.3584, -359.8613 270.8044 1.356, -359.8512 270.8243 1.3553, -359.8416 270.8418 1.3559, -359.8323 270.8574 1.358, -359.8832 270.7948 1.3901, -359.8746 270.82 1.39, -359.8665 270.8415 1.3913, -359.859 270.8604 1.3937, -359.8522 270.8772 1.3973, -359.9002 270.8104 1.4183, -359.8941 270.8381 1.4196, -359.8885 270.8619 1.4217, -359.8835 270.8829 1.4248, -359.8793 270.9019 1.4287, -359.9221 270.8272 1.4421, -359.919 270.8578 1.4434, -359.9162 270.8844 1.4452, -359.9138 270.9083 1.4475, -359.912 270.9302 1.4502, -359.9483 270.9603 1.4606, -359.9483 270.9351 1.4606, -359.9483 270.908 1.4606, -359.9483 270.8783 1.4606, -359.9483 270.8446 1.4606, -359.9483 270.8093 1.4606, -359.9483 270.7739 1.4606, -358.0029 270.8097 1.2715, -358.0102 270.8204 1.2685, -358.0093 270.8283 1.3134, -357.9579 270.8829 1.4248, -357.953 270.8619 1.4217, -357.975 270.8415 1.3913, -357.9599 270.7557 1.3619, -357.9507 270.731 1.3656, -357.9542 270.727 1.3542, -357.9647 270.7452 1.3307, -357.9543 270.7262 1.3514, -357.955 270.7224 1.337, -357.9425 270.7405 1.3928, -357.95 270.7677 1.3913, -357.9424 270.7406 1.3931, -357.9353 270.7809 1.418, -357.9325 270.7492 1.4143, -357.9408 270.7425 1.3983, -357.9161 270.7949 1.4414, -357.9211 270.7567 1.4291, -357.9296 270.7512 1.4182, -357.9048 270.7674 1.4502, -357.9082 270.7652 1.4458, -357.9123 270.7625 1.4404, -357.9307 270.9502 1.4533, -357.9655 270.9189 1.4333, -357.9951 270.8919 1.4019, -358.0177 270.8711 1.3614, -358.0317 270.8578 1.3143, -358.0361 270.8529 1.2638, -358.0229 270.8373 1.2652, -358.0206 270.8438 1.313, -358.0091 270.8574 1.358, -357.9253 270.8844 1.4452, -357.9276 270.9083 1.4475, -357.9295 270.9302 1.4502, -357.998 270.8024 1.2736, -357.998 270.8111 1.3154, -357.9999 270.8418 1.3559, -357.9893 270.8772 1.3973, -357.9802 270.8044 1.356, -357.9669 270.82 1.39, -357.9474 270.8381 1.4196, -357.9225 270.8578 1.4434, -357.9862 270.7826 1.2803, -357.9867 270.7917 1.319, -357.9902 270.8243 1.3553, -357.9824 270.8604 1.3937, -357.9622 270.9019 1.4287, -357.9752 270.7692 1.3243, -357.9697 270.7809 1.3584, -357.9582 270.7948 1.3901, -357.9412 270.8104 1.4183, -357.9193 270.8272 1.4421, -357.9746 270.7601 1.289, -357.8932 270.8093 1.4606, -357.8932 270.8446 1.4606, -357.8932 270.8783 1.4606, -357.8932 270.908 1.4606, -357.8932 270.9351 1.4606, -357.8932 270.9603 1.4606, -357.8932 270.9838 1.4606, -357.9563 270.7145 1.3076, -357.9643 270.7366 1.2986, -357.9666 270.7417 1.2965, -357.8932 270.7739 1.4606, -359.9701 270.7068 1.4606, -359.9686 270.7087 1.4606, -359.951 270.7059 1.4462, -359.8905 270.7135 1.3509, -359.9275 270.7207 1.4294, -359.9416 270.7244 1.4459, -359.9355 270.7443 1.4459, -359.9221 270.7382 1.4295, -359.9534 270.7396 1.4606, -359.9581 270.729 1.4606, -359.9652 270.7131 1.4606, -359.9355 270.6899 1.4193, -359.9354 270.7043 1.4299, -359.9301 270.6905 1.4129, -359.9217 270.7037 1.412, -359.925 270.691 1.4069, -359.9423 270.6892 1.4273, -359.9459 270.6892 1.4307, -359.9577 270.689 1.4416, -359.9829 270.6904 1.4606, -359.9636 270.6891 1.4466, -359.9614 270.689 1.445, -359.8987 270.6994 1.3606, -359.9017 270.6982 1.3667, -359.8966 270.7142 1.372, -359.8903 270.7059 1.3356, -359.891 270.7054 1.3376, -359.8958 270.7017 1.3519, -359.9514 270.7509 1.4606, -359.951 270.7533 1.4606, -359.9485 270.7668 1.4606, -359.9011 270.7277 1.3924, -359.9049 270.7156 1.3923, -359.9099 270.7039 1.3928, -359.9167 270.693 1.3941, -359.9049 270.6968 1.3733, -359.9104 270.6944 1.3845, -359.9164 270.693 1.3938, -357.8906 270.7532 1.4606, -357.8903 270.7509 1.4606, -357.906 270.7443 1.4459, -357.9248 270.6929 1.3941, -357.925 270.693 1.3938, -357.9315 270.7039 1.3928, -357.9365 270.6967 1.3733, -357.9397 270.6982 1.3666, -357.9448 270.7142 1.372, -357.9434 270.6998 1.3589, -357.9457 270.7016 1.3519, -357.9504 270.7054 1.3376, -357.9509 270.7135 1.3509, -357.9515 270.7063 1.3342, -357.8999 270.7244 1.4459, -357.8905 270.7059 1.4462, -357.914 270.7207 1.4294, -357.9061 270.7043 1.4299, -357.9198 270.7037 1.412, -357.8955 270.6892 1.4306, -357.8848 270.6889 1.441, -357.8838 270.6889 1.4418, -357.8777 270.6893 1.4464, -357.9024 270.6894 1.4238, -357.906 270.6898 1.4194, -357.9113 270.6905 1.4129, -357.9185 270.6913 1.4041, -357.8792 270.7183 1.4606, -357.8833 270.729 1.4606, -357.8896 270.7453 1.4606, -357.9194 270.7382 1.4295, -357.9404 270.7277 1.3924, -357.8726 270.7088 1.4606, -357.8713 270.7068 1.4606, -357.8634 270.6955 1.4606, -357.8626 270.69 1.458, -357.8586 270.6904 1.4606, -357.9366 270.7156 1.3923, -357.9323 270.6948 1.3823, -360.0099 270.6218 1.4452, -360.0495 270.6238 1.4606, -360.0296 270.6437 1.4606, -359.8982 270.6804 1.3283, -359.9034 270.6576 1.3215, -359.9167 270.6502 1.3576, -359.8913 270.7041 1.3371, -359.9102 270.6726 1.3611, -359.8854 270.7137 1.3071, -359.902 270.6965 1.3664, -359.9172 270.6909 1.3941, -359.9365 270.6875 1.4194, -359.9595 270.6865 1.4418, -359.9278 270.667 1.3916, -359.9506 270.6639 1.419, -359.9777 270.6632 1.4422, -359.9854 270.6878 1.4606, -359.9368 270.6449 1.3908, -359.9631 270.642 1.4198, -359.9944 270.6416 1.4434, -360.0082 270.665 1.4606, -359.8923 270.6901 1.2944, -359.8974 270.6679 1.2843, -359.8976 270.6669 1.2838, -359.9014 270.6442 1.2753, -359.9071 270.6359 1.3166, -359.9217 270.6293 1.356, -359.9445 270.6246 1.3917, -359.9743 270.6221 1.4219, -360.0672 270.606 1.4606, -360.0237 270.6045 1.4475, -359.9842 270.6049 1.4249, -359.9508 270.6071 1.3939, -359.9255 270.6109 1.3563, -359.9095 270.6163 1.314, -359.9037 270.6228 1.2693, -357.866 270.666 1.4421, -357.836 270.6677 1.4606, -357.8156 270.6474 1.4606, -357.935 270.6408 1.3176, -357.9389 270.6616 1.3226, -357.9258 270.6541 1.3581, -357.9324 270.6209 1.3144, -357.9208 270.6339 1.3562, -357.9322 270.6755 1.3616, -357.8925 270.6667 1.419, -357.9149 270.6699 1.3918, -357.944 270.6833 1.3293, -357.9499 270.693 1.2959, -357.9319 270.6163 1.314, -357.9378 270.6228 1.2693, -357.9382 270.6279 1.2705, -357.9159 270.6109 1.3563, -357.9168 270.6152 1.3561, -357.8906 270.6071 1.3939, -357.8921 270.6111 1.3932, -357.8573 270.6049 1.4249, -357.8596 270.6089 1.4241, -357.8178 270.6045 1.4475, -357.821 270.6085 1.4469, -357.7742 270.606 1.4606, -357.8986 270.6291 1.3913, -357.8696 270.6264 1.4213, -357.835 270.6262 1.4447, -357.7784 270.6102 1.4606, -357.9062 270.6487 1.3909, -357.8805 270.6458 1.4196, -357.85 270.6453 1.4431, -357.7964 270.6282 1.4606, -357.9408 270.6494 1.2771, -357.9441 270.6679 1.2843, -357.9447 270.6711 1.2856, -359.945 270.5856 1.381, -359.9571 270.5848 1.3979, -359.9532 270.5996 1.3951, -359.9101 270.6094 1.3133, -359.9103 270.6064 1.3131, -359.9268 270.6025 1.3566, -359.9043 270.6147 1.2676, -359.9264 270.605 1.3564, -359.9525 270.6019 1.3947, -360.0717 270.6006 1.4606, -360.0273 270.5998 1.4483, -359.9045 270.6112 1.267, -359.9867 270.6001 1.4259, -359.9879 270.5979 1.4263, -360.0289 270.5976 1.4486, -360.0736 270.5982 1.4606, -359.905 270.5911 1.2646, -359.9102 270.5891 1.3061, -359.911 270.5888 1.313, -359.9237 270.5873 1.3454, -359.9287 270.5867 1.3583, -359.973 270.5842 1.4114, -359.9943 270.5833 1.4294, -360.0068 270.583 1.4354, -360.0381 270.5823 1.4507, -360.0449 270.5822 1.4521, -360.0819 270.5881 1.4606, -360.0858 270.5818 1.4606, -357.7595 270.5881 1.4606, -357.7556 270.5818 1.4606, -357.8033 270.5823 1.4507, -357.9312 270.6064 1.3131, -357.937 270.6112 1.267, -357.9372 270.6147 1.2676, -357.8141 270.5998 1.4483, -357.8125 270.5976 1.4486, -357.8536 270.5979 1.4263, -357.8547 270.6001 1.4259, -357.889 270.6019 1.3947, -357.915 270.605 1.3564, -357.9314 270.6094 1.3133, -357.8883 270.5996 1.3951, -357.9146 270.6025 1.3566, -357.7678 270.5982 1.4606, -357.9365 270.5911 1.2646, -357.9304 270.5888 1.313, -357.9127 270.5867 1.3583, -357.8844 270.5848 1.3979, -357.8471 270.5833 1.4294, -357.7698 270.6006 1.4606, -359.9097 270.5657 1.3067, -359.9236 270.5651 1.3474, -359.9788 270.5347 1.4175, -359.9758 270.5642 1.4152, -359.946 270.5646 1.3842, -359.9323 270.5225 1.3616, -359.9479 270.5225 1.3865, -359.9478 270.5347 1.3863, -360.004 270.5225 1.4333, -360.0164 270.5225 1.4411, -360.016 270.5347 1.4409, -360.0511 270.5225 1.4533, -360.058 270.5225 1.4557, -360.0575 270.5347 1.4556, -360.1018 270.5225 1.4606, -360.1006 270.5346 1.4606, -359.9791 270.5225 1.4177, -359.9635 270.5225 1.4021, -359.9123 270.5225 1.3145, -359.9245 270.5225 1.3492, -359.9244 270.5347 1.349, -359.905 270.5225 1.2638, -359.9099 270.5225 1.3076, -359.9099 270.5347 1.3075, -360.0996 270.5455 1.4606, -360.0519 270.5637 1.4543, -360.0117 270.5639 1.4389, -360.0928 270.5677 1.4606, -360.0941 270.5635 1.4606, -359.905 270.5347 1.2638, -359.905 270.5663 1.2639, -357.7419 270.5455 1.4606, -357.7396 270.5225 1.4606, -357.7906 270.5225 1.4539, -357.9299 270.5529 1.3142, -357.9365 270.5531 1.2638, -357.9365 270.5721 1.264, -357.7486 270.5677 1.4606, -357.7439 270.552 1.4606, -357.7936 270.5522 1.4531, -357.798 270.5684 1.452, -357.8433 270.5688 1.4313, -357.882 270.5695 1.3999, -357.9116 270.5703 1.3598, -357.9302 270.5712 1.3135, -357.7489 270.5682 1.4606, -357.8402 270.5523 1.433, -357.8802 270.5525 1.4017, -357.9107 270.5527 1.3611, -357.9365 270.5225 1.2638, -357.9298 270.5225 1.3147, -357.9101 270.5225 1.3622, -357.8788 270.5225 1.403, -357.8381 270.5225 1.4343, -360.1018 269.4786 1.4606, -360.058 269.4786 1.4557, -360.0511 269.4786 1.4533, -360.0164 269.4786 1.4411, -360.004 269.4786 1.4333, -359.9791 269.4786 1.4177, -359.9635 269.4786 1.4021, -359.9479 269.4786 1.3865, -359.9323 269.4786 1.3616, -359.9245 269.4786 1.3492, -359.9123 269.4786 1.3145, -359.9099 269.4786 1.3076, -359.905 269.4786 1.2638, -357.7396 269.4786 1.4606, -357.7906 269.4786 1.4539, -357.8381 269.4786 1.4343, -357.8788 269.4786 1.403, -357.9101 269.4786 1.3622, -357.9298 269.4786 1.3147, -357.9365 269.4786 1.2638, -359.9233 269.4306 1.347, -359.924 269.4484 1.3483, -359.9098 269.4482 1.3071, -360.0105 269.4324 1.4384, -360.014 269.4488 1.44, -359.9774 269.4487 1.4164, -359.9296 269.4144 1.3578, -359.9437 269.4155 1.3818, -359.9455 269.4313 1.3836, -359.9579 269.4163 1.3972, -359.9721 269.417 1.4125, -359.975 269.4319 1.4146, -360.0384 269.4188 1.4501, -360.0448 269.4189 1.4528, -360.0504 269.4327 1.454, -360.0858 269.4193 1.4606, -360.0926 269.4329 1.4606, -360.0063 269.4181 1.4366, -359.9949 269.4178 1.4286, -359.905 269.429 1.264, -359.905 269.41 1.2646, -359.9096 269.4298 1.3065, -359.9094 269.412 1.3062, -359.9116 269.4123 1.3128, -360.0928 269.4334 1.4606, -360.0549 269.4489 1.455, -359.9469 269.4486 1.3853, -359.905 269.448 1.2638, -359.9225 269.4138 1.3458, -360.0996 269.4556 1.4606, -360.0976 269.4491 1.4606, -357.7486 269.4334 1.4606, -357.7556 269.4193 1.4606, -357.8033 269.4188 1.4507, -357.9301 269.4355 1.3137, -357.9365 269.4348 1.2639, -357.9365 269.4664 1.2638, -357.7419 269.4556 1.4606, -357.7473 269.4376 1.4606, -357.7965 269.4374 1.4524, -357.7911 269.4664 1.4538, -357.8384 269.4664 1.434, -357.879 269.4664 1.4028, -357.9102 269.4664 1.362, -357.9298 269.4664 1.3146, -357.7408 269.4665 1.4606, -357.8423 269.4371 1.4319, -357.8814 269.4367 1.4005, -357.9113 269.4361 1.3602, -357.9365 269.41 1.2646, -357.9304 269.4123 1.313, -357.9127 269.4144 1.3583, -357.8844 269.4163 1.3979, -357.8471 269.4178 1.4294, -360.0273 269.4013 1.4483, -360.0289 269.4035 1.4486, -359.9879 269.4032 1.4263, -360.0237 269.3966 1.4475, -360.0672 269.3951 1.4606, -360.0717 269.4005 1.4606, -359.9842 269.3962 1.4249, -359.9508 269.394 1.3939, -359.9867 269.401 1.4259, -360.0736 269.4029 1.4606, -359.9255 269.3902 1.3563, -359.9525 269.3992 1.3947, -359.9532 269.4015 1.3951, -359.9268 269.3986 1.3566, -359.9103 269.3947 1.3131, -359.9264 269.3961 1.3564, -359.9101 269.3917 1.3133, -359.9095 269.3848 1.314, -359.9037 269.3783 1.2693, -360.0819 269.413 1.4606, -359.9043 269.3864 1.2676, -359.9045 269.3899 1.267, -357.7595 269.413 1.4606, -357.7678 269.4029 1.4606, -357.8125 269.4035 1.4486, -357.7698 269.4005 1.4606, -357.9319 269.3848 1.314, -357.9314 269.3917 1.3133, -357.9159 269.3902 1.3563, -357.915 269.3961 1.3564, -357.8906 269.394 1.3939, -357.889 269.3992 1.3947, -357.8573 269.3962 1.4249, -357.8547 269.401 1.4259, -357.8178 269.3966 1.4475, -357.8141 269.4013 1.4483, -357.7742 269.3951 1.4606, -357.937 269.3899 1.267, -357.9372 269.3864 1.2676, -357.9378 269.3783 1.2693, -357.9312 269.3947 1.3131, -357.9146 269.3986 1.3566, -357.8883 269.4015 1.3951, -357.8536 269.4032 1.4263, -359.9064 269.3603 1.3176, -359.9026 269.3395 1.3226, -359.9156 269.347 1.3581, -359.909 269.3802 1.3144, -359.9207 269.3672 1.3562, -360.0258 269.3537 1.4606, -359.9755 269.3351 1.4421, -360.0055 269.3334 1.4606, -359.9643 269.3114 1.4457, -359.9829 269.3107 1.4606, -359.9489 269.3344 1.419, -359.9454 269.312 1.4305, -359.9583 269.3116 1.4409, -359.9266 269.3312 1.3918, -359.931 269.3101 1.4123, -359.9361 269.3108 1.4188, -359.9151 269.308 1.3925, -359.9058 269.3039 1.373, -359.9092 269.3256 1.3616, -359.9162 269.3081 1.3939, -359.9165 269.3082 1.3942, -359.8919 269.2954 1.3375, -359.8945 269.2989 1.3494, -359.8974 269.3178 1.3293, -359.8957 269.2994 1.3519, -359.9026 269.3025 1.3663, -359.9033 269.3732 1.2705, -359.9247 269.3859 1.3561, -359.9494 269.39 1.3932, -359.9819 269.3922 1.4241, -360.0204 269.3926 1.4469, -359.9428 269.372 1.3913, -359.9719 269.3747 1.4213, -360.0064 269.3749 1.4447, -360.0631 269.3909 1.4606, -359.9353 269.3524 1.3909, -359.9609 269.3553 1.4196, -359.9915 269.3558 1.4431, -360.045 269.3729 1.4606, -359.9006 269.3517 1.2771, -359.8973 269.3332 1.2843, -359.8968 269.33 1.2856, -359.8916 269.3081 1.2959, -359.8851 269.2866 1.3076, -357.8316 269.3793 1.4452, -357.792 269.3773 1.4606, -357.8119 269.3574 1.4606, -357.9433 269.3207 1.3283, -357.938 269.3435 1.3215, -357.9248 269.3509 1.3576, -357.9502 269.297 1.3371, -357.9493 269.2953 1.3375, -357.9563 269.2866 1.3076, -357.9459 269.2995 1.352, -357.9395 269.3046 1.3664, -357.9457 269.2998 1.3528, -357.925 269.3082 1.3943, -357.9252 269.3081 1.3939, -357.9243 269.3102 1.3941, -357.9357 269.3039 1.373, -357.939 269.3025 1.3663, -357.9049 269.3136 1.4194, -357.911 269.3104 1.4127, -357.9243 269.3085 1.3956, -357.8952 269.3116 1.4303, -357.882 269.3146 1.4418, -357.9011 269.3117 1.4252, -357.9058 269.3111 1.4192, -357.8639 269.3112 1.4571, -357.8771 269.3114 1.4458, -357.883 269.3115 1.4408, -357.8586 269.3107 1.4606, -357.8561 269.3133 1.4606, -357.8638 269.3379 1.4422, -357.8909 269.3372 1.419, -357.9136 269.3341 1.3916, -357.9313 269.3285 1.3611, -357.9046 269.3562 1.3908, -357.8784 269.3591 1.4198, -357.847 269.3595 1.4434, -357.8332 269.3361 1.4606, -357.956 269.2874 1.3071, -357.9491 269.311 1.2944, -357.9441 269.3332 1.2843, -357.9438 269.3342 1.2838, -357.9401 269.3569 1.2753, -357.9343 269.3652 1.3166, -357.9197 269.3718 1.356, -357.897 269.3765 1.3917, -357.8671 269.379 1.4219, -359.8905 269.2876 1.3509, -359.9354 269.2968 1.4299, -359.9217 269.2974 1.412, -359.9011 269.2734 1.3924, -359.8988 269.2605 1.3932, -359.9013 269.2581 1.3996, -359.9221 269.2629 1.4295, -359.9116 269.2499 1.4184, -359.9135 269.2485 1.4218, -359.9195 269.2445 1.4297, -359.9282 269.2387 1.4411, -359.9355 269.2568 1.4459, -359.9288 269.2384 1.4419, -359.933 269.2359 1.446, -359.9483 269.2272 1.4606, -359.9509 269.2479 1.4606, -359.8857 269.279 1.3371, -359.8846 269.2841 1.3182, -359.9623 269.2828 1.4606, -359.9688 269.2923 1.4606, -359.951 269.2952 1.4462, -359.9702 269.2943 1.4606, -359.978 269.3056 1.4606, -359.9049 269.2855 1.3923, -359.8966 269.2869 1.372, -359.9099 269.2972 1.3928, -359.9275 269.2804 1.4294, -359.9512 269.2502 1.4606, -359.9519 269.2558 1.4606, -359.9416 269.2767 1.4459, -359.9581 269.2721 1.4606, -359.8871 269.2749 1.3513, -359.8901 269.2702 1.3658, -359.8922 269.2671 1.3756, -359.8987 269.2606 1.3929, -359.8862 269.2762 1.3473, -357.9198 269.2974 1.412, -357.9542 269.2749 1.3513, -357.9562 269.2791 1.3371, -357.9509 269.2876 1.3509, -357.9564 269.2796 1.3352, -357.914 269.2804 1.4294, -357.8999 269.2767 1.4459, -357.906 269.2568 1.4459, -357.9084 269.2359 1.446, -357.9129 269.2387 1.4408, -357.9349 269.2537 1.4102, -357.9426 269.2605 1.3931, -357.9404 269.2734 1.3924, -357.9211 269.2437 1.4316, -357.9222 269.2445 1.43, -357.9194 269.2629 1.4295, -357.9297 269.2499 1.4183, -357.9061 269.2968 1.4299, -357.8905 269.2952 1.4462, -357.8714 269.2943 1.4606, -357.9315 269.2972 1.3928, -357.9448 269.2869 1.372, -357.8932 269.2272 1.4606, -357.9035 269.2329 1.4515, -357.893 269.2343 1.4606, -357.8905 269.2478 1.4606, -357.8901 269.2502 1.4606, -357.9366 269.2855 1.3923, -357.9427 269.2606 1.3929, -357.9456 269.2631 1.3866, -357.9515 269.2703 1.3659, -357.9528 269.2718 1.3615, -357.8728 269.2924 1.4606, -357.8763 269.288 1.4606, -357.8834 269.2721 1.4606, -357.888 269.2615 1.4606, -359.8385 269.1914 1.2715, -359.8313 269.1807 1.2685, -359.8322 269.1728 1.3134, -359.8835 269.1182 1.4248, -359.8885 269.1392 1.4217, -359.8665 269.1596 1.3913, -359.8815 269.2454 1.3619, -359.8767 269.2559 1.3307, -359.8771 269.2645 1.2986, -359.8915 269.2334 1.3913, -359.9062 269.2202 1.418, -359.9253 269.2062 1.4414, -359.9483 269.1918 1.4606, -359.9107 269.0509 1.4533, -359.9106 269.0471 1.4539, -359.92 269.0385 1.4556, -359.876 269.0822 1.4333, -359.8755 269.079 1.4343, -359.893 269.063 1.4441, -359.8463 269.1092 1.4019, -359.8453 269.1064 1.403, -359.8679 269.0858 1.4265, -359.8238 269.13 1.3614, -359.8221 269.1275 1.3622, -359.8279 269.1222 1.3724, -359.8098 269.1433 1.3143, -359.8076 269.1407 1.3147, -359.8149 269.1341 1.3385, -359.8063 269.1418 1.302, -359.8053 269.1482 1.2638, -359.8026 269.1452 1.2638, -359.8185 269.1638 1.2652, -359.8209 269.1573 1.313, -359.8323 269.1437 1.358, -359.9162 269.1167 1.4452, -359.9138 269.0928 1.4475, -359.912 269.0709 1.4502, -359.8435 269.1987 1.2736, -359.8435 269.19 1.3154, -359.8416 269.1593 1.3559, -359.8522 269.1239 1.3973, -359.8613 269.1967 1.356, -359.8746 269.1811 1.39, -359.8941 269.163 1.4196, -359.919 269.1433 1.4434, -359.8553 269.2185 1.2803, -359.8548 269.2094 1.319, -359.8512 269.1768 1.3553, -359.859 269.1407 1.3937, -359.8793 269.0992 1.4287, -359.8663 269.2319 1.3243, -359.8718 269.2202 1.3584, -359.8832 269.2063 1.3901, -359.9002 269.1907 1.4183, -359.9221 269.1739 1.4421, -359.8669 269.241 1.289, -359.9483 269.1565 1.4606, -359.9483 269.1228 1.4606, -359.9483 269.0931 1.4606, -359.9483 269.066 1.4606, -359.9483 269.0408 1.4606, -359.9483 269.0173 1.4606, -359.9483 269.0128 1.4606, -359.8749 269.2594 1.2965, -357.9215 269.0385 1.4556, -357.9309 269.0471 1.4539, -357.9307 269.0509 1.4533, -357.9484 269.063 1.4441, -357.966 269.079 1.4343, -357.9655 269.0822 1.4333, -357.9735 269.0858 1.4265, -357.9962 269.1064 1.403, -357.9951 269.1092 1.4019, -358.0135 269.1222 1.3724, -358.0193 269.1275 1.3622, -358.0177 269.13 1.3614, -358.0351 269.1418 1.302, -358.0388 269.1452 1.2638, -358.0361 269.1482 1.2638, -357.9647 269.2559 1.3307, -357.9161 269.2062 1.4414, -357.9353 269.2202 1.418, -357.95 269.2334 1.3913, -357.9599 269.2454 1.3619, -358.0266 269.1341 1.3385, -358.0339 269.1407 1.3147, -358.0317 269.1433 1.3143, -357.8932 269.0173 1.4606, -357.8932 269.0128 1.4606, -358.0229 269.1638 1.2652, -358.0206 269.1573 1.313, -358.0102 269.1807 1.2685, -358.0093 269.1728 1.3134, -358.0029 269.1914 1.2715, -357.998 269.19 1.3154, -357.998 269.1987 1.2736, -357.9862 269.2185 1.2803, -357.9867 269.2094 1.319, -357.9746 269.241 1.289, -357.9752 269.2319 1.3243, -357.9666 269.2594 1.2965, -357.9643 269.2645 1.2986, -357.9697 269.2202 1.3584, -357.9802 269.1967 1.356, -357.9902 269.1768 1.3553, -357.9999 269.1593 1.3559, -358.0091 269.1437 1.358, -357.9582 269.2063 1.3901, -357.9669 269.1811 1.39, -357.975 269.1596 1.3913, -357.9824 269.1407 1.3937, -357.9893 269.1239 1.3973, -357.9412 269.1907 1.4183, -357.9474 269.163 1.4196, -357.953 269.1392 1.4217, -357.9579 269.1182 1.4248, -357.9622 269.0992 1.4287, -357.9193 269.1739 1.4421, -357.9225 269.1433 1.4434, -357.9253 269.1167 1.4452, -357.9276 269.0928 1.4475, -357.9295 269.0709 1.4502, -357.8932 269.0408 1.4606, -357.8932 269.066 1.4606, -357.8932 269.0931 1.4606, -357.8932 269.1228 1.4606, -357.8932 269.1565 1.4606, -357.8932 269.1918 1.4606, -359.8423 268.921 1.4606, -359.898 268.9637 1.4606, -359.8729 268.9927 1.4568, -359.7819 268.8851 1.4606, -359.8208 268.9528 1.4568, -359.7177 268.8567 1.4606, -359.7643 268.9192 1.4568, -359.6505 268.8361 1.4606, -359.7043 268.8927 1.4568, -359.5814 268.8236 1.4606, -359.6415 268.8734 1.4568, -359.5768 268.8618 1.4568, -359.5113 268.8194 1.4606, -359.5113 268.8579 1.4568, -359.5113 268.8702 1.4531, -359.5725 268.8984 1.4456, -359.5113 268.8948 1.4456, -359.8264 269.0464 1.4275, -359.8487 269.0206 1.4456, -359.5113 268.9175 1.4335, -359.5684 268.9322 1.4275, -359.5113 268.9288 1.4275, -359.5649 268.9618 1.403, -359.5113 268.9586 1.403, -359.562 268.9861 1.3731, -359.5113 268.9831 1.3731, -359.5113 268.9892 1.3618, -359.5598 269.0042 1.3391, -359.5113 269.0013 1.3391, -359.8001 268.9833 1.4456, -359.781 269.0115 1.4275, -359.8069 269.0689 1.403, -359.7643 269.0362 1.403, -359.7908 269.0874 1.3731, -359.7506 269.0565 1.3731, -359.7789 269.1012 1.3391, -359.7404 269.0716 1.3391, -359.7716 269.1096 1.3022, -359.7341 269.0808 1.3022, -359.5113 269.0088 1.3145, -359.5585 269.0153 1.3022, -359.5113 269.0125 1.3022, -359.558 269.0191 1.2638, -359.5113 269.0163 1.2638, -359.605 269.0237 1.3022, -359.6041 269.0274 1.2638, -359.588 269.0245 1.2638, -359.6328 268.9093 1.4456, -359.6247 268.9424 1.4275, -359.6177 268.9714 1.403, -359.6119 268.9952 1.3731, -359.6076 269.0128 1.3391, -359.6913 268.9273 1.4456, -359.6795 268.9592 1.4275, -359.669 268.9871 1.403, -359.6605 269.01 1.3731, -359.6541 269.0271 1.3391, -359.6502 269.0376 1.3022, -359.6489 269.0411 1.2638, -359.6934 269.0567 1.3022, -359.6917 269.0601 1.2638, -359.6617 269.0468 1.2638, -359.7474 268.9521 1.4456, -359.7318 268.9823 1.4275, -359.7181 269.0088 1.403, -359.7069 269.0306 1.3731, -359.6986 269.0468 1.3391, -359.732 269.084 1.2638, -359.7299 269.0828 1.2638, -359.7691 269.1125 1.2638, -359.7892 269.1321 1.2638, -358.283 269.0153 1.3022, -358.3302 269.0125 1.3022, -358.3302 269.0163 1.2638, -358.3302 269.0088 1.3145, -358.2601 268.8236 1.4606, -358.3302 268.8194 1.4606, -358.3302 268.8579 1.4568, -358.1909 268.8361 1.4606, -358.2646 268.8618 1.4568, -358.1238 268.8567 1.4606, -358.2 268.8734 1.4568, -358.0595 268.8851 1.4606, -358.1372 268.8927 1.4568, -357.9991 268.921 1.4606, -358.0771 268.9192 1.4568, -357.9434 268.9637 1.4606, -358.0207 268.9528 1.4568, -357.9686 268.9927 1.4568, -358.3302 268.8702 1.4531, -358.269 268.8984 1.4456, -358.3302 268.8948 1.4456, -358.3302 268.9175 1.4335, -358.273 268.9322 1.4275, -358.0506 269.0874 1.3731, -358.0346 269.0689 1.403, -358.015 269.0464 1.4275, -357.9928 269.0206 1.4456, -358.2087 268.9093 1.4456, -358.1501 268.9273 1.4456, -358.2167 268.9424 1.4275, -358.162 268.9592 1.4275, -358.2238 268.9714 1.403, -358.1724 268.9871 1.403, -358.2295 268.9952 1.3731, -358.181 269.01 1.3731, -358.2338 269.0128 1.3391, -358.1873 269.0271 1.3391, -358.2766 268.9618 1.403, -358.2795 268.9861 1.3731, -358.2817 269.0042 1.3391, -358.3302 269.0013 1.3391, -358.3302 268.9892 1.3618, -358.3302 268.9831 1.3731, -358.3302 268.9586 1.403, -358.3302 268.9288 1.4275, -358.2365 269.0237 1.3022, -358.1913 269.0376 1.3022, -358.0699 269.1096 1.3022, -358.0723 269.1125 1.2638, -358.0523 269.1321 1.2638, -358.0625 269.1012 1.3391, -358.0414 268.9833 1.4456, -358.0604 269.0115 1.4275, -358.0772 269.0362 1.403, -358.0909 269.0565 1.3731, -358.1011 269.0716 1.3391, -358.1074 269.0808 1.3022, -358.1095 269.084 1.2638, -358.148 269.0567 1.3022, -358.1498 269.0601 1.2638, -358.1115 269.0828 1.2638, -358.0941 268.9521 1.4456, -358.1097 268.9823 1.4275, -358.1233 269.0088 1.403, -358.1346 269.0306 1.3731, -358.1429 269.0468 1.3391, -358.1798 269.0468 1.2638, -358.2834 269.0191 1.2638, -358.2535 269.0245 1.2638, -358.2374 269.0274 1.2638, -358.1926 269.0411 1.2638, -359.9071 270.6359 0.4235, -359.9014 270.6442 0.4648, -359.8976 270.6669 0.4563, -359.8974 270.6679 0.4559, -359.8923 270.6901 0.4457, -359.8982 270.6804 0.4118, -359.8854 270.7137 0.4331, -359.9365 270.6875 0.3207, -359.9454 270.6891 0.3097, -359.9595 270.6865 0.2983, -359.9583 270.6895 0.2993, -359.9643 270.6897 0.2944, -359.9172 270.6909 0.3461, -359.931 270.691 0.3278, -359.9361 270.6903 0.3213, -359.9151 270.6931 0.3477, -359.9162 270.693 0.3463, -359.9165 270.6929 0.346, -359.9058 270.6972 0.3671, -359.902 270.6965 0.3738, -359.9026 270.6986 0.3738, -359.8957 270.7017 0.3883, -359.8913 270.7041 0.403, -359.8945 270.7022 0.3908, -359.8851 270.7145 0.4326, -359.8919 270.7057 0.4027, -360.0082 270.665 0.2795, -359.9854 270.6878 0.2795, -359.9829 270.6904 0.2795, -359.9102 270.6726 0.3791, -359.9278 270.667 0.3485, -359.9506 270.6639 0.3212, -359.9777 270.6632 0.2979, -360.0296 270.6437 0.2795, -359.9034 270.6576 0.4187, -359.9167 270.6502 0.3825, -359.9368 270.6449 0.3493, -359.9631 270.642 0.3203, -359.9944 270.6416 0.2968, -360.0495 270.6238 0.2795, -360.0099 270.6218 0.295, -359.9743 270.6221 0.3183, -359.9445 270.6246 0.3485, -359.9217 270.6293 0.3841, -359.9037 270.6228 0.4709, -359.9095 270.6163 0.4262, -359.9255 270.6109 0.3839, -359.9508 270.6071 0.3463, -359.9842 270.6049 0.3153, -360.0237 270.6045 0.2926, -360.0672 270.606 0.2795, -360.0273 270.5998 0.2919, -360.0289 270.5976 0.2916, -359.9879 270.5979 0.3138, -360.0717 270.6006 0.2795, -359.9867 270.6001 0.3143, -360.0736 270.5982 0.2795, -359.9525 270.6019 0.3455, -359.9532 270.5996 0.3451, -359.9268 270.6025 0.3836, -359.9103 270.6064 0.4271, -359.9264 270.605 0.3837, -359.9101 270.6094 0.4269, -360.0819 270.5881 0.2795, -360.0858 270.5818 0.2795, -360.0449 270.5822 0.288, -360.0381 270.5823 0.2895, -360.0068 270.583 0.3047, -359.9943 270.5833 0.3108, -359.973 270.5842 0.3288, -359.9571 270.5848 0.3422, -359.945 270.5856 0.3592, -359.9287 270.5867 0.3818, -359.9237 270.5873 0.3948, -359.911 270.5888 0.4272, -359.9102 270.5891 0.4341, -359.9043 270.6147 0.4726, -359.9045 270.6112 0.4732, -359.905 270.5911 0.4755, -359.8905 270.7135 0.3893, -359.9354 270.7043 0.3103, -359.9217 270.7037 0.3282, -359.9011 270.7277 0.3478, -359.8988 270.7406 0.347, -359.9013 270.743 0.3405, -359.9221 270.7382 0.3107, -359.9116 270.7512 0.3217, -359.9135 270.7526 0.3184, -359.9195 270.7566 0.3104, -359.9282 270.7624 0.299, -359.9355 270.7443 0.2942, -359.9288 270.7627 0.2983, -359.933 270.7652 0.2942, -359.9483 270.7739 0.2795, -359.9509 270.7532 0.2795, -359.8857 270.7221 0.4031, -359.8846 270.717 0.422, -359.9623 270.7183 0.2795, -359.9688 270.7088 0.2795, -359.951 270.7059 0.294, -359.9702 270.7068 0.2795, -359.978 270.6955 0.2795, -359.9049 270.7156 0.3479, -359.8966 270.7142 0.3682, -359.9099 270.7039 0.3474, -359.9275 270.7207 0.3107, -359.9512 270.7509 0.2795, -359.9519 270.7453 0.2795, -359.9416 270.7244 0.2942, -359.9581 270.729 0.2795, -359.8871 270.7262 0.3888, -359.8901 270.7309 0.3743, -359.8922 270.734 0.3646, -359.8987 270.7405 0.3473, -359.8862 270.7249 0.3928, -359.9236 270.5651 0.3927, -360.0511 270.5225 0.2869, -360.0164 270.5225 0.299, -360.016 270.5347 0.2992, -360.004 270.5225 0.3068, -359.9791 270.5225 0.3225, -359.9788 270.5347 0.3227, -359.9123 270.5225 0.4257, -359.9099 270.5225 0.4326, -359.9099 270.5347 0.4327, -359.905 270.5225 0.4764, -359.905 270.5347 0.4764, -359.9245 270.5225 0.391, -359.9479 270.5225 0.3536, -359.9323 270.5225 0.3785, -359.9244 270.5347 0.3911, -360.1018 270.5225 0.2795, -360.058 270.5225 0.2845, -360.0575 270.5347 0.2846, -359.946 270.5646 0.356, -359.9758 270.5642 0.325, -359.9478 270.5347 0.3539, -359.9635 270.5225 0.3381, -360.0117 270.5639 0.3012, -360.0928 270.5677 0.2795, -360.0941 270.5635 0.2795, -360.0519 270.5637 0.2858, -360.0996 270.5455 0.2795, -360.1006 270.5346 0.2795, -359.905 270.5663 0.4762, -359.9097 270.5657 0.4334, -359.8385 270.8097 0.4686, -359.8313 270.8204 0.4716, -359.8322 270.8283 0.4267, -359.8835 270.8829 0.3154, -359.8885 270.8619 0.3184, -359.8665 270.8415 0.3489, -359.8815 270.7557 0.3783, -359.8767 270.7452 0.4095, -359.8771 270.7366 0.4416, -359.8915 270.7677 0.3489, -359.9062 270.7809 0.3221, -359.9253 270.7949 0.2988, -359.9483 270.8093 0.2795, -359.9107 270.9502 0.2869, -359.9106 270.954 0.2862, -359.92 270.9626 0.2846, -359.876 270.9189 0.3069, -359.8755 270.9221 0.3059, -359.893 270.9381 0.2961, -359.8463 270.8919 0.3382, -359.8453 270.8947 0.3372, -359.8679 270.9153 0.3137, -359.8238 270.8711 0.3788, -359.8221 270.8736 0.378, -359.8279 270.8789 0.3678, -359.8098 270.8578 0.4259, -359.8076 270.8604 0.4254, -359.8149 270.867 0.4017, -359.8063 270.8593 0.4381, -359.8053 270.8529 0.4763, -359.8026 270.8559 0.4764, -359.8185 270.8373 0.4749, -359.8209 270.8438 0.4271, -359.8323 270.8574 0.3822, -359.9162 270.8844 0.2949, -359.9138 270.9083 0.2926, -359.912 270.9302 0.2899, -359.8435 270.8024 0.4666, -359.8435 270.8111 0.4248, -359.8416 270.8418 0.3843, -359.8522 270.8772 0.3429, -359.8613 270.8044 0.3841, -359.8746 270.82 0.3501, -359.8941 270.8381 0.3206, -359.919 270.8578 0.2967, -359.8553 270.7826 0.4598, -359.8548 270.7917 0.4212, -359.8512 270.8243 0.3849, -359.859 270.8604 0.3465, -359.8793 270.9019 0.3115, -359.8663 270.7692 0.4159, -359.8718 270.7809 0.3818, -359.8832 270.7948 0.3501, -359.9002 270.8104 0.3219, -359.9221 270.8272 0.2981, -359.8669 270.7601 0.4512, -359.9483 270.8446 0.2795, -359.9483 270.8783 0.2795, -359.9483 270.908 0.2795, -359.9483 270.9351 0.2795, -359.9483 270.9603 0.2795, -359.9483 270.9838 0.2795, -359.9483 270.9883 0.2795, -359.8749 270.7417 0.4437, -360.1018 269.4786 0.2795, -360.058 269.4786 0.2845, -360.0511 269.4786 0.2869, -360.0164 269.4786 0.299, -360.004 269.4786 0.3068, -359.9791 269.4786 0.3225, -359.9635 269.4786 0.3381, -359.9479 269.4786 0.3536, -359.9323 269.4786 0.3785, -359.9245 269.4786 0.391, -359.9123 269.4786 0.4257, -359.9099 269.4786 0.4326, -359.905 269.4786 0.4764, -359.5113 271.1309 0.287, -359.5113 271.1432 0.2833, -359.5768 271.1393 0.2833, -359.5113 271.0836 0.3066, -359.5113 271.1063 0.2945, -359.5725 271.1027 0.2945, -359.5113 271.0119 0.3784, -359.5113 271.018 0.367, -359.562 271.015 0.367, -359.5113 270.9923 0.4257, -359.5113 270.9998 0.401, -359.5598 270.9969 0.401, -359.7892 270.869 0.4764, -359.7691 270.8886 0.4764, -359.7716 270.8915 0.438, -359.7341 270.9203 0.438, -359.732 270.9171 0.4764, -359.7299 270.9183 0.4764, -359.6934 270.9444 0.438, -359.6917 270.941 0.4764, -359.6617 270.9543 0.4764, -359.6502 270.9635 0.438, -359.6489 270.96 0.4764, -359.605 270.9774 0.438, -359.5113 270.9848 0.4764, -359.5113 270.9886 0.438, -359.558 270.982 0.4764, -359.5585 270.9858 0.438, -359.588 270.9766 0.4764, -359.6041 270.9737 0.4764, -359.6076 270.9883 0.401, -359.6541 270.974 0.401, -359.6986 270.9543 0.401, -359.7404 270.9295 0.401, -359.7789 270.8999 0.401, -359.6119 271.0059 0.367, -359.6605 270.9911 0.367, -359.7069 270.9705 0.367, -359.7506 270.9446 0.367, -359.7908 270.9137 0.367, -359.5113 271.0425 0.3372, -359.5649 271.0393 0.3372, -359.6177 271.0297 0.3372, -359.669 271.014 0.3372, -359.7181 270.9923 0.3372, -359.7643 270.9649 0.3372, -359.8069 270.9322 0.3372, -359.5113 271.0723 0.3127, -359.5684 271.0689 0.3127, -359.6247 271.0587 0.3127, -359.6795 271.0419 0.3127, -359.7318 271.0188 0.3127, -359.781 270.9896 0.3127, -359.8264 270.9547 0.3127, -359.6328 271.0918 0.2945, -359.6913 271.0738 0.2945, -359.7474 271.049 0.2945, -359.8001 271.0178 0.2945, -359.8487 270.9805 0.2945, -359.6415 271.1277 0.2833, -359.7043 271.1084 0.2833, -359.7643 271.0819 0.2833, -359.8208 271.0483 0.2833, -359.8729 271.0084 0.2833, -359.5113 271.1817 0.2795, -359.5814 271.1775 0.2795, -359.6505 271.165 0.2795, -359.7177 271.1444 0.2795, -359.7819 271.116 0.2795, -359.8423 271.0801 0.2795, -359.898 271.0374 0.2795, -360.0384 269.4188 0.29, -360.0063 269.4181 0.3036, -360.0105 269.4324 0.3018, -359.9296 269.4144 0.3823, -359.9225 269.4138 0.3943, -359.9233 269.4306 0.3931, -359.9116 269.4123 0.4274, -359.9094 269.412 0.434, -359.9096 269.4298 0.4336, -359.905 269.41 0.4755, -359.905 269.429 0.4761, -359.9437 269.4155 0.3583, -359.9721 269.417 0.3276, -359.9579 269.4163 0.343, -359.9455 269.4313 0.3565, -360.0858 269.4193 0.2795, -360.0448 269.4189 0.2873, -360.0504 269.4327 0.2862, -359.924 269.4484 0.3919, -359.9469 269.4486 0.3549, -359.9774 269.4487 0.3238, -359.975 269.4319 0.3256, -359.9949 269.4178 0.3116, -360.014 269.4488 0.3002, -360.0549 269.4489 0.2852, -360.0996 269.4556 0.2795, -360.0976 269.4491 0.2795, -360.0928 269.4334 0.2795, -360.0926 269.4329 0.2795, -359.905 269.448 0.4763, -359.9098 269.4482 0.4331, -358.3302 271.1817 0.2795, -358.3302 271.1432 0.2833, -358.3302 271.1309 0.287, -358.3302 271.1063 0.2945, -358.3302 271.0836 0.3066, -358.3302 271.0723 0.3127, -358.3302 271.0425 0.3372, -358.3302 271.018 0.367, -358.3302 271.0119 0.3784, -358.3302 270.9998 0.401, -358.3302 270.9923 0.4257, -358.3302 270.9886 0.438, -358.3302 270.9848 0.4764, -359.9532 269.4015 0.3451, -359.9101 269.3917 0.4269, -359.9103 269.3947 0.4271, -359.9268 269.3986 0.3836, -359.9255 269.3902 0.3839, -359.9095 269.3848 0.4262, -359.9508 269.394 0.3463, -359.9264 269.3961 0.3837, -359.9842 269.3962 0.3153, -359.9525 269.3992 0.3455, -360.0717 269.4005 0.2795, -360.0672 269.3951 0.2795, -360.0273 269.4013 0.2919, -360.0237 269.3966 0.2926, -359.9867 269.401 0.3143, -359.9879 269.4032 0.3138, -360.0289 269.4035 0.2916, -360.0736 269.4029 0.2795, -359.9045 269.3899 0.4732, -359.9043 269.3864 0.4726, -359.9037 269.3783 0.4709, -360.0819 269.413 0.2795, -357.9309 270.954 0.2862, -357.9215 270.9626 0.2846, -357.9686 271.0084 0.2833, -358.269 271.1027 0.2945, -358.273 271.0689 0.3127, -358.0506 270.9137 0.367, -358.0135 270.8789 0.3678, -357.9962 270.8947 0.3372, -358.148 270.9444 0.438, -358.1074 270.9203 0.438, -358.1011 270.9295 0.401, -358.0523 270.869 0.4764, -358.0388 270.8559 0.4764, -358.0351 270.8593 0.4381, -358.2374 270.9737 0.4764, -358.1926 270.96 0.4764, -358.1913 270.9635 0.438, -358.283 270.9858 0.438, -358.2834 270.982 0.4764, -358.1095 270.9171 0.4764, -358.1115 270.9183 0.4764, -358.1498 270.941 0.4764, -358.1798 270.9543 0.4764, -358.0699 270.8915 0.438, -358.0723 270.8886 0.4764, -358.2817 270.9969 0.401, -358.0625 270.8999 0.401, -358.2795 271.015 0.367, -358.2295 271.0059 0.367, -358.0339 270.8604 0.4254, -358.0266 270.867 0.4017, -358.0193 270.8736 0.378, -358.2766 271.0393 0.3372, -358.2238 271.0297 0.3372, -358.1724 271.014 0.3372, -358.1429 270.9543 0.401, -358.0909 270.9446 0.367, -358.0346 270.9322 0.3372, -357.9735 270.9153 0.3137, -358.2167 271.0587 0.3127, -358.162 271.0419 0.3127, -358.1097 271.0188 0.3127, -358.2087 271.0918 0.2945, -358.1501 271.0738 0.2945, -358.0941 271.049 0.2945, -358.0414 271.0178 0.2945, -358.2535 270.9766 0.4764, -358.2365 270.9774 0.438, -358.1873 270.974 0.401, -358.1346 270.9705 0.367, -358.0772 270.9649 0.3372, -358.015 270.9547 0.3127, -357.966 270.9221 0.3059, -358.2338 270.9883 0.401, -358.181 270.9911 0.367, -358.1233 270.9923 0.3372, -358.0604 270.9896 0.3127, -357.9928 270.9805 0.2945, -357.9484 270.9381 0.2961, -358.2646 271.1393 0.2833, -358.2 271.1277 0.2833, -358.1372 271.1084 0.2833, -358.0771 271.0819 0.2833, -358.0207 271.0483 0.2833, -357.8932 270.9883 0.2795, -357.9434 271.0374 0.2795, -357.9991 271.0801 0.2795, -358.0595 271.116 0.2795, -358.1238 271.1444 0.2795, -358.1909 271.165 0.2795, -358.2601 271.1775 0.2795, -359.8973 269.3332 0.4558, -359.9006 269.3517 0.4631, -359.9064 269.3603 0.4226, -359.9033 269.3732 0.4696, -359.9171 269.3085 0.3445, -359.9164 269.3082 0.3459, -359.9266 269.3312 0.3483, -359.8955 269.2995 0.3882, -359.8921 269.2953 0.4027, -359.8974 269.3178 0.4109, -359.8851 269.2866 0.4326, -359.8916 269.3081 0.4443, -359.8968 269.33 0.4546, -359.9163 269.3081 0.3463, -359.9058 269.3039 0.3672, -359.9092 269.3256 0.3785, -359.9025 269.3025 0.3738, -359.8957 269.2998 0.3873, -359.9489 269.3344 0.3212, -359.9356 269.3111 0.3209, -359.9305 269.3104 0.3275, -359.9755 269.3351 0.298, -359.9462 269.3116 0.3099, -359.9403 269.3117 0.315, -360.0055 269.3334 0.2795, -359.9829 269.3107 0.2795, -359.9776 269.3112 0.283, -359.9643 269.3114 0.2944, -359.9585 269.3115 0.2994, -359.909 269.3802 0.4257, -359.9247 269.3859 0.3841, -359.9494 269.39 0.3469, -359.9819 269.3922 0.3161, -360.0204 269.3926 0.2932, -360.045 269.3729 0.2795, -360.0631 269.3909 0.2795, -359.9207 269.3672 0.3839, -359.9428 269.372 0.3488, -359.9719 269.3747 0.3189, -360.0064 269.3749 0.2954, -360.0258 269.3537 0.2795, -359.9026 269.3395 0.4176, -359.9156 269.347 0.3821, -359.9353 269.3524 0.3493, -359.9609 269.3553 0.3206, -359.9915 269.3558 0.297, -357.9307 270.9502 0.2869, -357.9655 270.9189 0.3069, -357.9951 270.8919 0.3382, -358.0177 270.8711 0.3788, -358.0361 270.8529 0.4763, -357.922 270.7566 0.3104, -357.9123 270.7624 0.2999, -357.9161 270.7949 0.2988, -357.9076 270.7652 0.2949, -357.9353 270.7809 0.3221, -357.929 270.7513 0.3222, -357.9237 270.7556 0.3121, -357.9505 270.731 0.3746, -357.9451 270.7385 0.3522, -357.95 270.7677 0.3489, -357.9425 270.7405 0.3474, -357.9424 270.7406 0.3472, -357.9647 270.7452 0.4095, -357.9557 270.7222 0.4031, -357.9555 270.7242 0.3953, -358.0317 270.8578 0.4259, -357.8932 270.9838 0.2795, -358.0229 270.8373 0.4749, -358.0206 270.8438 0.4271, -358.0102 270.8204 0.4716, -358.0093 270.8283 0.4267, -358.0029 270.8097 0.4686, -357.998 270.8111 0.4248, -357.9563 270.7145 0.4326, -357.9643 270.7366 0.4416, -357.9666 270.7417 0.4437, -357.9752 270.7692 0.4159, -357.9746 270.7601 0.4512, -357.9867 270.7917 0.4212, -357.9862 270.7826 0.4598, -357.998 270.8024 0.4666, -357.954 270.7263 0.389, -357.9599 270.7557 0.3783, -357.9697 270.7809 0.3818, -357.9802 270.8044 0.3841, -357.9902 270.8243 0.3849, -357.9999 270.8418 0.3843, -358.0091 270.8574 0.3822, -357.9582 270.7948 0.3501, -357.9669 270.82 0.3501, -357.975 270.8415 0.3489, -357.9824 270.8604 0.3465, -357.9893 270.8772 0.3429, -357.9412 270.8104 0.3219, -357.9474 270.8381 0.3206, -357.953 270.8619 0.3184, -357.9579 270.8829 0.3154, -357.9622 270.9019 0.3115, -357.9193 270.8272 0.2981, -357.9225 270.8578 0.2967, -357.9253 270.8844 0.2949, -357.9276 270.9083 0.2926, -357.9295 270.9302 0.2899, -357.8932 270.9603 0.2795, -357.8932 270.9351 0.2795, -357.8932 270.908 0.2795, -357.8932 270.8783 0.2795, -357.8932 270.8446 0.2795, -357.8932 270.8093 0.2795, -357.8932 270.7739 0.2795, -359.9217 269.2974 0.3282, -359.8872 269.2749 0.3888, -359.8853 269.2791 0.403, -359.8905 269.2876 0.3893, -359.885 269.2796 0.4049, -359.9275 269.2804 0.3107, -359.9416 269.2767 0.2942, -359.9355 269.2568 0.2942, -359.9331 269.2359 0.2942, -359.9285 269.2387 0.2993, -359.9065 269.2537 0.33, -359.8988 269.2605 0.347, -359.9011 269.2734 0.3478, -359.9204 269.2437 0.3086, -359.9193 269.2445 0.3102, -359.9221 269.2629 0.3107, -359.9118 269.2499 0.3218, -359.9354 269.2968 0.3103, -359.951 269.2952 0.294, -359.9701 269.2943 0.2795, -359.9099 269.2972 0.3474, -359.8966 269.2869 0.3682, -359.9483 269.2272 0.2795, -359.938 269.2329 0.2887, -359.9485 269.2343 0.2795, -359.951 269.2478 0.2795, -359.9514 269.2502 0.2795, -359.9049 269.2855 0.3479, -359.8987 269.2606 0.3473, -359.8959 269.2631 0.3535, -359.8899 269.2703 0.3743, -359.8887 269.2718 0.3787, -359.9686 269.2924 0.2795, -359.9652 269.288 0.2795, -359.9581 269.2721 0.2795, -359.9534 269.2615 0.2795, -357.8714 270.7068 0.2795, -357.8728 270.7087 0.2795, -357.8905 270.7059 0.294, -357.9194 270.7382 0.3107, -357.9509 270.7135 0.3893, -357.914 270.7207 0.3107, -357.8999 270.7244 0.2942, -357.906 270.7443 0.2942, -357.9404 270.7277 0.3478, -357.888 270.7396 0.2795, -357.8834 270.729 0.2795, -357.8763 270.7131 0.2795, -357.9059 270.6899 0.3209, -357.9061 270.7043 0.3103, -357.9113 270.6905 0.3272, -357.9198 270.7037 0.3282, -357.9164 270.691 0.3333, -357.8992 270.6892 0.3129, -357.8955 270.6892 0.3095, -357.8837 270.689 0.2985, -357.8586 270.6904 0.2795, -357.8778 270.6891 0.2935, -357.8801 270.689 0.2951, -357.9427 270.6994 0.3796, -357.9398 270.6982 0.3735, -357.9448 270.7142 0.3682, -357.9511 270.7059 0.4046, -357.9504 270.7054 0.4026, -357.9456 270.7017 0.3882, -357.8901 270.7509 0.2795, -357.8905 270.7533 0.2795, -357.893 270.7668 0.2795, -357.9366 270.7156 0.3479, -357.9315 270.7039 0.3474, -357.9248 270.693 0.3461, -357.9365 270.6968 0.3668, -357.9311 270.6944 0.3556, -357.925 270.693 0.3464, -359.92 269.0385 0.2846, -359.9106 269.0471 0.2862, -359.9107 269.0509 0.2869, -359.893 269.063 0.2961, -359.8755 269.079 0.3059, -359.876 269.0822 0.3069, -359.8679 269.0858 0.3137, -359.8453 269.1064 0.3372, -359.8463 269.1092 0.3382, -359.8279 269.1222 0.3678, -359.8221 269.1275 0.378, -359.8238 269.13 0.3788, -359.8063 269.1418 0.4381, -359.8026 269.1452 0.4764, -359.8053 269.1482 0.4763, -359.8767 269.2559 0.4095, -359.9253 269.2062 0.2988, -359.9062 269.2202 0.3221, -359.8915 269.2334 0.3489, -359.8815 269.2454 0.3783, -359.8149 269.1341 0.4017, -359.8076 269.1407 0.4254, -359.8098 269.1433 0.4259, -359.9483 269.0173 0.2795, -359.9483 269.0128 0.2795, -359.8185 269.1638 0.4749, -359.8209 269.1573 0.4271, -359.8313 269.1807 0.4716, -359.8322 269.1728 0.4267, -359.8385 269.1914 0.4686, -359.8435 269.19 0.4248, -359.8435 269.1987 0.4666, -359.8553 269.2185 0.4598, -359.8548 269.2094 0.4212, -359.8669 269.241 0.4512, -359.8663 269.2319 0.4159, -359.8749 269.2594 0.4437, -359.8771 269.2645 0.4416, -359.8718 269.2202 0.3818, -359.8613 269.1967 0.3841, -359.8512 269.1768 0.3849, -359.8416 269.1593 0.3843, -359.8323 269.1437 0.3822, -359.8832 269.2063 0.3501, -359.8746 269.1811 0.3501, -359.8665 269.1596 0.3489, -359.859 269.1407 0.3465, -359.8522 269.1239 0.3429, -359.9002 269.1907 0.3219, -359.8941 269.163 0.3206, -359.8885 269.1392 0.3184, -359.8835 269.1182 0.3154, -359.8793 269.0992 0.3115, -359.9221 269.1739 0.2981, -359.919 269.1433 0.2967, -359.9162 269.1167 0.2949, -359.9138 269.0928 0.2926, -359.912 269.0709 0.2899, -359.9483 269.0408 0.2795, -359.9483 269.066 0.2795, -359.9483 269.0931 0.2795, -359.9483 269.1228 0.2795, -359.9483 269.1565 0.2795, -359.9483 269.1918 0.2795, -357.944 270.6833 0.4109, -357.9499 270.693 0.4443, -357.9447 270.6711 0.4546, -357.9441 270.6679 0.4558, -357.9408 270.6494 0.4631, -357.935 270.6408 0.4226, -357.9382 270.6279 0.4696, -357.9322 270.6755 0.3785, -357.9149 270.6699 0.3483, -357.8925 270.6667 0.3212, -357.866 270.666 0.298, -357.836 270.6677 0.2795, -357.9378 270.6228 0.4709, -357.9324 270.6209 0.4257, -357.9319 270.6163 0.4262, -357.9168 270.6152 0.3841, -357.9159 270.6109 0.3839, -357.8921 270.6111 0.3469, -357.8906 270.6071 0.3463, -357.8596 270.6089 0.3161, -357.8573 270.6049 0.3153, -357.821 270.6085 0.2932, -357.8178 270.6045 0.2926, -357.7964 270.6282 0.2795, -357.7784 270.6102 0.2795, -357.7742 270.606 0.2795, -357.9208 270.6339 0.3839, -357.8986 270.6291 0.3488, -357.8696 270.6264 0.3189, -357.835 270.6262 0.2954, -357.8156 270.6474 0.2795, -357.9389 270.6616 0.4176, -357.9258 270.6541 0.3821, -357.9062 270.6487 0.3493, -357.8805 270.6458 0.3206, -357.85 270.6453 0.297, -359.8729 268.9927 0.2833, -359.5113 268.8702 0.287, -359.5113 268.8948 0.2945, -359.5725 268.8984 0.2945, -359.5113 268.9175 0.3066, -359.5113 268.9288 0.3127, -359.5684 268.9322 0.3127, -359.7908 269.0874 0.367, -359.6934 269.0567 0.438, -359.7341 269.0808 0.438, -359.7404 269.0716 0.401, -359.7892 269.1321 0.4764, -359.6041 269.0274 0.4764, -359.6489 269.0411 0.4764, -359.6502 269.0376 0.438, -359.5113 269.0088 0.4257, -359.5113 269.0125 0.438, -359.5585 269.0153 0.438, -359.5113 269.0163 0.4764, -359.558 269.0191 0.4764, -359.732 269.084 0.4764, -359.7299 269.0828 0.4764, -359.6917 269.0601 0.4764, -359.6617 269.0468 0.4764, -359.7716 269.1096 0.438, -359.7691 269.1125 0.4764, -359.5113 268.9892 0.3784, -359.5113 269.0013 0.401, -359.5598 269.0042 0.401, -359.7789 269.1012 0.401, -359.5113 268.9831 0.367, -359.562 268.9861 0.367, -359.6119 268.9952 0.367, -359.5113 268.9586 0.3372, -359.5649 268.9618 0.3372, -359.6177 268.9714 0.3372, -359.669 268.9871 0.3372, -359.6986 269.0468 0.401, -359.7506 269.0565 0.367, -359.8069 269.0689 0.3372, -359.6247 268.9424 0.3127, -359.6795 268.9592 0.3127, -359.7318 268.9823 0.3127, -359.6328 268.9093 0.2945, -359.6913 268.9273 0.2945, -359.7474 268.9521 0.2945, -359.8001 268.9833 0.2945, -359.588 269.0245 0.4764, -359.605 269.0237 0.438, -359.6541 269.0271 0.401, -359.7069 269.0306 0.367, -359.7643 269.0362 0.3372, -359.8264 269.0464 0.3127, -359.6076 269.0128 0.401, -359.6605 269.01 0.367, -359.7181 269.0088 0.3372, -359.781 269.0115 0.3127, -359.8487 269.0206 0.2945, -359.5113 268.8579 0.2833, -359.5768 268.8618 0.2833, -359.6415 268.8734 0.2833, -359.7043 268.8927 0.2833, -359.7643 268.9192 0.2833, -359.8208 268.9528 0.2833, -359.898 268.9637 0.2795, -359.8423 268.921 0.2795, -359.7819 268.8851 0.2795, -359.7177 268.8567 0.2795, -359.6505 268.8361 0.2795, -359.5814 268.8236 0.2795, -359.5113 268.8194 0.2795, -357.7595 270.5881 0.2795, -357.7678 270.5982 0.2795, -357.8125 270.5976 0.2916, -357.7698 270.6006 0.2795, -357.9314 270.6094 0.4269, -357.915 270.605 0.3837, -357.889 270.6019 0.3455, -357.8547 270.6001 0.3143, -357.8141 270.5998 0.2919, -357.937 270.6112 0.4732, -357.9372 270.6147 0.4726, -357.9312 270.6064 0.4271, -357.9146 270.6025 0.3836, -357.8883 270.5996 0.3451, -357.8536 270.5979 0.3138, -357.7556 270.5818 0.2795, -357.8033 270.5823 0.2895, -357.8471 270.5833 0.3108, -357.8844 270.5848 0.3422, -357.9127 270.5867 0.3818, -357.9304 270.5888 0.4272, -357.9365 270.5911 0.4755, -358.3302 269.0163 0.4764, -358.3302 269.0125 0.438, -358.3302 269.0088 0.4257, -358.3302 269.0013 0.401, -358.3302 268.9892 0.3784, -358.3302 268.9831 0.367, -358.3302 268.9586 0.3372, -358.3302 268.9288 0.3127, -358.3302 268.9175 0.3066, -358.3302 268.8948 0.2945, -358.3302 268.8702 0.287, -358.3302 268.8579 0.2833, -358.3302 268.8194 0.2795, -357.7489 270.5682 0.2795, -357.798 270.5684 0.2882, -357.8433 270.5688 0.3088, -357.882 270.5695 0.3403, -357.9116 270.5703 0.3804, -357.9302 270.5712 0.4267, -357.9365 270.5531 0.4763, -357.9365 270.5721 0.4761, -357.7419 270.5455 0.2795, -357.7439 270.552 0.2795, -357.7936 270.5522 0.287, -357.7486 270.5677 0.2795, -357.9299 270.5529 0.426, -357.9107 270.5527 0.379, -357.8802 270.5525 0.3385, -357.8402 270.5523 0.3071, -357.7396 270.5225 0.2795, -357.7906 270.5225 0.2862, -357.8381 270.5225 0.3059, -357.8788 270.5225 0.3372, -357.9101 270.5225 0.378, -357.9298 270.5225 0.4254, -357.9365 270.5225 0.4764, -358.2646 268.8618 0.2833, -358.269 268.8984 0.2945, -358.2795 268.9861 0.367, -358.2817 269.0042 0.401, -358.0523 269.1321 0.4764, -358.0723 269.1125 0.4764, -358.0699 269.1096 0.438, -358.1074 269.0808 0.438, -358.1095 269.084 0.4764, -358.1115 269.0828 0.4764, -358.148 269.0567 0.438, -358.1498 269.0601 0.4764, -358.1798 269.0468 0.4764, -358.1913 269.0376 0.438, -358.1926 269.0411 0.4764, -358.2365 269.0237 0.438, -358.2834 269.0191 0.4764, -358.283 269.0153 0.438, -358.2535 269.0245 0.4764, -358.2374 269.0274 0.4764, -358.0388 269.1452 0.4764, -358.0351 269.1418 0.4381, -358.0339 269.1407 0.4254, -358.0266 269.1341 0.4017, -358.2338 269.0128 0.401, -358.1873 269.0271 0.401, -358.1429 269.0468 0.401, -358.1011 269.0716 0.401, -358.0625 269.1012 0.401, -358.0193 269.1275 0.378, -358.2295 268.9952 0.367, -358.181 269.01 0.367, -358.1346 269.0306 0.367, -358.0909 269.0565 0.367, -358.0506 269.0874 0.367, -358.0135 269.1222 0.3678, -358.2766 268.9618 0.3372, -358.2238 268.9714 0.3372, -358.1724 268.9871 0.3372, -358.1233 269.0088 0.3372, -358.0772 269.0362 0.3372, -358.0346 269.0689 0.3372, -357.9962 269.1064 0.3372, -358.273 268.9322 0.3127, -358.2167 268.9424 0.3127, -358.162 268.9592 0.3127, -358.1097 268.9823 0.3127, -358.0604 269.0115 0.3127, -358.015 269.0464 0.3127, -357.9484 269.063 0.2961, -357.966 269.079 0.3059, -357.9735 269.0858 0.3137, -358.2087 268.9093 0.2945, -358.1501 268.9273 0.2945, -358.0941 268.9521 0.2945, -358.0414 268.9833 0.2945, -357.9928 269.0206 0.2945, -357.9309 269.0471 0.2862, -358.2 268.8734 0.2833, -358.1372 268.8927 0.2833, -358.0771 268.9192 0.2833, -358.0207 268.9528 0.2833, -357.9686 268.9927 0.2833, -357.9215 269.0385 0.2846, -358.2601 268.8236 0.2795, -358.1909 268.8361 0.2795, -358.1238 268.8567 0.2795, -358.0595 268.8851 0.2795, -357.9991 268.921 0.2795, -357.9434 268.9637 0.2795, -357.8932 269.0128 0.2795, -357.7396 269.4786 0.2795, -357.7906 269.4786 0.2862, -357.8381 269.4786 0.3059, -357.8788 269.4786 0.3372, -357.9101 269.4786 0.378, -357.9298 269.4786 0.4254, -357.9365 269.4786 0.4764, -358.0029 269.1914 0.4686, -358.0102 269.1807 0.4716, -358.0093 269.1728 0.4267, -357.9579 269.1182 0.3154, -357.953 269.1392 0.3184, -357.975 269.1596 0.3489, -357.9599 269.2454 0.3783, -357.9507 269.2701 0.3746, -357.9542 269.2741 0.3859, -357.9647 269.2559 0.4095, -357.9543 269.2749 0.3888, -357.955 269.2787 0.4032, -357.9425 269.2606 0.3473, -357.95 269.2334 0.3489, -357.9424 269.2605 0.3471, -357.9353 269.2202 0.3221, -357.9325 269.2519 0.3258, -357.9408 269.2586 0.3419, -357.9161 269.2062 0.2988, -357.9211 269.2444 0.3111, -357.9296 269.2499 0.322, -357.9048 269.2337 0.2899, -357.9082 269.2359 0.2943, -357.9123 269.2386 0.2997, -357.9307 269.0509 0.2869, -357.9655 269.0822 0.3069, -357.9951 269.1092 0.3382, -358.0177 269.13 0.3788, -358.0317 269.1433 0.4259, -358.0361 269.1482 0.4763, -358.0229 269.1638 0.4749, -358.0206 269.1573 0.4271, -358.0091 269.1437 0.3822, -357.9253 269.1167 0.2949, -357.9276 269.0928 0.2926, -357.9295 269.0709 0.2899, -357.998 269.1987 0.4666, -357.998 269.19 0.4248, -357.9999 269.1593 0.3843, -357.9893 269.1239 0.3429, -357.9802 269.1967 0.3841, -357.9669 269.1811 0.3501, -357.9474 269.163 0.3206, -357.9225 269.1433 0.2967, -357.9862 269.2185 0.4598, -357.9867 269.2094 0.4212, -357.9902 269.1768 0.3849, -357.9824 269.1407 0.3465, -357.9622 269.0992 0.3115, -357.9752 269.2319 0.4159, -357.9697 269.2202 0.3818, -357.9582 269.2063 0.3501, -357.9412 269.1907 0.3219, -357.9193 269.1739 0.2981, -357.9746 269.241 0.4512, -357.8932 269.1918 0.2795, -357.8932 269.1565 0.2795, -357.8932 269.1228 0.2795, -357.8932 269.0931 0.2795, -357.8932 269.066 0.2795, -357.8932 269.0408 0.2795, -357.8932 269.0173 0.2795, -357.9563 269.2866 0.4326, -357.9643 269.2645 0.4416, -357.9666 269.2594 0.4437, -357.8932 269.2272 0.2795, -357.7408 269.4665 0.2795, -357.7911 269.4664 0.2864, -357.8384 269.4664 0.3061, -357.879 269.4664 0.3374, -357.9102 269.4664 0.3781, -357.9298 269.4664 0.4255, -357.9365 269.4348 0.4762, -357.9365 269.4664 0.4764, -357.7486 269.4334 0.2795, -357.7473 269.4376 0.2795, -357.7965 269.4374 0.2878, -357.7419 269.4556 0.2795, -357.9301 269.4355 0.4265, -357.9113 269.4361 0.3799, -357.8814 269.4367 0.3397, -357.8423 269.4371 0.3083, -357.7556 269.4193 0.2795, -357.8033 269.4188 0.2895, -357.8471 269.4178 0.3108, -357.8844 269.4163 0.3422, -357.9127 269.4144 0.3818, -357.9304 269.4123 0.4272, -357.9365 269.41 0.4755, -357.8906 269.2479 0.2795, -357.8903 269.2502 0.2795, -357.906 269.2568 0.2942, -357.9248 269.3082 0.346, -357.925 269.3081 0.3464, -357.9315 269.2972 0.3474, -357.9365 269.3044 0.3668, -357.9397 269.3029 0.3735, -357.9448 269.2869 0.3682, -357.9434 269.3013 0.3813, -357.9457 269.2995 0.3882, -357.9504 269.2957 0.4026, -357.9509 269.2876 0.3893, -357.9515 269.2948 0.4059, -357.8999 269.2767 0.2942, -357.8905 269.2952 0.294, -357.914 269.2804 0.3107, -357.9061 269.2968 0.3103, -357.9198 269.2974 0.3282, -357.8955 269.3119 0.3096, -357.8848 269.3122 0.2991, -357.8838 269.3122 0.2984, -357.8777 269.3118 0.2937, -357.9024 269.3117 0.3163, -357.906 269.3113 0.3208, -357.9113 269.3106 0.3272, -357.9184 269.3098 0.336, -357.8792 269.2828 0.2795, -357.8833 269.2721 0.2795, -357.8896 269.2558 0.2795, -357.9194 269.2629 0.3107, -357.9404 269.2734 0.3478, -357.8726 269.2923 0.2795, -357.8713 269.2943 0.2795, -357.8634 269.3056 0.2795, -357.8626 269.3111 0.2822, -357.8586 269.3107 0.2795, -357.9366 269.2855 0.3479, -357.9323 269.3063 0.3578, -357.7595 269.413 0.2795, -357.9312 269.3947 0.4271, -357.937 269.3899 0.4732, -357.9372 269.3864 0.4726, -357.8141 269.4013 0.2919, -357.8125 269.4035 0.2916, -357.8536 269.4032 0.3138, -357.8178 269.3966 0.2926, -357.8573 269.3962 0.3153, -357.8547 269.401 0.3143, -357.8906 269.394 0.3463, -357.889 269.3992 0.3455, -357.9159 269.3902 0.3839, -357.915 269.3961 0.3837, -357.9319 269.3848 0.4262, -357.9314 269.3917 0.4269, -357.9378 269.3783 0.4709, -357.8883 269.4015 0.3451, -357.9146 269.3986 0.3836, -357.7678 269.4029 0.2795, -357.7698 269.4005 0.2795, -357.7742 269.3951 0.2795, -357.9343 269.3652 0.4235, -357.9401 269.3569 0.4648, -357.9438 269.3342 0.4563, -357.9441 269.3332 0.4559, -357.9491 269.311 0.4457, -357.9433 269.3207 0.4118, -357.956 269.2874 0.4331, -357.9049 269.3136 0.3207, -357.8561 269.3133 0.2795, -357.882 269.3146 0.2983, -357.9243 269.3102 0.3461, -357.9395 269.3046 0.3738, -357.9502 269.297 0.403, -357.8332 269.3361 0.2795, -357.9313 269.3285 0.3791, -357.9136 269.3341 0.3485, -357.8909 269.3372 0.3212, -357.8638 269.3379 0.2979, -357.8119 269.3574 0.2795, -357.938 269.3435 0.4187, -357.9248 269.3509 0.3825, -357.9046 269.3562 0.3493, -357.8784 269.3591 0.3203, -357.847 269.3595 0.2968, -357.792 269.3773 0.2795, -357.8316 269.3793 0.295, -357.8671 269.379 0.3183, -357.897 269.3765 0.3485, -357.9197 269.3718 0.3841, -357.8911 270.7531 0.0433, -357.8909 270.7508 0.0433, -357.8922 270.7506 0.0331, -357.8718 270.7065 0.0433, -357.8586 270.6904 0.0433, -357.8595 270.6894 0.0331, -357.8733 270.7083 0.0433, -357.8744 270.7075 0.0331, -357.8776 270.7053 0.0236, -357.8623 270.6866 0.0236, -357.8829 270.7019 0.0155, -357.8667 270.6822 0.0155, -357.8896 270.6973 0.0092, -357.8725 270.6764 0.0092, -357.8975 270.6921 0.0053, -357.8792 270.6697 0.0053, -357.906 270.6864 0.0039, -357.8864 270.6625 0.0039, -357.9206 270.7136 0.0039, -357.9111 270.7175 0.0053, -357.9024 270.7212 0.0092, -357.8948 270.7243 0.0155, -357.8891 270.7267 0.0236, -357.8854 270.7282 0.0331, -357.8842 270.7287 0.0433, -357.9295 270.7432 0.0039, -357.9195 270.7451 0.0053, -357.9102 270.747 0.0092, -357.9022 270.7486 0.0155, -357.8961 270.7498 0.0236, -357.8932 270.7739 0.0433, -357.8945 270.7739 0.0331, -357.8984 270.7739 0.0236, -357.9047 270.7739 0.0155, -357.9129 270.7739 0.0092, -357.9223 270.7739 0.0053, -357.9325 270.7739 0.0039, -357.7742 270.606 0.0433, -357.7752 270.6051 0.0331, -357.7779 270.6023 0.0236, -357.7824 270.5979 0.0155, -357.7881 270.5921 0.0092, -357.7949 270.5854 0.0053, -357.8021 270.5782 0.0039, -357.8932 271.0635 0.0433, -357.8945 271.0635 0.0331, -357.8984 271.0635 0.0236, -357.9047 271.0635 0.0155, -357.9129 271.0635 0.0092, -357.9223 271.0635 0.0053, -357.9325 271.0635 0.0039, -357.7595 270.5881 0.0433, -357.7606 270.5874 0.0331, -357.7639 270.5852 0.0236, -357.7691 270.5817 0.0155, -357.7759 270.5772 0.0092, -357.7838 270.5719 0.0053, -357.7923 270.5662 0.0039, -357.7486 270.5677 0.0433, -357.7499 270.5672 0.0331, -357.7535 270.5657 0.0236, -357.7593 270.5633 0.0155, -357.7668 270.5602 0.0092, -357.7756 270.5565 0.0053, -357.785 270.5526 0.0039, -357.7419 270.5455 0.0433, -357.7432 270.5453 0.0331, -357.7471 270.5445 0.0236, -357.7532 270.5433 0.0155, -357.7612 270.5417 0.0092, -357.7705 270.5398 0.0053, -357.7805 270.5379 0.0039, -357.7396 270.5225 0.0433, -357.741 270.5225 0.0331, -357.7449 270.5225 0.0236, -357.7512 270.5225 0.0155, -357.7593 270.5225 0.0092, -357.7688 270.5225 0.0053, -357.779 270.5225 0.0039, -357.779 269.9296 0.0039, -357.7688 269.4786 0.0053, -357.779 269.4786 0.0039, -357.7593 269.4786 0.0092, -357.7512 269.4786 0.0155, -357.7449 269.4786 0.0236, -357.741 269.4786 0.0331, -357.7396 269.4786 0.0433, -357.7742 269.3951 0.0433, -357.775 269.3959 0.0346, -357.7595 269.413 0.0433, -357.7606 269.4137 0.0331, -357.7752 269.396 0.0331, -357.7772 269.398 0.0263, -357.7639 269.4159 0.0236, -357.7779 269.3988 0.0236, -357.7805 269.4013 0.019, -357.7691 269.4194 0.0155, -357.7824 269.4032 0.0155, -357.7848 269.4057 0.0128, -357.7759 269.4239 0.0092, -357.7419 269.4556 0.0433, -357.7432 269.4558 0.0331, -357.7471 269.4566 0.0236, -357.7532 269.4578 0.0155, -357.7612 269.4594 0.0092, -357.7705 269.4613 0.0053, -357.7486 269.4334 0.0433, -357.7499 269.4339 0.0331, -357.7535 269.4354 0.0236, -357.7593 269.4378 0.0155, -357.7668 269.4409 0.0092, -357.7756 269.4446 0.0053, -357.7838 269.4292 0.0053, -357.7881 269.409 0.0092, -357.7901 269.4109 0.0081, -357.7949 269.4157 0.0053, -357.7959 269.4167 0.0051, -357.7805 269.4632 0.0039, -357.785 269.4485 0.0039, -357.7923 269.4349 0.0039, -357.8021 269.4229 0.0039, -357.8586 269.3107 0.0433, -357.8594 269.3115 0.0346, -357.8595 269.3117 0.0331, -357.8615 269.3137 0.0263, -357.8623 269.3145 0.0236, -357.8648 269.317 0.019, -357.8667 269.3189 0.0155, -357.8692 269.3214 0.0128, -357.8725 269.3247 0.0092, -357.8744 269.3266 0.0081, -357.8792 269.3314 0.0053, -357.8802 269.3324 0.0051, -357.8864 269.3386 0.0039, -359.9473 270.7739 0.0345, -359.9483 270.7739 0.0433, -359.9483 271.0635 0.0433, -359.9468 270.7739 0.0332, -359.9469 271.0635 0.0331, -359.9444 270.7739 0.0262, -359.943 271.0635 0.0236, -359.9428 270.7739 0.0237, -359.9397 270.7739 0.0188, -359.9368 271.0635 0.0155, -359.9366 270.7739 0.0156, -359.9335 270.7739 0.0125, -359.9286 271.0635 0.0092, -359.9285 270.7739 0.0094, -359.926 270.7739 0.0078, -359.9191 271.0635 0.0053, -359.9191 270.7739 0.0054, -359.9177 270.7739 0.0049, -359.9089 271.0635 0.0039, -359.9089 270.7739 0.0039, -357.8718 269.2946 0.0433, -357.8733 269.2928 0.0433, -357.8744 269.2936 0.0331, -357.8911 269.248 0.0433, -357.8932 269.2272 0.0433, -357.8945 269.2272 0.0331, -357.906 269.3147 0.0039, -357.8975 269.309 0.0053, -357.8896 269.3038 0.0092, -357.8829 269.2992 0.0155, -357.8776 269.2958 0.0236, -357.8909 269.2503 0.0433, -357.8922 269.2505 0.0331, -357.8961 269.2513 0.0236, -357.8984 269.2272 0.0236, -357.9022 269.2525 0.0155, -357.9047 269.2272 0.0155, -357.9102 269.2541 0.0092, -357.9129 269.2272 0.0092, -357.9195 269.256 0.0053, -357.9223 269.2272 0.0053, -357.9295 269.2579 0.0039, -357.9325 269.2272 0.0039, -357.9206 269.2875 0.0039, -357.9111 269.2836 0.0053, -357.9024 269.2799 0.0092, -357.8948 269.2768 0.0155, -357.8891 269.2744 0.0236, -357.8854 269.2729 0.0331, -357.8842 269.2724 0.0433, -359.9697 270.7065 0.0433, -359.9682 270.7083 0.0433, -359.9674 270.7077 0.0345, -359.9119 270.7432 0.0039, -359.9205 270.7449 0.0049, -359.9287 270.7465 0.0078, -359.936 270.7479 0.0125, -359.9421 270.7492 0.0188, -359.9467 270.7501 0.0262, -359.9496 270.7506 0.0345, -359.9506 270.7508 0.0433, -359.9503 270.7531 0.0433, -359.9209 270.7136 0.0039, -359.929 270.717 0.0049, -359.9367 270.7202 0.0078, -359.9436 270.723 0.0125, -359.9493 270.7254 0.0188, -359.9537 270.7272 0.0262, -359.9564 270.7283 0.0345, -359.9573 270.7287 0.0433, -359.9355 270.6864 0.0039, -359.9427 270.6913 0.0049, -359.9497 270.6959 0.0078, -359.9559 270.7 0.0125, -359.9611 270.7035 0.0188, -359.965 270.7061 0.0262, -359.9829 270.6904 0.0433, -359.9822 270.6897 0.0345, -359.9801 270.6876 0.0262, -359.9768 270.6843 0.0188, -359.9724 270.6799 0.0125, -359.9671 270.6746 0.0078, -359.9612 270.6687 0.0049, -359.955 270.6625 0.0039, -357.8932 268.9376 0.0433, -357.8942 268.9376 0.0345, -357.8946 268.9376 0.0332, -357.8971 268.9376 0.0262, -357.8986 268.9376 0.0237, -357.9018 268.9376 0.0188, -357.9049 268.9376 0.0156, -357.908 268.9376 0.0125, -357.913 268.9376 0.0094, -357.9155 268.9376 0.0078, -357.9224 268.9376 0.0054, -357.9238 268.9376 0.0049, -357.9325 268.9376 0.0039, -360.0672 270.606 0.0433, -360.0664 270.6052 0.0346, -360.0663 270.6051 0.0331, -360.0643 270.6031 0.0263, -360.0635 270.6023 0.0236, -360.061 270.5998 0.019, -360.0591 270.5979 0.0155, -360.0566 270.5954 0.0128, -360.0533 270.5921 0.0092, -360.0514 270.5902 0.0081, -360.0466 270.5854 0.0053, -360.0456 270.5844 0.0051, -360.0394 270.5782 0.0039, -360.0819 270.5881 0.0433, -360.0808 270.5874 0.0331, -360.0775 270.5852 0.0236, -360.0723 270.5817 0.0155, -360.0656 270.5772 0.0092, -360.1018 270.5225 0.0433, -360.0996 270.5455 0.0433, -360.1005 270.5225 0.0331, -360.0982 270.5453 0.0331, -360.0966 270.5225 0.0236, -360.0944 270.5445 0.0236, -360.0903 270.5225 0.0155, -360.0883 270.5433 0.0155, -360.0821 270.5225 0.0092, -360.0803 270.5417 0.0092, -360.0726 270.5225 0.0053, -360.0709 270.5398 0.0053, -360.0625 270.5225 0.0039, -360.0928 270.5677 0.0433, -360.0916 270.5672 0.0331, -360.088 270.5657 0.0236, -360.0822 270.5633 0.0155, -360.0747 270.5602 0.0092, -360.0659 270.5565 0.0053, -360.0577 270.5719 0.0053, -360.0609 270.5379 0.0039, -360.0565 270.5526 0.0039, -360.0492 270.5662 0.0039, -360.0625 269.9296 0.0039, -360.0625 269.4786 0.0039, -360.0726 269.4786 0.0053, -360.0821 269.4786 0.0092, -360.0903 269.4786 0.0155, -360.0966 269.4786 0.0236, -360.1005 269.4786 0.0331, -360.1018 269.4786 0.0433, -360.0672 269.3951 0.0433, -360.0819 269.413 0.0433, -360.0664 269.3959 0.0346, -360.0808 269.4137 0.0331, -360.0663 269.396 0.0331, -360.0643 269.398 0.0263, -360.0775 269.4159 0.0236, -360.0635 269.3988 0.0236, -360.061 269.4013 0.019, -360.0723 269.4194 0.0155, -360.0591 269.4032 0.0155, -360.0566 269.4057 0.0128, -360.0656 269.4239 0.0092, -360.0533 269.409 0.0092, -360.0514 269.4109 0.0081, -360.0577 269.4292 0.0053, -360.0466 269.4157 0.0053, -360.0456 269.4167 0.0051, -360.0492 269.4349 0.0039, -360.0394 269.4229 0.0039, -360.0928 269.4334 0.0433, -360.0916 269.4339 0.0331, -360.088 269.4354 0.0236, -360.0822 269.4378 0.0155, -360.0747 269.4409 0.0092, -360.0659 269.4446 0.0053, -360.0565 269.4485 0.0039, -360.0996 269.4556 0.0433, -360.0982 269.4558 0.0331, -360.0944 269.4566 0.0236, -360.0883 269.4578 0.0155, -360.0803 269.4594 0.0092, -360.0709 269.4613 0.0053, -360.0609 269.4632 0.0039, -359.9483 268.9376 0.0433, -359.9483 269.2272 0.0433, -359.9469 269.2272 0.0331, -359.9469 268.9376 0.0331, -359.943 269.2272 0.0236, -359.943 268.9376 0.0236, -359.9368 269.2272 0.0155, -359.9368 268.9376 0.0155, -359.9286 269.2272 0.0092, -359.9286 268.9376 0.0092, -359.9191 269.2272 0.0053, -359.9191 268.9376 0.0053, -359.9089 269.2272 0.0039, -359.9089 268.9376 0.0039, -359.9829 269.3107 0.0433, -359.9821 269.3115 0.0346, -359.9819 269.3117 0.0331, -359.9799 269.3137 0.0263, -359.9792 269.3145 0.0236, -359.9766 269.317 0.019, -359.9747 269.3189 0.0155, -359.9723 269.3214 0.0128, -359.969 269.3247 0.0092, -359.967 269.3266 0.0081, -359.9622 269.3314 0.0053, -359.9612 269.3324 0.0051, -359.955 269.3386 0.0039, -359.9503 269.248 0.0433, -359.9506 269.2503 0.0433, -359.9492 269.2505 0.0331, -359.9355 269.3147 0.0039, -359.9439 269.309 0.0053, -359.9518 269.3038 0.0092, -359.9586 269.2992 0.0155, -359.9638 269.2958 0.0236, -359.9671 269.2936 0.0331, -359.9682 269.2928 0.0433, -359.9697 269.2946 0.0433, -359.9209 269.2875 0.0039, -359.9303 269.2836 0.0053, -359.9391 269.2799 0.0092, -359.9466 269.2768 0.0155, -359.9524 269.2744 0.0236, -359.956 269.2729 0.0331, -359.9573 269.2724 0.0433, -359.9119 269.2579 0.0039, -359.9219 269.256 0.0053, -359.9312 269.2541 0.0092, -359.9392 269.2525 0.0155, -359.9454 269.2513 0.0236
            ]
        }
        coordIndex [
            0,1,2,-1,2,1,3,-1,2,3,4,-1,4,3,5,-1,4,5,6,-1,6,5,7,-1,6,7,8,-1,8,7,9,-1,8,9,10,-1,10,9,11,-1,10,11,12,-1,12,11,13,-1,12,13,14,-1,14,13,15,-1,14,15,16,-1,16,15,17,-1,16,17,18,-1,18,17,19,-1,18,19,20,-1,20,19,21,-1,20,21,22,-1,22,21,23,-1,22,23,24,-1,24,23,25,-1,26,22,24,-1,22,26,20,-1,27,0,2,-1,28,27,29,-1,30,28,31,-1,32,30,33,-1,34,32,35,-1,36,34,37,-1,36,38,39,-1,39,38,40,-1,27,2,29,-1,29,2,4,-1,29,4,41,-1,4,6,41,-1,41,6,8,-1,41,8,42,-1,43,44,45,-1,45,44,46,-1,45,46,47,-1,47,46,48,-1,47,48,49,-1,49,48,50,-1,49,50,51,-1,51,50,52,-1,51,52,38,-1,38,52,53,-1,38,53,40,-1,30,31,33,-1,33,31,54,-1,33,54,55,-1,55,54,56,-1,55,56,57,-1,57,56,58,-1,57,58,59,-1,59,58,60,-1,59,60,61,-1,61,60,62,-1,61,62,63,-1,28,29,31,-1,31,29,41,-1,31,41,54,-1,54,41,42,-1,54,42,56,-1,56,42,64,-1,56,64,58,-1,58,64,65,-1,58,65,60,-1,60,65,66,-1,60,66,62,-1,18,66,16,-1,16,66,65,-1,16,65,14,-1,14,65,64,-1,14,64,12,-1,12,64,42,-1,12,42,10,-1,10,42,8,-1,18,20,66,-1,66,20,26,-1,66,26,62,-1,62,26,67,-1,62,67,63,-1,63,67,68,-1,69,70,71,-1,43,45,72,-1,72,45,73,-1,72,73,74,-1,74,73,69,-1,74,69,75,-1,75,69,71,-1,75,71,76,-1,36,37,38,-1,38,37,77,-1,38,77,51,-1,51,77,78,-1,51,78,49,-1,49,78,79,-1,49,79,47,-1,47,79,80,-1,47,80,45,-1,45,80,81,-1,45,81,73,-1,73,81,82,-1,73,82,69,-1,69,82,83,-1,69,83,70,-1,84,85,86,-1,34,35,37,-1,37,35,87,-1,37,87,77,-1,77,87,88,-1,77,88,78,-1,78,88,89,-1,78,89,79,-1,79,89,90,-1,79,90,80,-1,80,90,91,-1,80,91,81,-1,81,91,84,-1,81,84,82,-1,82,84,86,-1,82,86,83,-1,32,33,35,-1,35,33,55,-1,35,55,87,-1,87,55,57,-1,87,57,88,-1,88,57,59,-1,88,59,89,-1,89,59,61,-1,89,61,90,-1,90,61,63,-1,90,63,91,-1,91,63,68,-1,91,68,84,-1,84,68,92,-1,84,92,85,-1,24,93,26,-1,26,93,94,-1,26,94,67,-1,67,94,95,-1,67,95,68,-1,68,95,96,-1,68,96,92,-1,97,98,99,-1,100,97,101,-1,102,100,103,-1,104,102,105,-1,106,104,107,-1,106,108,1,-1,1,108,3,-1,3,108,5,-1,5,108,109,-1,5,109,7,-1,110,111,112,-1,112,111,113,-1,112,113,114,-1,114,113,99,-1,114,99,115,-1,115,99,98,-1,115,98,116,-1,7,109,9,-1,9,109,117,-1,9,117,11,-1,11,117,118,-1,11,118,13,-1,13,118,119,-1,13,119,15,-1,15,119,17,-1,17,119,120,-1,17,120,19,-1,97,99,101,-1,101,99,113,-1,101,113,121,-1,121,113,111,-1,121,111,122,-1,122,111,123,-1,122,123,124,-1,124,123,125,-1,124,125,126,-1,126,125,127,-1,126,127,128,-1,128,127,129,-1,128,129,130,-1,110,131,111,-1,111,131,132,-1,111,132,123,-1,123,132,133,-1,123,133,125,-1,125,133,134,-1,125,134,127,-1,127,134,135,-1,127,135,129,-1,129,135,136,-1,129,136,137,-1,19,120,21,-1,21,120,138,-1,21,138,23,-1,23,138,139,-1,23,139,25,-1,140,141,142,-1,106,107,108,-1,108,107,143,-1,108,143,109,-1,109,143,144,-1,109,144,117,-1,117,144,145,-1,117,145,118,-1,118,145,146,-1,118,146,119,-1,119,146,147,-1,119,147,120,-1,120,147,140,-1,120,140,138,-1,138,140,142,-1,138,142,139,-1,104,105,107,-1,107,105,148,-1,107,148,143,-1,143,148,149,-1,143,149,144,-1,144,149,150,-1,144,150,145,-1,145,150,151,-1,145,151,146,-1,146,151,152,-1,146,152,147,-1,147,152,153,-1,147,153,140,-1,140,153,154,-1,140,154,141,-1,155,156,157,-1,102,103,105,-1,105,103,158,-1,105,158,148,-1,148,158,159,-1,148,159,149,-1,149,159,160,-1,149,160,150,-1,150,160,161,-1,150,161,151,-1,151,161,162,-1,151,162,152,-1,152,162,155,-1,152,155,153,-1,153,155,157,-1,153,157,154,-1,130,163,164,-1,100,101,103,-1,103,101,121,-1,103,121,158,-1,158,121,122,-1,158,122,159,-1,159,122,124,-1,159,124,160,-1,160,124,126,-1,160,126,161,-1,161,126,128,-1,161,128,162,-1,162,128,130,-1,162,130,155,-1,155,130,164,-1,155,164,156,-1,163,130,165,-1,165,130,129,-1,165,129,166,-1,166,129,137,-1,166,137,167,-1,40,53,168,-1,52,50,169,-1,48,46,170,-1,44,43,171,-1,75,76,172,-1,173,174,175,-1,175,174,176,-1,177,178,179,-1,180,181,182,-1,182,181,183,-1,182,183,184,-1,185,186,187,-1,72,74,188,-1,188,74,75,-1,189,39,40,-1,75,172,188,-1,188,172,190,-1,188,190,191,-1,191,190,192,-1,191,192,193,-1,193,192,194,-1,193,194,195,-1,196,186,197,-1,197,186,185,-1,197,185,198,-1,198,185,199,-1,198,199,200,-1,200,199,201,-1,200,201,202,-1,202,201,195,-1,202,195,203,-1,203,195,194,-1,187,204,185,-1,185,204,205,-1,185,205,199,-1,199,205,206,-1,199,206,201,-1,201,206,207,-1,201,207,195,-1,195,207,208,-1,195,208,193,-1,193,208,209,-1,193,209,191,-1,191,209,210,-1,191,210,188,-1,188,210,171,-1,188,171,72,-1,72,171,43,-1,204,180,205,-1,205,180,182,-1,205,182,206,-1,206,182,211,-1,206,211,207,-1,207,211,212,-1,207,212,208,-1,208,212,213,-1,208,213,209,-1,209,213,214,-1,209,214,210,-1,210,214,215,-1,210,215,171,-1,171,215,170,-1,171,170,44,-1,44,170,46,-1,184,178,182,-1,182,178,177,-1,182,177,211,-1,211,177,216,-1,211,216,212,-1,212,216,217,-1,212,217,213,-1,213,217,218,-1,213,218,214,-1,214,218,219,-1,214,219,215,-1,215,219,220,-1,215,220,170,-1,170,220,169,-1,170,169,48,-1,48,169,50,-1,179,173,177,-1,177,173,175,-1,177,175,216,-1,216,175,221,-1,216,221,217,-1,217,221,222,-1,217,222,218,-1,218,222,223,-1,218,223,219,-1,219,223,224,-1,219,224,220,-1,220,224,225,-1,220,225,169,-1,169,225,168,-1,169,168,52,-1,52,168,53,-1,40,168,189,-1,189,168,225,-1,189,225,226,-1,226,225,224,-1,226,224,227,-1,227,224,223,-1,227,223,228,-1,228,223,222,-1,228,222,229,-1,229,222,221,-1,229,221,230,-1,230,221,175,-1,230,175,231,-1,231,175,176,-1,231,176,232,-1,233,234,235,-1,236,237,238,-1,239,240,241,-1,239,241,242,-1,242,241,243,-1,242,243,244,-1,240,239,245,-1,245,239,246,-1,245,246,247,-1,248,249,246,-1,246,249,250,-1,246,250,247,-1,251,252,248,-1,248,252,253,-1,248,253,249,-1,254,255,251,-1,251,255,256,-1,251,256,252,-1,257,114,115,-1,258,110,112,-1,259,132,131,-1,260,134,133,-1,261,136,135,-1,136,261,137,-1,137,261,262,-1,137,262,167,-1,263,262,264,-1,264,262,261,-1,264,261,260,-1,260,261,135,-1,260,135,134,-1,234,263,235,-1,235,263,264,-1,235,264,265,-1,265,264,260,-1,265,260,259,-1,259,260,133,-1,259,133,132,-1,266,237,267,-1,267,237,236,-1,267,236,268,-1,269,233,270,-1,270,233,235,-1,270,235,271,-1,271,235,265,-1,271,265,272,-1,272,265,259,-1,272,259,258,-1,258,259,131,-1,258,131,110,-1,273,238,274,-1,274,238,237,-1,274,237,275,-1,275,237,266,-1,275,266,276,-1,277,269,278,-1,278,269,270,-1,278,270,279,-1,279,270,271,-1,279,271,280,-1,280,271,272,-1,280,272,281,-1,281,272,258,-1,281,258,257,-1,257,258,112,-1,257,112,114,-1,282,273,283,-1,283,273,274,-1,283,274,284,-1,284,274,275,-1,284,275,285,-1,285,275,276,-1,285,276,286,-1,287,277,282,-1,282,277,278,-1,282,278,273,-1,273,278,279,-1,273,279,238,-1,238,279,280,-1,238,280,236,-1,236,280,281,-1,236,281,268,-1,268,281,257,-1,288,286,289,-1,289,286,276,-1,289,276,290,-1,290,276,266,-1,290,266,291,-1,291,266,267,-1,291,267,292,-1,292,267,268,-1,292,268,293,-1,293,268,257,-1,293,257,294,-1,294,257,115,-1,294,115,116,-1,244,295,242,-1,242,295,296,-1,242,296,297,-1,298,254,288,-1,288,254,251,-1,288,251,286,-1,286,251,248,-1,286,248,285,-1,285,248,246,-1,285,246,284,-1,284,246,239,-1,284,239,283,-1,283,239,242,-1,283,242,282,-1,282,242,297,-1,282,297,287,-1,299,300,301,-1,186,196,302,-1,303,304,305,-1,174,173,306,-1,306,173,179,-1,307,305,308,-1,308,305,304,-1,308,304,309,-1,310,311,312,-1,312,311,313,-1,312,313,314,-1,310,315,311,-1,311,315,316,-1,311,316,301,-1,301,316,317,-1,318,299,319,-1,319,299,301,-1,319,301,320,-1,320,301,317,-1,321,322,323,-1,196,324,302,-1,302,324,325,-1,302,325,326,-1,307,327,305,-1,305,327,328,-1,305,328,176,-1,176,328,329,-1,176,329,232,-1,326,321,302,-1,302,321,323,-1,302,323,330,-1,330,323,331,-1,330,331,306,-1,181,180,330,-1,330,180,204,-1,330,204,302,-1,302,204,187,-1,302,187,186,-1,179,178,306,-1,306,178,184,-1,306,184,330,-1,330,184,183,-1,330,183,181,-1,300,309,301,-1,301,309,304,-1,301,304,311,-1,311,304,303,-1,311,303,313,-1,313,303,332,-1,313,332,314,-1,314,332,333,-1,334,335,332,-1,332,335,336,-1,332,336,333,-1,322,334,323,-1,323,334,332,-1,323,332,331,-1,331,332,303,-1,331,303,306,-1,306,303,305,-1,306,305,174,-1,174,305,176,-1,337,338,339,-1,340,341,342,-1,343,344,345,-1,345,344,346,-1,347,348,349,-1,349,348,350,-1,351,352,353,-1,353,352,354,-1,353,354,355,-1,356,354,357,-1,357,354,352,-1,357,352,358,-1,358,352,359,-1,356,360,354,-1,354,360,361,-1,354,361,355,-1,355,361,362,-1,355,362,363,-1,364,352,365,-1,365,352,351,-1,365,351,366,-1,249,253,367,-1,249,367,250,-1,245,247,368,-1,368,247,250,-1,253,252,367,-1,367,252,256,-1,367,256,339,-1,298,337,254,-1,254,337,339,-1,254,339,255,-1,255,339,256,-1,243,349,244,-1,244,349,295,-1,350,295,349,-1,364,369,352,-1,352,369,370,-1,352,370,359,-1,359,370,371,-1,359,371,372,-1,372,371,373,-1,345,374,343,-1,343,374,342,-1,343,342,375,-1,375,342,341,-1,338,366,339,-1,339,366,351,-1,339,351,367,-1,367,351,353,-1,367,353,374,-1,374,353,355,-1,374,355,342,-1,342,355,363,-1,342,363,340,-1,243,241,368,-1,368,241,240,-1,368,240,245,-1,250,367,368,-1,368,367,374,-1,368,374,243,-1,243,374,345,-1,243,345,349,-1,349,345,346,-1,349,346,347,-1,376,377,378,-1,379,380,381,-1,382,379,383,-1,324,196,384,-1,322,321,385,-1,385,321,326,-1,385,326,382,-1,382,326,325,-1,382,325,324,-1,333,336,386,-1,386,336,335,-1,386,335,385,-1,385,335,334,-1,385,334,322,-1,333,386,314,-1,314,386,387,-1,314,387,312,-1,316,387,388,-1,316,315,387,-1,387,315,310,-1,387,310,312,-1,318,319,388,-1,319,320,388,-1,388,320,317,-1,388,317,316,-1,382,383,385,-1,385,383,389,-1,385,389,386,-1,386,389,390,-1,386,390,387,-1,387,390,391,-1,387,391,388,-1,388,391,392,-1,388,392,318,-1,379,381,383,-1,383,381,393,-1,383,393,389,-1,389,393,394,-1,389,394,390,-1,390,394,395,-1,390,395,391,-1,391,395,396,-1,391,396,392,-1,324,384,382,-1,382,384,397,-1,382,397,379,-1,379,397,398,-1,379,398,380,-1,380,398,399,-1,380,399,400,-1,400,401,380,-1,380,401,402,-1,380,402,381,-1,381,402,403,-1,381,403,393,-1,393,403,404,-1,393,404,394,-1,394,404,376,-1,394,376,395,-1,395,376,378,-1,395,378,396,-1,405,377,406,-1,406,377,376,-1,406,376,407,-1,407,376,404,-1,407,404,408,-1,408,404,403,-1,408,403,409,-1,409,403,402,-1,409,402,410,-1,410,402,401,-1,410,401,411,-1,411,401,400,-1,412,413,414,-1,415,416,417,-1,418,415,419,-1,346,344,420,-1,357,358,412,-1,373,413,372,-1,372,413,412,-1,372,412,359,-1,359,412,358,-1,357,412,356,-1,356,412,421,-1,356,421,360,-1,340,363,422,-1,422,363,362,-1,422,362,421,-1,421,362,361,-1,421,361,360,-1,344,343,420,-1,420,343,375,-1,420,375,422,-1,422,375,341,-1,422,341,340,-1,346,420,347,-1,347,420,423,-1,347,423,348,-1,424,295,423,-1,423,295,350,-1,423,350,348,-1,425,426,427,-1,425,418,428,-1,428,418,429,-1,428,429,430,-1,430,429,431,-1,430,431,432,-1,432,431,433,-1,432,433,434,-1,434,433,435,-1,434,435,436,-1,418,419,429,-1,429,419,437,-1,429,437,431,-1,431,437,438,-1,431,438,433,-1,433,438,439,-1,433,439,435,-1,435,439,440,-1,435,440,436,-1,415,417,419,-1,419,417,441,-1,419,441,437,-1,437,441,442,-1,437,442,438,-1,438,442,443,-1,438,443,439,-1,439,443,444,-1,439,444,440,-1,425,427,418,-1,418,427,445,-1,418,445,415,-1,415,445,446,-1,415,446,416,-1,416,446,447,-1,416,447,424,-1,424,423,416,-1,416,423,420,-1,416,420,417,-1,417,420,422,-1,417,422,441,-1,441,422,421,-1,441,421,442,-1,442,421,412,-1,442,412,443,-1,443,412,414,-1,443,414,444,-1,448,449,450,-1,451,452,453,-1,410,411,454,-1,409,410,451,-1,408,409,455,-1,407,408,456,-1,457,405,458,-1,458,405,406,-1,410,454,451,-1,451,454,459,-1,451,459,452,-1,407,456,460,-1,460,456,461,-1,460,461,462,-1,463,457,462,-1,462,457,458,-1,462,458,460,-1,460,458,406,-1,460,406,407,-1,459,464,465,-1,459,465,452,-1,452,465,466,-1,452,466,453,-1,453,466,467,-1,453,467,468,-1,409,451,455,-1,455,451,453,-1,455,453,450,-1,450,453,468,-1,450,468,448,-1,408,455,456,-1,456,455,450,-1,456,450,461,-1,461,450,449,-1,461,449,469,-1,469,470,461,-1,461,470,471,-1,461,471,462,-1,462,471,472,-1,462,472,473,-1,463,462,474,-1,474,462,473,-1,474,473,475,-1,476,477,478,-1,479,480,481,-1,482,483,484,-1,434,482,432,-1,432,482,485,-1,432,485,430,-1,430,485,486,-1,430,486,428,-1,428,486,487,-1,428,487,425,-1,425,487,488,-1,425,488,426,-1,482,484,485,-1,485,484,489,-1,485,489,486,-1,486,489,490,-1,486,490,487,-1,487,490,479,-1,487,479,488,-1,488,479,481,-1,488,481,426,-1,476,478,491,-1,492,480,493,-1,493,480,479,-1,493,479,494,-1,494,479,490,-1,494,490,495,-1,495,490,489,-1,495,489,496,-1,496,489,484,-1,496,484,478,-1,478,484,483,-1,478,483,491,-1,491,483,482,-1,491,482,497,-1,497,482,434,-1,497,434,436,-1,466,465,498,-1,468,467,499,-1,500,501,502,-1,503,504,505,-1,506,507,508,-1,509,510,511,-1,510,512,513,-1,506,508,514,-1,504,515,500,-1,516,517,518,-1,518,517,503,-1,519,520,521,-1,510,513,511,-1,511,513,522,-1,511,522,523,-1,524,501,508,-1,508,501,500,-1,508,500,514,-1,514,500,515,-1,520,516,521,-1,521,516,518,-1,521,518,498,-1,475,473,525,-1,525,473,523,-1,525,523,526,-1,526,523,522,-1,473,472,523,-1,523,472,524,-1,523,524,511,-1,511,524,508,-1,511,508,509,-1,509,508,507,-1,472,471,524,-1,524,471,470,-1,524,470,501,-1,501,470,469,-1,501,469,502,-1,502,469,449,-1,502,449,448,-1,504,500,505,-1,505,500,502,-1,505,502,499,-1,499,502,448,-1,499,448,468,-1,503,505,518,-1,518,505,499,-1,518,499,498,-1,498,499,467,-1,498,467,466,-1,519,521,527,-1,527,521,498,-1,527,498,528,-1,528,498,465,-1,528,465,464,-1,529,530,531,-1,532,533,534,-1,535,536,537,-1,478,538,496,-1,496,538,539,-1,496,539,495,-1,495,539,540,-1,495,540,494,-1,494,540,541,-1,494,541,493,-1,493,541,542,-1,493,542,492,-1,535,538,543,-1,543,538,478,-1,543,478,477,-1,535,537,538,-1,538,537,544,-1,538,544,539,-1,539,544,545,-1,539,545,540,-1,540,545,546,-1,540,546,541,-1,541,546,532,-1,541,532,542,-1,542,532,534,-1,542,534,492,-1,547,533,548,-1,548,533,532,-1,548,532,549,-1,549,532,546,-1,549,546,550,-1,550,546,545,-1,550,545,551,-1,551,545,544,-1,551,544,531,-1,531,544,537,-1,531,537,529,-1,529,537,536,-1,552,512,553,-1,553,512,510,-1,553,510,554,-1,554,510,509,-1,554,509,555,-1,555,509,507,-1,555,507,556,-1,556,507,506,-1,556,506,557,-1,557,506,514,-1,557,514,558,-1,558,514,515,-1,558,515,559,-1,559,515,504,-1,559,504,560,-1,560,504,503,-1,560,503,561,-1,561,503,517,-1,561,517,562,-1,562,517,516,-1,562,516,563,-1,563,516,520,-1,563,520,564,-1,564,520,519,-1,530,565,531,-1,531,565,566,-1,531,566,551,-1,551,566,567,-1,551,567,550,-1,550,567,568,-1,550,568,549,-1,549,568,569,-1,549,569,548,-1,548,569,570,-1,548,570,547,-1,547,570,571,-1,572,573,574,-1,575,576,577,-1,578,579,580,-1,581,582,583,-1,584,585,586,-1,585,587,588,-1,584,586,589,-1,582,590,575,-1,591,592,593,-1,593,592,594,-1,593,594,595,-1,585,588,586,-1,586,588,596,-1,586,596,597,-1,579,581,580,-1,580,581,583,-1,580,583,598,-1,599,591,574,-1,574,591,593,-1,574,593,572,-1,572,593,595,-1,572,595,600,-1,552,553,601,-1,601,553,597,-1,601,597,602,-1,602,597,596,-1,553,554,597,-1,597,554,576,-1,597,576,586,-1,586,576,575,-1,586,575,589,-1,589,575,590,-1,554,555,576,-1,576,555,556,-1,576,556,577,-1,577,556,557,-1,577,557,558,-1,582,575,583,-1,583,575,577,-1,583,577,598,-1,598,577,558,-1,598,558,559,-1,559,560,598,-1,598,560,573,-1,598,573,580,-1,580,573,572,-1,580,572,578,-1,578,572,600,-1,564,599,563,-1,563,599,574,-1,563,574,562,-1,562,574,573,-1,562,573,561,-1,561,573,560,-1,603,604,605,-1,606,607,608,-1,609,610,611,-1,566,612,567,-1,567,612,613,-1,567,613,568,-1,568,613,614,-1,568,614,569,-1,569,614,615,-1,569,615,570,-1,570,615,616,-1,570,616,571,-1,609,612,617,-1,617,612,566,-1,617,566,565,-1,609,611,612,-1,612,611,618,-1,612,618,613,-1,613,618,619,-1,613,619,614,-1,614,619,620,-1,614,620,615,-1,615,620,606,-1,615,606,616,-1,616,606,608,-1,616,608,571,-1,621,607,622,-1,622,607,606,-1,622,606,623,-1,623,606,620,-1,623,620,624,-1,624,620,619,-1,624,619,625,-1,625,619,618,-1,625,618,605,-1,605,618,611,-1,605,611,603,-1,603,611,610,-1,626,627,628,-1,629,630,631,-1,632,629,626,-1,633,632,634,-1,629,631,626,-1,626,631,635,-1,626,635,627,-1,636,633,637,-1,637,633,634,-1,637,634,638,-1,639,640,641,-1,641,640,642,-1,641,642,643,-1,643,642,644,-1,645,587,585,-1,645,585,635,-1,635,585,627,-1,627,585,584,-1,627,584,628,-1,584,589,628,-1,628,589,590,-1,628,590,582,-1,632,626,634,-1,634,626,628,-1,634,628,638,-1,638,628,582,-1,638,582,581,-1,581,579,638,-1,638,579,639,-1,638,639,637,-1,637,639,641,-1,637,641,636,-1,636,641,643,-1,579,578,639,-1,639,578,600,-1,639,600,640,-1,640,600,595,-1,640,595,594,-1,644,642,646,-1,646,642,640,-1,646,640,647,-1,647,640,594,-1,647,594,592,-1,648,649,650,-1,650,649,651,-1,652,653,654,-1,654,653,655,-1,654,655,656,-1,656,655,657,-1,656,657,658,-1,658,657,659,-1,658,659,660,-1,660,659,661,-1,660,661,662,-1,663,653,664,-1,664,653,652,-1,664,652,665,-1,663,666,653,-1,653,666,667,-1,653,667,655,-1,655,667,668,-1,655,668,657,-1,657,668,669,-1,657,669,659,-1,659,669,650,-1,659,650,661,-1,661,650,651,-1,661,651,662,-1,604,648,605,-1,605,648,650,-1,605,650,625,-1,625,650,669,-1,625,669,624,-1,624,669,668,-1,624,668,623,-1,623,668,667,-1,623,667,622,-1,622,667,666,-1,622,666,621,-1,621,666,663,-1,670,671,672,-1,673,670,674,-1,675,676,677,-1,677,676,678,-1,677,678,679,-1,680,681,676,-1,676,681,682,-1,676,682,678,-1,683,684,680,-1,680,684,685,-1,680,685,681,-1,686,683,687,-1,687,683,688,-1,686,689,683,-1,683,689,690,-1,683,690,684,-1,691,692,693,-1,693,692,694,-1,693,694,688,-1,688,694,695,-1,688,695,687,-1,643,644,696,-1,643,673,636,-1,636,673,697,-1,636,697,633,-1,633,697,698,-1,633,698,632,-1,632,698,699,-1,632,699,629,-1,629,699,700,-1,629,700,630,-1,673,674,697,-1,697,674,701,-1,697,701,698,-1,698,701,702,-1,698,702,699,-1,699,702,703,-1,699,703,700,-1,700,703,704,-1,700,704,630,-1,670,672,674,-1,674,672,705,-1,674,705,701,-1,701,705,706,-1,701,706,702,-1,702,706,707,-1,702,707,703,-1,703,707,708,-1,703,708,704,-1,643,696,673,-1,673,696,709,-1,673,709,670,-1,670,709,710,-1,670,710,671,-1,671,710,711,-1,671,711,712,-1,713,691,712,-1,712,691,693,-1,712,693,671,-1,671,693,688,-1,671,688,672,-1,672,688,683,-1,672,683,705,-1,705,683,680,-1,705,680,706,-1,706,680,676,-1,706,676,707,-1,707,676,675,-1,707,675,708,-1,714,715,716,-1,717,718,719,-1,720,721,722,-1,721,720,723,-1,723,720,724,-1,723,724,725,-1,726,727,728,-1,728,727,729,-1,728,729,724,-1,724,729,730,-1,724,730,725,-1,731,732,728,-1,728,732,733,-1,728,733,726,-1,734,731,735,-1,734,736,731,-1,731,736,737,-1,731,737,732,-1,738,739,735,-1,735,739,740,-1,735,740,734,-1,741,738,742,-1,742,738,735,-1,742,735,743,-1,743,735,731,-1,743,731,744,-1,744,731,728,-1,744,728,745,-1,745,728,724,-1,745,724,746,-1,746,724,720,-1,746,720,717,-1,717,719,746,-1,746,719,747,-1,746,747,745,-1,745,747,748,-1,745,748,744,-1,744,748,749,-1,744,749,743,-1,743,749,750,-1,743,750,742,-1,722,751,720,-1,720,751,752,-1,720,752,717,-1,717,752,753,-1,717,753,718,-1,718,753,754,-1,718,754,755,-1,755,756,718,-1,718,756,757,-1,718,757,719,-1,719,757,758,-1,719,758,747,-1,747,758,759,-1,747,759,748,-1,748,759,714,-1,748,714,749,-1,749,714,716,-1,749,716,750,-1,662,715,660,-1,660,715,714,-1,660,714,658,-1,658,714,759,-1,658,759,656,-1,656,759,758,-1,656,758,654,-1,654,758,757,-1,654,757,652,-1,652,757,756,-1,652,756,665,-1,665,756,755,-1,692,691,760,-1,682,681,761,-1,761,681,685,-1,761,685,762,-1,763,764,765,-1,763,765,766,-1,766,765,767,-1,766,767,768,-1,769,770,771,-1,771,770,772,-1,771,772,773,-1,773,774,775,-1,776,760,777,-1,777,760,713,-1,691,713,760,-1,778,779,780,-1,780,779,781,-1,780,781,678,-1,678,781,782,-1,678,782,679,-1,783,687,784,-1,784,687,695,-1,784,695,760,-1,760,695,694,-1,760,694,692,-1,686,687,785,-1,785,687,783,-1,785,783,762,-1,762,783,786,-1,762,786,761,-1,761,786,780,-1,761,780,682,-1,682,780,678,-1,685,684,762,-1,762,684,690,-1,762,690,785,-1,785,690,689,-1,785,689,686,-1,773,775,771,-1,771,775,787,-1,771,787,788,-1,768,769,766,-1,766,769,771,-1,766,771,789,-1,789,771,788,-1,789,788,790,-1,763,791,792,-1,792,793,763,-1,763,793,794,-1,763,794,764,-1,776,795,760,-1,760,795,791,-1,760,791,784,-1,784,791,763,-1,784,763,783,-1,783,763,766,-1,783,766,786,-1,786,766,789,-1,786,789,780,-1,780,789,790,-1,780,790,778,-1,733,732,796,-1,797,798,799,-1,799,798,800,-1,801,802,803,-1,803,804,805,-1,806,807,808,-1,809,810,811,-1,811,810,812,-1,796,732,813,-1,813,732,737,-1,813,737,736,-1,736,734,813,-1,813,734,740,-1,813,740,814,-1,814,740,739,-1,814,739,815,-1,815,739,738,-1,815,738,741,-1,814,802,813,-1,813,802,801,-1,813,801,796,-1,796,801,816,-1,796,816,733,-1,725,730,817,-1,723,799,721,-1,721,799,722,-1,800,722,799,-1,818,819,820,-1,820,819,804,-1,820,804,821,-1,821,804,803,-1,821,803,822,-1,812,806,811,-1,811,806,808,-1,811,808,823,-1,823,808,817,-1,807,824,808,-1,808,824,825,-1,808,825,826,-1,723,725,799,-1,799,725,817,-1,799,817,797,-1,797,817,808,-1,797,808,827,-1,827,808,826,-1,815,828,814,-1,814,828,829,-1,814,829,802,-1,802,829,830,-1,802,830,803,-1,803,830,831,-1,803,831,822,-1,729,727,816,-1,816,727,726,-1,816,726,733,-1,730,729,817,-1,817,729,816,-1,817,816,823,-1,823,816,801,-1,823,801,811,-1,811,801,803,-1,811,803,809,-1,809,803,805,-1,832,833,834,-1,835,836,837,-1,793,792,838,-1,795,776,839,-1,777,713,840,-1,838,792,839,-1,839,792,791,-1,839,791,795,-1,793,838,794,-1,794,838,841,-1,794,841,764,-1,842,767,841,-1,841,767,765,-1,841,765,764,-1,843,769,842,-1,842,769,768,-1,842,768,767,-1,844,774,843,-1,843,774,773,-1,773,772,843,-1,843,772,770,-1,843,770,769,-1,845,846,847,-1,848,849,850,-1,851,852,853,-1,854,855,856,-1,857,858,859,-1,858,857,860,-1,860,857,861,-1,860,861,862,-1,863,861,864,-1,864,861,857,-1,864,857,854,-1,854,857,859,-1,854,859,855,-1,833,863,834,-1,834,863,864,-1,834,864,865,-1,865,864,854,-1,865,854,851,-1,851,854,856,-1,851,856,852,-1,866,836,867,-1,867,836,835,-1,867,835,868,-1,869,832,870,-1,870,832,834,-1,870,834,871,-1,871,834,865,-1,871,865,872,-1,872,865,851,-1,872,851,848,-1,848,851,853,-1,848,853,849,-1,873,837,874,-1,874,837,836,-1,874,836,875,-1,875,836,866,-1,875,866,876,-1,877,869,878,-1,878,869,870,-1,878,870,879,-1,879,870,871,-1,879,871,880,-1,880,871,872,-1,880,872,881,-1,881,872,848,-1,881,848,845,-1,845,848,850,-1,845,850,846,-1,882,873,883,-1,883,873,874,-1,883,874,884,-1,884,874,875,-1,884,875,885,-1,885,875,876,-1,885,876,886,-1,887,877,882,-1,882,877,878,-1,882,878,873,-1,873,878,879,-1,873,879,837,-1,837,879,880,-1,837,880,835,-1,835,880,881,-1,835,881,868,-1,868,881,845,-1,844,886,888,-1,888,886,876,-1,888,876,889,-1,889,876,866,-1,889,866,890,-1,890,866,867,-1,890,867,891,-1,891,867,868,-1,891,868,892,-1,892,868,845,-1,892,845,893,-1,893,845,847,-1,893,847,894,-1,895,839,840,-1,840,839,776,-1,840,776,777,-1,844,843,886,-1,886,843,842,-1,886,842,885,-1,885,842,841,-1,885,841,884,-1,884,841,838,-1,884,838,883,-1,883,838,839,-1,883,839,882,-1,882,839,895,-1,882,895,887,-1,896,897,898,-1,899,900,901,-1,902,903,904,-1,905,906,907,-1,908,909,910,-1,800,798,911,-1,809,805,912,-1,912,805,804,-1,912,804,819,-1,806,812,913,-1,913,812,810,-1,826,825,914,-1,914,825,824,-1,914,824,807,-1,797,827,915,-1,800,911,722,-1,916,917,918,-1,918,917,908,-1,919,920,896,-1,908,910,918,-1,918,910,921,-1,918,921,922,-1,922,921,923,-1,922,923,924,-1,924,923,925,-1,924,925,926,-1,925,927,926,-1,926,927,928,-1,926,928,929,-1,929,928,930,-1,929,930,931,-1,931,930,932,-1,931,932,911,-1,911,932,933,-1,911,933,722,-1,798,797,911,-1,911,797,915,-1,911,915,931,-1,931,915,934,-1,931,934,929,-1,929,934,935,-1,929,935,926,-1,926,935,936,-1,926,936,924,-1,924,936,937,-1,924,937,922,-1,922,937,938,-1,922,938,918,-1,918,938,907,-1,918,907,916,-1,916,907,906,-1,827,826,915,-1,915,826,914,-1,915,914,934,-1,934,914,939,-1,934,939,935,-1,935,939,940,-1,935,940,936,-1,936,940,941,-1,936,941,937,-1,937,941,942,-1,937,942,938,-1,938,942,943,-1,938,943,907,-1,907,943,904,-1,907,904,905,-1,905,904,903,-1,807,806,914,-1,914,806,913,-1,914,913,939,-1,939,913,944,-1,939,944,940,-1,940,944,945,-1,940,945,941,-1,941,945,946,-1,941,946,942,-1,942,946,947,-1,942,947,943,-1,943,947,948,-1,943,948,904,-1,904,948,901,-1,904,901,902,-1,902,901,900,-1,810,809,913,-1,913,809,912,-1,913,912,944,-1,944,912,949,-1,944,949,945,-1,945,949,950,-1,945,950,946,-1,946,950,951,-1,946,951,947,-1,947,951,952,-1,947,952,948,-1,948,952,953,-1,948,953,901,-1,901,953,898,-1,901,898,899,-1,899,898,897,-1,896,898,919,-1,919,898,953,-1,919,953,954,-1,954,953,952,-1,954,952,955,-1,955,952,951,-1,955,951,956,-1,956,951,950,-1,956,950,957,-1,957,950,949,-1,957,949,958,-1,958,949,912,-1,958,912,959,-1,959,912,819,-1,959,819,818,-1,960,961,962,-1,963,960,964,-1,965,963,966,-1,967,965,968,-1,969,967,970,-1,969,971,972,-1,972,971,973,-1,973,971,974,-1,974,971,975,-1,974,975,976,-1,849,977,850,-1,850,977,978,-1,850,978,846,-1,846,978,962,-1,846,962,847,-1,847,962,961,-1,847,961,894,-1,976,975,979,-1,979,975,980,-1,979,980,981,-1,981,980,982,-1,981,982,983,-1,983,982,984,-1,983,984,985,-1,985,984,986,-1,986,984,987,-1,986,987,988,-1,960,962,964,-1,964,962,978,-1,964,978,989,-1,989,978,977,-1,989,977,990,-1,990,977,991,-1,990,991,992,-1,992,991,993,-1,992,993,994,-1,994,993,995,-1,994,995,996,-1,996,995,997,-1,996,997,998,-1,849,853,977,-1,977,853,852,-1,977,852,991,-1,991,852,856,-1,991,856,993,-1,993,856,855,-1,993,855,995,-1,995,855,859,-1,995,859,997,-1,997,859,858,-1,997,858,860,-1,988,987,999,-1,999,987,1000,-1,999,1000,1001,-1,1001,1000,1002,-1,1001,1002,1003,-1,1004,1005,1006,-1,969,970,971,-1,971,970,1007,-1,971,1007,975,-1,975,1007,1008,-1,975,1008,980,-1,980,1008,1009,-1,980,1009,982,-1,982,1009,1010,-1,982,1010,984,-1,984,1010,1011,-1,984,1011,987,-1,987,1011,1004,-1,987,1004,1000,-1,1000,1004,1006,-1,1000,1006,1002,-1,967,968,970,-1,970,968,1012,-1,970,1012,1007,-1,1007,1012,1013,-1,1007,1013,1008,-1,1008,1013,1014,-1,1008,1014,1009,-1,1009,1014,1015,-1,1009,1015,1010,-1,1010,1015,1016,-1,1010,1016,1011,-1,1011,1016,1017,-1,1011,1017,1004,-1,1004,1017,1018,-1,1004,1018,1005,-1,1019,1020,1021,-1,965,966,968,-1,968,966,1022,-1,968,1022,1012,-1,1012,1022,1023,-1,1012,1023,1013,-1,1013,1023,1024,-1,1013,1024,1014,-1,1014,1024,1025,-1,1014,1025,1015,-1,1015,1025,1026,-1,1015,1026,1016,-1,1016,1026,1019,-1,1016,1019,1017,-1,1017,1019,1021,-1,1017,1021,1018,-1,998,1027,1028,-1,963,964,966,-1,966,964,989,-1,966,989,1022,-1,1022,989,990,-1,1022,990,1023,-1,1023,990,992,-1,1023,992,1024,-1,1024,992,994,-1,1024,994,1025,-1,1025,994,996,-1,1025,996,1026,-1,1026,996,998,-1,1026,998,1019,-1,1019,998,1028,-1,1019,1028,1020,-1,1027,998,1029,-1,1029,998,997,-1,1029,997,1030,-1,1030,997,860,-1,1030,860,862,-1,1031,1032,1033,-1,1032,1031,1034,-1,1035,1036,1037,-1,1038,1035,1039,-1,1040,1038,1041,-1,1042,1040,1043,-1,1044,1042,1045,-1,1046,1044,1047,-1,1046,1048,920,-1,920,1048,896,-1,1035,1037,1039,-1,1039,1037,1049,-1,1039,1049,1050,-1,1049,1051,1050,-1,1050,1051,1052,-1,1050,1052,1053,-1,906,905,1054,-1,1054,905,903,-1,1054,903,1055,-1,1055,903,902,-1,1055,902,1056,-1,1056,902,900,-1,1056,900,1057,-1,1057,900,899,-1,1057,899,1048,-1,1048,899,897,-1,1048,897,896,-1,1040,1041,1043,-1,1043,1041,1058,-1,1043,1058,1059,-1,1059,1058,1060,-1,1059,1060,1061,-1,1061,1060,1062,-1,1061,1062,1063,-1,1063,1062,1064,-1,1063,1064,1065,-1,1065,1064,1066,-1,1065,1066,1067,-1,1038,1039,1041,-1,1041,1039,1050,-1,1041,1050,1058,-1,1058,1050,1053,-1,1058,1053,1060,-1,1060,1053,1068,-1,1060,1068,1062,-1,1062,1068,1069,-1,1062,1069,1064,-1,1064,1069,1070,-1,1064,1070,1066,-1,1071,1070,1072,-1,1072,1070,1069,-1,1072,1069,1073,-1,1073,1069,1068,-1,1073,1068,1074,-1,1074,1068,1053,-1,1074,1053,1075,-1,1075,1053,1052,-1,1071,1034,1070,-1,1070,1034,1031,-1,1070,1031,1066,-1,1066,1031,1076,-1,1066,1076,1067,-1,1067,1076,1077,-1,1078,1079,1080,-1,906,1054,916,-1,916,1054,1081,-1,916,1081,917,-1,917,1081,1078,-1,917,1078,908,-1,908,1078,1080,-1,908,1080,909,-1,1046,1047,1048,-1,1048,1047,1082,-1,1048,1082,1057,-1,1057,1082,1083,-1,1057,1083,1056,-1,1056,1083,1084,-1,1056,1084,1055,-1,1055,1084,1085,-1,1055,1085,1054,-1,1054,1085,1086,-1,1054,1086,1081,-1,1081,1086,1087,-1,1081,1087,1078,-1,1078,1087,1088,-1,1078,1088,1079,-1,1089,1090,1091,-1,1044,1045,1047,-1,1047,1045,1092,-1,1047,1092,1082,-1,1082,1092,1093,-1,1082,1093,1083,-1,1083,1093,1094,-1,1083,1094,1084,-1,1084,1094,1095,-1,1084,1095,1085,-1,1085,1095,1096,-1,1085,1096,1086,-1,1086,1096,1089,-1,1086,1089,1087,-1,1087,1089,1091,-1,1087,1091,1088,-1,1042,1043,1045,-1,1045,1043,1059,-1,1045,1059,1092,-1,1092,1059,1061,-1,1092,1061,1093,-1,1093,1061,1063,-1,1093,1063,1094,-1,1094,1063,1065,-1,1094,1065,1095,-1,1095,1065,1067,-1,1095,1067,1096,-1,1096,1067,1077,-1,1096,1077,1089,-1,1089,1077,1097,-1,1089,1097,1090,-1,1033,1098,1031,-1,1031,1098,1099,-1,1031,1099,1076,-1,1076,1099,1100,-1,1076,1100,1077,-1,1077,1100,1101,-1,1077,1101,1097,-1,1036,972,1037,-1,1037,972,973,-1,1037,973,1049,-1,1049,973,974,-1,1049,974,1051,-1,1051,974,976,-1,1051,976,1052,-1,1052,976,979,-1,1052,979,1075,-1,1075,979,981,-1,1075,981,1074,-1,1074,981,983,-1,1074,983,1073,-1,1073,983,985,-1,1073,985,1072,-1,1072,985,986,-1,1072,986,1071,-1,1071,986,988,-1,1071,988,1034,-1,1034,988,999,-1,1034,999,1032,-1,1032,999,1001,-1,1032,1001,1033,-1,1033,1001,1003,-1,1102,1103,1104,-1,1105,1106,1107,-1,1107,1106,1108,-1,1109,1110,1111,-1,1111,1110,1112,-1,1111,1112,1113,-1,1114,1115,1109,-1,1109,1115,1116,-1,1109,1116,1110,-1,1117,1118,1114,-1,1114,1118,1119,-1,1114,1119,1115,-1,1117,1114,1120,-1,1120,1114,1121,-1,1120,1121,1122,-1,1122,1121,1123,-1,1123,1121,1124,-1,1123,1124,1125,-1,1108,1126,1124,-1,1124,1126,1127,-1,1124,1127,1125,-1,1128,1111,1129,-1,1129,1111,1113,-1,1129,1113,1130,-1,1108,1124,1107,-1,1107,1124,1121,-1,1107,1121,1131,-1,1131,1121,1114,-1,1131,1114,1132,-1,1132,1114,1109,-1,1132,1109,1133,-1,1133,1109,1111,-1,1133,1111,1134,-1,1134,1111,1128,-1,1134,1128,1135,-1,1105,1107,1136,-1,1136,1107,1131,-1,1136,1131,1137,-1,1137,1131,1132,-1,1137,1132,1138,-1,1138,1132,1133,-1,1138,1133,1139,-1,1139,1133,1134,-1,1139,1134,1140,-1,1140,1134,1135,-1,1140,1135,1141,-1,1141,1142,1140,-1,1140,1142,1143,-1,1140,1143,1139,-1,1139,1143,1144,-1,1139,1144,1138,-1,1138,1144,1145,-1,1138,1145,1137,-1,1137,1145,1102,-1,1137,1102,1136,-1,1136,1102,1104,-1,1136,1104,1105,-1,1146,1103,1147,-1,1147,1103,1102,-1,1147,1102,1148,-1,1148,1102,1145,-1,1148,1145,1149,-1,1149,1145,1144,-1,1149,1144,1150,-1,1150,1144,1143,-1,1150,1143,1151,-1,1151,1143,1142,-1,1151,1142,1152,-1,1152,1142,1141,-1,1153,1154,1155,-1,1151,1152,1156,-1,1150,1151,1153,-1,1149,1150,1157,-1,1151,1156,1153,-1,1153,1156,1158,-1,1153,1158,1154,-1,1148,1149,1159,-1,1159,1149,1157,-1,1159,1157,1160,-1,1161,1162,1163,-1,1163,1162,1164,-1,1163,1164,1147,-1,1147,1164,1146,-1,1165,1166,1167,-1,1165,1167,1158,-1,1158,1167,1154,-1,1154,1167,1168,-1,1154,1168,1155,-1,1168,1169,1155,-1,1155,1169,1170,-1,1155,1170,1171,-1,1150,1153,1157,-1,1157,1153,1155,-1,1157,1155,1160,-1,1160,1155,1171,-1,1160,1171,1172,-1,1172,1173,1160,-1,1160,1173,1161,-1,1160,1161,1159,-1,1159,1161,1163,-1,1159,1163,1148,-1,1148,1163,1147,-1,1173,1174,1161,-1,1161,1174,1175,-1,1161,1175,1162,-1,1162,1175,1176,-1,1162,1176,1177,-1,1146,1164,1178,-1,1178,1164,1162,-1,1178,1162,1179,-1,1179,1162,1177,-1,1179,1177,1180,-1,1125,1127,1181,-1,1112,1110,1182,-1,1182,1110,1116,-1,1182,1116,1183,-1,1184,1185,1186,-1,1184,1186,1187,-1,1187,1186,1188,-1,1187,1188,1189,-1,1190,1191,1192,-1,1192,1191,1193,-1,1192,1193,1194,-1,1194,1195,1196,-1,1197,1181,1198,-1,1198,1181,1126,-1,1127,1126,1181,-1,1199,1200,1201,-1,1201,1200,1202,-1,1201,1202,1113,-1,1113,1202,1203,-1,1113,1203,1130,-1,1204,1120,1205,-1,1205,1120,1122,-1,1205,1122,1181,-1,1181,1122,1123,-1,1181,1123,1125,-1,1117,1120,1206,-1,1206,1120,1204,-1,1206,1204,1183,-1,1183,1204,1207,-1,1183,1207,1182,-1,1182,1207,1201,-1,1182,1201,1112,-1,1112,1201,1113,-1,1116,1115,1183,-1,1183,1115,1119,-1,1183,1119,1206,-1,1206,1119,1118,-1,1206,1118,1117,-1,1194,1196,1192,-1,1192,1196,1208,-1,1192,1208,1209,-1,1189,1190,1187,-1,1187,1190,1192,-1,1187,1192,1210,-1,1210,1192,1209,-1,1210,1209,1211,-1,1184,1212,1213,-1,1213,1214,1184,-1,1184,1214,1215,-1,1184,1215,1185,-1,1197,1216,1181,-1,1181,1216,1212,-1,1181,1212,1205,-1,1205,1212,1184,-1,1205,1184,1204,-1,1204,1184,1187,-1,1204,1187,1207,-1,1207,1187,1210,-1,1207,1210,1201,-1,1201,1210,1211,-1,1201,1211,1199,-1,1176,1175,1217,-1,1218,1219,1220,-1,1221,1222,1223,-1,1224,1225,1226,-1,1225,1227,1228,-1,1224,1226,1229,-1,1230,1231,1232,-1,1233,1234,1235,-1,1236,1237,1238,-1,1238,1237,1223,-1,1238,1223,1239,-1,1239,1223,1222,-1,1237,1240,1223,-1,1223,1240,1220,-1,1223,1220,1221,-1,1221,1220,1219,-1,1241,1242,1243,-1,1243,1242,1244,-1,1243,1244,1235,-1,1235,1244,1245,-1,1235,1245,1233,-1,1225,1228,1226,-1,1226,1228,1246,-1,1226,1246,1247,-1,1247,1246,1180,-1,1247,1180,1177,-1,1177,1176,1247,-1,1247,1176,1217,-1,1247,1217,1226,-1,1226,1217,1232,-1,1226,1232,1229,-1,1229,1232,1231,-1,1175,1174,1217,-1,1217,1174,1236,-1,1217,1236,1232,-1,1232,1236,1238,-1,1232,1238,1230,-1,1230,1238,1239,-1,1174,1173,1236,-1,1236,1173,1172,-1,1236,1172,1237,-1,1237,1172,1171,-1,1237,1171,1240,-1,1240,1171,1170,-1,1170,1169,1240,-1,1240,1169,1243,-1,1240,1243,1220,-1,1220,1243,1235,-1,1220,1235,1218,-1,1218,1235,1234,-1,1166,1241,1167,-1,1167,1241,1243,-1,1167,1243,1168,-1,1168,1243,1169,-1,1248,1249,1250,-1,1251,1252,1253,-1,1214,1213,1254,-1,1216,1197,1255,-1,1198,1126,1256,-1,1254,1213,1255,-1,1255,1213,1212,-1,1255,1212,1216,-1,1214,1254,1215,-1,1215,1254,1257,-1,1215,1257,1185,-1,1258,1188,1257,-1,1257,1188,1186,-1,1257,1186,1185,-1,1259,1190,1258,-1,1258,1190,1189,-1,1258,1189,1188,-1,1260,1195,1259,-1,1259,1195,1194,-1,1194,1193,1259,-1,1259,1193,1191,-1,1259,1191,1190,-1,1261,1262,1263,-1,1264,1265,1266,-1,1267,1268,1269,-1,1270,1271,1272,-1,1273,1274,1275,-1,1274,1273,1276,-1,1276,1273,1277,-1,1276,1277,1278,-1,1279,1277,1280,-1,1280,1277,1273,-1,1280,1273,1270,-1,1270,1273,1275,-1,1270,1275,1271,-1,1249,1279,1250,-1,1250,1279,1280,-1,1250,1280,1281,-1,1281,1280,1270,-1,1281,1270,1267,-1,1267,1270,1272,-1,1267,1272,1268,-1,1282,1252,1283,-1,1283,1252,1251,-1,1283,1251,1284,-1,1285,1248,1286,-1,1286,1248,1250,-1,1286,1250,1287,-1,1287,1250,1281,-1,1287,1281,1288,-1,1288,1281,1267,-1,1288,1267,1264,-1,1264,1267,1269,-1,1264,1269,1265,-1,1289,1253,1290,-1,1290,1253,1252,-1,1290,1252,1291,-1,1291,1252,1282,-1,1291,1282,1292,-1,1293,1285,1294,-1,1294,1285,1286,-1,1294,1286,1295,-1,1295,1286,1287,-1,1295,1287,1296,-1,1296,1287,1288,-1,1296,1288,1297,-1,1297,1288,1264,-1,1297,1264,1261,-1,1261,1264,1266,-1,1261,1266,1262,-1,1298,1289,1299,-1,1299,1289,1290,-1,1299,1290,1300,-1,1300,1290,1291,-1,1300,1291,1301,-1,1301,1291,1292,-1,1301,1292,1302,-1,1303,1293,1298,-1,1298,1293,1294,-1,1298,1294,1289,-1,1289,1294,1295,-1,1289,1295,1253,-1,1253,1295,1296,-1,1253,1296,1251,-1,1251,1296,1297,-1,1251,1297,1284,-1,1284,1297,1261,-1,1260,1302,1304,-1,1304,1302,1292,-1,1304,1292,1305,-1,1305,1292,1282,-1,1305,1282,1306,-1,1306,1282,1283,-1,1306,1283,1307,-1,1307,1283,1284,-1,1307,1284,1308,-1,1308,1284,1261,-1,1308,1261,1309,-1,1309,1261,1263,-1,1309,1263,1310,-1,1311,1255,1256,-1,1256,1255,1197,-1,1256,1197,1198,-1,1260,1259,1302,-1,1302,1259,1258,-1,1302,1258,1301,-1,1301,1258,1257,-1,1301,1257,1300,-1,1300,1257,1254,-1,1300,1254,1299,-1,1299,1254,1255,-1,1299,1255,1298,-1,1298,1255,1311,-1,1298,1311,1303,-1,1233,1312,1234,-1,1234,1312,1313,-1,1234,1313,1218,-1,1218,1313,1314,-1,1218,1314,1219,-1,1219,1314,1315,-1,1219,1315,1221,-1,1221,1315,1316,-1,1221,1316,1222,-1,1222,1316,1317,-1,1222,1317,1239,-1,1239,1317,1318,-1,1239,1318,1230,-1,1230,1318,1319,-1,1230,1319,1231,-1,1231,1319,1320,-1,1231,1320,1229,-1,1229,1320,1321,-1,1229,1321,1224,-1,1224,1321,1322,-1,1224,1322,1225,-1,1225,1322,1323,-1,1225,1323,1227,-1,1227,1323,1324,-1,1325,1326,1327,-1,1328,1329,1330,-1,1331,1332,1333,-1,1334,1335,1336,-1,1337,1338,1339,-1,1339,1338,1340,-1,1338,1341,1340,-1,1340,1341,1342,-1,1340,1342,1343,-1,1342,1344,1343,-1,1343,1344,1345,-1,1343,1345,1346,-1,1346,1345,1347,-1,1346,1347,1348,-1,1349,1350,1351,-1,1351,1350,1352,-1,1351,1352,1353,-1,1353,1352,1348,-1,1353,1348,1354,-1,1354,1348,1347,-1,1278,1337,1276,-1,1276,1337,1339,-1,1276,1339,1274,-1,1274,1339,1275,-1,1350,1334,1352,-1,1352,1334,1336,-1,1352,1336,1348,-1,1348,1336,1355,-1,1348,1355,1346,-1,1346,1355,1356,-1,1346,1356,1343,-1,1343,1356,1357,-1,1343,1357,1340,-1,1340,1357,1358,-1,1340,1358,1339,-1,1339,1358,1359,-1,1339,1359,1275,-1,1275,1359,1271,-1,1335,1331,1336,-1,1336,1331,1333,-1,1336,1333,1355,-1,1355,1333,1360,-1,1355,1360,1356,-1,1356,1360,1361,-1,1356,1361,1357,-1,1357,1361,1362,-1,1357,1362,1358,-1,1358,1362,1363,-1,1358,1363,1359,-1,1359,1363,1364,-1,1359,1364,1271,-1,1271,1364,1272,-1,1332,1365,1333,-1,1333,1365,1366,-1,1333,1366,1360,-1,1360,1366,1367,-1,1360,1367,1361,-1,1361,1367,1368,-1,1361,1368,1362,-1,1362,1368,1369,-1,1362,1369,1363,-1,1363,1369,1370,-1,1363,1370,1364,-1,1364,1370,1371,-1,1364,1371,1272,-1,1272,1371,1268,-1,1365,1372,1366,-1,1366,1372,1373,-1,1366,1373,1367,-1,1367,1373,1374,-1,1367,1374,1368,-1,1368,1374,1375,-1,1368,1375,1369,-1,1369,1375,1376,-1,1369,1376,1370,-1,1370,1376,1377,-1,1370,1377,1371,-1,1371,1377,1378,-1,1371,1378,1268,-1,1266,1265,1378,-1,1378,1265,1269,-1,1378,1269,1268,-1,1372,1328,1373,-1,1373,1328,1330,-1,1373,1330,1374,-1,1374,1330,1379,-1,1374,1379,1375,-1,1375,1379,1380,-1,1375,1380,1376,-1,1376,1380,1381,-1,1376,1381,1377,-1,1377,1381,1382,-1,1377,1382,1378,-1,1378,1382,1383,-1,1378,1383,1266,-1,1266,1383,1262,-1,1329,1325,1330,-1,1330,1325,1327,-1,1330,1327,1379,-1,1379,1327,1384,-1,1379,1384,1380,-1,1380,1384,1385,-1,1380,1385,1381,-1,1381,1385,1386,-1,1381,1386,1382,-1,1382,1386,1387,-1,1382,1387,1383,-1,1383,1387,1388,-1,1383,1388,1262,-1,1262,1388,1263,-1,1326,1389,1327,-1,1327,1389,1390,-1,1327,1390,1384,-1,1384,1390,1391,-1,1384,1391,1385,-1,1385,1391,1392,-1,1385,1392,1386,-1,1386,1392,1393,-1,1386,1393,1387,-1,1387,1393,1394,-1,1387,1394,1388,-1,1388,1394,1395,-1,1388,1395,1263,-1,1263,1395,1310,-1,1396,1397,1398,-1,1399,1400,1401,-1,1402,1403,1404,-1,1403,1405,1406,-1,1399,1401,1407,-1,1408,1409,1410,-1,1411,1412,1413,-1,1414,1415,1401,-1,1401,1415,1410,-1,1401,1410,1407,-1,1407,1410,1409,-1,1415,1416,1410,-1,1410,1416,1417,-1,1410,1417,1408,-1,1408,1417,1418,-1,1419,1420,1398,-1,1398,1420,1413,-1,1398,1413,1396,-1,1396,1413,1412,-1,1421,1422,1420,-1,1420,1422,1423,-1,1420,1423,1413,-1,1413,1423,1424,-1,1413,1424,1411,-1,1403,1406,1404,-1,1404,1406,1425,-1,1404,1425,1426,-1,1426,1425,1324,-1,1426,1324,1323,-1,1323,1322,1426,-1,1426,1322,1414,-1,1426,1414,1404,-1,1404,1414,1401,-1,1404,1401,1402,-1,1402,1401,1400,-1,1322,1321,1414,-1,1414,1321,1320,-1,1414,1320,1415,-1,1415,1320,1319,-1,1415,1319,1416,-1,1416,1319,1318,-1,1416,1318,1317,-1,1317,1316,1416,-1,1416,1316,1419,-1,1416,1419,1417,-1,1417,1419,1398,-1,1417,1398,1418,-1,1418,1398,1397,-1,1312,1421,1313,-1,1313,1421,1420,-1,1313,1420,1314,-1,1314,1420,1419,-1,1314,1419,1315,-1,1315,1419,1316,-1,1427,1389,1428,-1,1428,1389,1326,-1,1428,1326,1429,-1,1429,1326,1325,-1,1429,1325,1430,-1,1430,1325,1329,-1,1430,1329,1431,-1,1431,1329,1328,-1,1431,1328,1432,-1,1432,1328,1372,-1,1432,1372,1433,-1,1433,1372,1365,-1,1433,1365,1434,-1,1434,1365,1332,-1,1434,1332,1435,-1,1435,1332,1331,-1,1435,1331,1436,-1,1436,1331,1335,-1,1436,1335,1437,-1,1437,1335,1334,-1,1437,1334,1438,-1,1438,1334,1350,-1,1438,1350,1439,-1,1439,1350,1349,-1,1407,1409,1440,-1,1441,1442,1443,-1,1444,1445,1441,-1,1446,1444,1447,-1,1448,1446,1449,-1,1450,1451,1452,-1,1452,1451,1453,-1,1448,1449,1454,-1,1454,1449,1455,-1,1454,1455,1456,-1,1457,1450,1456,-1,1456,1450,1452,-1,1456,1452,1454,-1,1454,1452,1453,-1,1454,1453,1448,-1,1405,1442,1458,-1,1458,1442,1441,-1,1458,1441,1459,-1,1459,1441,1445,-1,1459,1445,1460,-1,1405,1403,1442,-1,1442,1403,1402,-1,1442,1402,1443,-1,1443,1402,1400,-1,1443,1400,1399,-1,1444,1441,1447,-1,1447,1441,1443,-1,1447,1443,1440,-1,1440,1443,1399,-1,1440,1399,1407,-1,1446,1447,1449,-1,1449,1447,1440,-1,1449,1440,1455,-1,1455,1440,1409,-1,1455,1409,1408,-1,1408,1418,1455,-1,1455,1418,1397,-1,1455,1397,1456,-1,1456,1397,1396,-1,1456,1396,1412,-1,1457,1456,1461,-1,1461,1456,1412,-1,1461,1412,1411,-1,1462,1463,1464,-1,1429,1430,1465,-1,1431,1432,1466,-1,1467,1468,1469,-1,1470,1471,1472,-1,1473,1474,1475,-1,1476,1477,1478,-1,1437,1438,1479,-1,1479,1438,1439,-1,1479,1439,1480,-1,1481,1471,1482,-1,1482,1471,1470,-1,1482,1470,1483,-1,1483,1470,1484,-1,1485,1486,1473,-1,1435,1436,1487,-1,1487,1436,1437,-1,1467,1472,1488,-1,1488,1472,1471,-1,1488,1471,1485,-1,1485,1471,1481,-1,1485,1481,1486,-1,1434,1435,1489,-1,1489,1435,1487,-1,1489,1487,1490,-1,1473,1475,1485,-1,1485,1475,1491,-1,1485,1491,1488,-1,1488,1491,1492,-1,1488,1492,1467,-1,1467,1492,1493,-1,1467,1493,1468,-1,1433,1434,1494,-1,1494,1434,1489,-1,1494,1489,1495,-1,1495,1489,1490,-1,1495,1490,1496,-1,1477,1484,1478,-1,1478,1484,1470,-1,1478,1470,1497,-1,1497,1470,1472,-1,1497,1472,1498,-1,1498,1472,1467,-1,1498,1467,1499,-1,1499,1467,1469,-1,1499,1469,1500,-1,1432,1433,1466,-1,1466,1433,1494,-1,1466,1494,1501,-1,1501,1494,1495,-1,1501,1495,1502,-1,1502,1495,1496,-1,1502,1496,1503,-1,1430,1431,1465,-1,1465,1431,1466,-1,1465,1466,1504,-1,1504,1466,1501,-1,1504,1501,1505,-1,1505,1501,1502,-1,1505,1502,1506,-1,1506,1502,1503,-1,1506,1503,1507,-1,1508,1476,1509,-1,1509,1476,1478,-1,1509,1478,1510,-1,1510,1478,1497,-1,1510,1497,1511,-1,1511,1497,1498,-1,1511,1498,1512,-1,1512,1498,1499,-1,1512,1499,1513,-1,1513,1499,1500,-1,1513,1500,1514,-1,1480,1508,1479,-1,1479,1508,1509,-1,1479,1509,1515,-1,1515,1509,1510,-1,1515,1510,1516,-1,1516,1510,1511,-1,1516,1511,1517,-1,1517,1511,1512,-1,1517,1512,1518,-1,1518,1512,1513,-1,1518,1513,1519,-1,1519,1513,1514,-1,1519,1514,1520,-1,1428,1429,1521,-1,1521,1429,1465,-1,1521,1465,1522,-1,1522,1465,1504,-1,1522,1504,1523,-1,1523,1504,1505,-1,1523,1505,1524,-1,1524,1505,1506,-1,1524,1506,1525,-1,1525,1506,1507,-1,1525,1507,1464,-1,1437,1479,1487,-1,1487,1479,1515,-1,1487,1515,1490,-1,1490,1515,1516,-1,1490,1516,1496,-1,1496,1516,1517,-1,1496,1517,1503,-1,1503,1517,1518,-1,1503,1518,1507,-1,1507,1518,1519,-1,1507,1519,1464,-1,1464,1519,1520,-1,1464,1520,1462,-1,1463,1526,1464,-1,1464,1526,1527,-1,1464,1527,1525,-1,1525,1527,1528,-1,1525,1528,1524,-1,1524,1528,1529,-1,1524,1529,1523,-1,1523,1529,1530,-1,1523,1530,1522,-1,1522,1530,1531,-1,1522,1531,1521,-1,1521,1531,1532,-1,1521,1532,1428,-1,1428,1532,1427,-1,1533,1534,1535,-1,1535,1534,1536,-1,1537,1538,1539,-1,1540,1541,1542,-1,1541,1543,1542,-1,1542,1543,1544,-1,1542,1544,1545,-1,1538,1546,1539,-1,1539,1546,1547,-1,1539,1547,1548,-1,1548,1547,1549,-1,1548,1549,1542,-1,1542,1549,1550,-1,1542,1550,1540,-1,1551,1552,1539,-1,1539,1552,1553,-1,1539,1553,1537,-1,1554,1555,1551,-1,1551,1555,1556,-1,1551,1556,1552,-1,1557,1558,1554,-1,1554,1558,1559,-1,1559,1560,1554,-1,1554,1560,1561,-1,1554,1561,1555,-1,1536,1460,1562,-1,1562,1460,1445,-1,1562,1445,1563,-1,1563,1445,1444,-1,1563,1444,1564,-1,1564,1444,1446,-1,1564,1446,1565,-1,1565,1446,1448,-1,1565,1448,1566,-1,1566,1448,1453,-1,1567,1566,1568,-1,1568,1566,1453,-1,1568,1453,1451,-1,1536,1562,1535,-1,1535,1562,1563,-1,1535,1563,1569,-1,1569,1563,1564,-1,1569,1564,1570,-1,1570,1564,1565,-1,1570,1565,1571,-1,1571,1565,1566,-1,1571,1566,1572,-1,1572,1566,1567,-1,1572,1567,1573,-1,1533,1535,1574,-1,1574,1535,1569,-1,1574,1569,1575,-1,1575,1569,1570,-1,1575,1570,1576,-1,1576,1570,1571,-1,1576,1571,1577,-1,1577,1571,1572,-1,1577,1572,1578,-1,1578,1572,1573,-1,1578,1573,1557,-1,1557,1554,1578,-1,1578,1554,1551,-1,1578,1551,1577,-1,1577,1551,1539,-1,1577,1539,1576,-1,1576,1539,1548,-1,1576,1548,1575,-1,1575,1548,1542,-1,1575,1542,1574,-1,1574,1542,1545,-1,1574,1545,1533,-1,1463,1462,1579,-1,1520,1514,1580,-1,1500,1469,1581,-1,1468,1493,1582,-1,1475,1474,1583,-1,1584,1585,1586,-1,1586,1585,1587,-1,1588,1589,1590,-1,1591,1592,1593,-1,1593,1592,1594,-1,1593,1594,1595,-1,1596,1597,1598,-1,1492,1491,1599,-1,1599,1491,1475,-1,1600,1526,1463,-1,1475,1583,1599,-1,1599,1583,1601,-1,1599,1601,1602,-1,1602,1601,1603,-1,1602,1603,1604,-1,1604,1603,1605,-1,1604,1605,1606,-1,1607,1597,1608,-1,1608,1597,1596,-1,1608,1596,1609,-1,1609,1596,1610,-1,1609,1610,1611,-1,1611,1610,1612,-1,1611,1612,1613,-1,1613,1612,1606,-1,1613,1606,1614,-1,1614,1606,1605,-1,1598,1615,1596,-1,1596,1615,1616,-1,1596,1616,1610,-1,1610,1616,1617,-1,1610,1617,1612,-1,1612,1617,1618,-1,1612,1618,1606,-1,1606,1618,1619,-1,1606,1619,1604,-1,1604,1619,1620,-1,1604,1620,1602,-1,1602,1620,1621,-1,1602,1621,1599,-1,1599,1621,1582,-1,1599,1582,1492,-1,1492,1582,1493,-1,1615,1591,1616,-1,1616,1591,1593,-1,1616,1593,1617,-1,1617,1593,1622,-1,1617,1622,1618,-1,1618,1622,1623,-1,1618,1623,1619,-1,1619,1623,1624,-1,1619,1624,1620,-1,1620,1624,1625,-1,1620,1625,1621,-1,1621,1625,1626,-1,1621,1626,1582,-1,1582,1626,1581,-1,1582,1581,1468,-1,1468,1581,1469,-1,1595,1589,1593,-1,1593,1589,1588,-1,1593,1588,1622,-1,1622,1588,1627,-1,1622,1627,1623,-1,1623,1627,1628,-1,1623,1628,1624,-1,1624,1628,1629,-1,1624,1629,1625,-1,1625,1629,1630,-1,1625,1630,1626,-1,1626,1630,1631,-1,1626,1631,1581,-1,1581,1631,1580,-1,1581,1580,1500,-1,1500,1580,1514,-1,1590,1584,1588,-1,1588,1584,1586,-1,1588,1586,1627,-1,1627,1586,1632,-1,1627,1632,1628,-1,1628,1632,1633,-1,1628,1633,1629,-1,1629,1633,1634,-1,1629,1634,1630,-1,1630,1634,1635,-1,1630,1635,1631,-1,1631,1635,1636,-1,1631,1636,1580,-1,1580,1636,1579,-1,1580,1579,1520,-1,1520,1579,1462,-1,1463,1579,1600,-1,1600,1579,1636,-1,1600,1636,1637,-1,1637,1636,1635,-1,1637,1635,1638,-1,1638,1635,1634,-1,1638,1634,1639,-1,1639,1634,1633,-1,1639,1633,1640,-1,1640,1633,1632,-1,1640,1632,1641,-1,1641,1632,1586,-1,1641,1586,1642,-1,1642,1586,1587,-1,1642,1587,1643,-1,1537,1553,1644,-1,1645,1646,1647,-1,1647,1646,1648,-1,1649,1650,1651,-1,1651,1652,1653,-1,1654,1655,1656,-1,1657,1658,1659,-1,1659,1658,1660,-1,1644,1553,1661,-1,1661,1553,1552,-1,1661,1552,1556,-1,1556,1555,1661,-1,1661,1555,1561,-1,1661,1561,1662,-1,1662,1561,1560,-1,1662,1560,1663,-1,1663,1560,1559,-1,1663,1559,1558,-1,1662,1650,1661,-1,1661,1650,1649,-1,1661,1649,1644,-1,1644,1649,1664,-1,1644,1664,1537,-1,1550,1549,1665,-1,1540,1647,1541,-1,1541,1647,1543,-1,1648,1543,1647,-1,1666,1667,1668,-1,1668,1667,1652,-1,1668,1652,1669,-1,1669,1652,1651,-1,1669,1651,1670,-1,1660,1654,1659,-1,1659,1654,1656,-1,1659,1656,1671,-1,1671,1656,1665,-1,1655,1672,1656,-1,1656,1672,1673,-1,1656,1673,1674,-1,1540,1550,1647,-1,1647,1550,1665,-1,1647,1665,1645,-1,1645,1665,1656,-1,1645,1656,1675,-1,1675,1656,1674,-1,1663,1676,1662,-1,1662,1676,1677,-1,1662,1677,1650,-1,1650,1677,1678,-1,1650,1678,1651,-1,1651,1678,1679,-1,1651,1679,1670,-1,1547,1546,1664,-1,1664,1546,1538,-1,1664,1538,1537,-1,1549,1547,1665,-1,1665,1547,1664,-1,1665,1664,1671,-1,1671,1664,1649,-1,1671,1649,1659,-1,1659,1649,1651,-1,1659,1651,1657,-1,1657,1651,1653,-1,1680,1681,1682,-1,1585,1584,1683,-1,1597,1607,1684,-1,1685,1686,1687,-1,1584,1590,1683,-1,1683,1590,1589,-1,1683,1589,1688,-1,1688,1589,1595,-1,1688,1595,1594,-1,1689,1687,1690,-1,1690,1687,1686,-1,1690,1686,1691,-1,1692,1693,1694,-1,1694,1693,1695,-1,1694,1695,1696,-1,1692,1697,1693,-1,1693,1697,1698,-1,1693,1698,1682,-1,1682,1698,1699,-1,1700,1680,1701,-1,1701,1680,1682,-1,1701,1682,1702,-1,1702,1682,1699,-1,1703,1704,1705,-1,1607,1706,1684,-1,1684,1706,1707,-1,1684,1707,1708,-1,1689,1709,1687,-1,1687,1709,1710,-1,1687,1710,1587,-1,1587,1710,1711,-1,1587,1711,1643,-1,1688,1615,1684,-1,1684,1615,1598,-1,1684,1598,1597,-1,1708,1703,1684,-1,1684,1703,1705,-1,1684,1705,1688,-1,1688,1705,1712,-1,1688,1712,1683,-1,1594,1592,1688,-1,1688,1592,1591,-1,1688,1591,1615,-1,1681,1691,1682,-1,1682,1691,1686,-1,1682,1686,1693,-1,1693,1686,1685,-1,1693,1685,1695,-1,1695,1685,1713,-1,1695,1713,1696,-1,1696,1713,1714,-1,1715,1716,1713,-1,1713,1716,1717,-1,1713,1717,1714,-1,1704,1715,1705,-1,1705,1715,1713,-1,1705,1713,1712,-1,1712,1713,1685,-1,1712,1685,1683,-1,1683,1685,1687,-1,1683,1687,1585,-1,1585,1687,1587,-1,1718,1719,1720,-1,1721,1722,1723,-1,1724,1725,1726,-1,1727,1728,1729,-1,1730,1731,1732,-1,1648,1646,1733,-1,1657,1653,1734,-1,1734,1653,1652,-1,1734,1652,1667,-1,1654,1660,1735,-1,1735,1660,1658,-1,1674,1673,1736,-1,1736,1673,1672,-1,1736,1672,1655,-1,1645,1675,1737,-1,1648,1733,1543,-1,1738,1739,1740,-1,1740,1739,1730,-1,1741,1742,1718,-1,1730,1732,1740,-1,1740,1732,1743,-1,1740,1743,1744,-1,1744,1743,1745,-1,1744,1745,1746,-1,1746,1745,1747,-1,1746,1747,1748,-1,1747,1749,1748,-1,1748,1749,1750,-1,1748,1750,1751,-1,1751,1750,1752,-1,1751,1752,1753,-1,1753,1752,1754,-1,1753,1754,1733,-1,1733,1754,1755,-1,1733,1755,1543,-1,1646,1645,1733,-1,1733,1645,1737,-1,1733,1737,1753,-1,1753,1737,1756,-1,1753,1756,1751,-1,1751,1756,1757,-1,1751,1757,1748,-1,1748,1757,1758,-1,1748,1758,1746,-1,1746,1758,1759,-1,1746,1759,1744,-1,1744,1759,1760,-1,1744,1760,1740,-1,1740,1760,1729,-1,1740,1729,1738,-1,1738,1729,1728,-1,1675,1674,1737,-1,1737,1674,1736,-1,1737,1736,1756,-1,1756,1736,1761,-1,1756,1761,1757,-1,1757,1761,1762,-1,1757,1762,1758,-1,1758,1762,1763,-1,1758,1763,1759,-1,1759,1763,1764,-1,1759,1764,1760,-1,1760,1764,1765,-1,1760,1765,1729,-1,1729,1765,1726,-1,1729,1726,1727,-1,1727,1726,1725,-1,1655,1654,1736,-1,1736,1654,1735,-1,1736,1735,1761,-1,1761,1735,1766,-1,1761,1766,1762,-1,1762,1766,1767,-1,1762,1767,1763,-1,1763,1767,1768,-1,1763,1768,1764,-1,1764,1768,1769,-1,1764,1769,1765,-1,1765,1769,1770,-1,1765,1770,1726,-1,1726,1770,1723,-1,1726,1723,1724,-1,1724,1723,1722,-1,1658,1657,1735,-1,1735,1657,1734,-1,1735,1734,1766,-1,1766,1734,1771,-1,1766,1771,1767,-1,1767,1771,1772,-1,1767,1772,1768,-1,1768,1772,1773,-1,1768,1773,1769,-1,1769,1773,1774,-1,1769,1774,1770,-1,1770,1774,1775,-1,1770,1775,1723,-1,1723,1775,1720,-1,1723,1720,1721,-1,1721,1720,1719,-1,1718,1720,1741,-1,1741,1720,1775,-1,1741,1775,1776,-1,1776,1775,1774,-1,1776,1774,1777,-1,1777,1774,1773,-1,1777,1773,1778,-1,1778,1773,1772,-1,1778,1772,1779,-1,1779,1772,1771,-1,1779,1771,1780,-1,1780,1771,1734,-1,1780,1734,1781,-1,1781,1734,1667,-1,1781,1667,1666,-1,1782,1783,1784,-1,1785,1786,1787,-1,1787,1786,1788,-1,1607,1783,1706,-1,1706,1783,1782,-1,1706,1782,1707,-1,1715,1704,1789,-1,1789,1704,1703,-1,1789,1703,1782,-1,1782,1703,1708,-1,1782,1708,1707,-1,1696,1714,1790,-1,1790,1714,1717,-1,1790,1717,1789,-1,1789,1717,1716,-1,1789,1716,1715,-1,1791,1692,1790,-1,1790,1692,1694,-1,1790,1694,1696,-1,1702,1699,1792,-1,1792,1699,1698,-1,1792,1698,1791,-1,1791,1698,1697,-1,1791,1697,1692,-1,1793,1700,1792,-1,1792,1700,1701,-1,1792,1701,1702,-1,1788,1794,1795,-1,1795,1794,1796,-1,1795,1796,1797,-1,1797,1796,1798,-1,1797,1798,1799,-1,1799,1798,1800,-1,1799,1800,1801,-1,1801,1800,1802,-1,1801,1802,1803,-1,1803,1802,1804,-1,1805,1803,1806,-1,1806,1803,1804,-1,1806,1804,1807,-1,1788,1795,1787,-1,1787,1795,1797,-1,1787,1797,1808,-1,1808,1797,1799,-1,1808,1799,1809,-1,1809,1799,1801,-1,1809,1801,1810,-1,1810,1801,1803,-1,1810,1803,1811,-1,1811,1803,1805,-1,1811,1805,1812,-1,1785,1787,1813,-1,1813,1787,1808,-1,1813,1808,1814,-1,1814,1808,1809,-1,1814,1809,1815,-1,1815,1809,1810,-1,1815,1810,1816,-1,1816,1810,1811,-1,1816,1811,1817,-1,1817,1811,1812,-1,1817,1812,1793,-1,1793,1792,1817,-1,1817,1792,1791,-1,1817,1791,1816,-1,1816,1791,1790,-1,1816,1790,1815,-1,1815,1790,1789,-1,1815,1789,1814,-1,1814,1789,1782,-1,1814,1782,1813,-1,1813,1782,1784,-1,1813,1784,1785,-1,1719,1718,1818,-1,1819,1820,1821,-1,1822,1823,1824,-1,1825,1727,1725,-1,1826,1827,1828,-1,1829,1731,1730,-1,1830,1831,1832,-1,1833,1834,1835,-1,1835,1834,1836,-1,1835,1836,1837,-1,1838,1827,1839,-1,1839,1827,1826,-1,1839,1826,1840,-1,1840,1826,1841,-1,1842,1843,1829,-1,1844,1845,1846,-1,1846,1845,1833,-1,1825,1828,1847,-1,1847,1828,1827,-1,1847,1827,1842,-1,1842,1827,1838,-1,1842,1838,1843,-1,1848,1844,1849,-1,1849,1844,1846,-1,1849,1846,1850,-1,1829,1730,1842,-1,1842,1730,1739,-1,1842,1739,1847,-1,1847,1739,1738,-1,1847,1738,1825,-1,1825,1738,1728,-1,1825,1728,1727,-1,1851,1848,1852,-1,1852,1848,1849,-1,1852,1849,1853,-1,1853,1849,1850,-1,1853,1850,1854,-1,1831,1841,1832,-1,1832,1841,1826,-1,1832,1826,1855,-1,1855,1826,1828,-1,1855,1828,1856,-1,1856,1828,1825,-1,1856,1825,1857,-1,1857,1825,1725,-1,1857,1725,1724,-1,1823,1851,1824,-1,1824,1851,1852,-1,1824,1852,1858,-1,1858,1852,1853,-1,1858,1853,1859,-1,1859,1853,1854,-1,1859,1854,1860,-1,1820,1822,1821,-1,1821,1822,1824,-1,1821,1824,1861,-1,1861,1824,1858,-1,1861,1858,1862,-1,1862,1858,1859,-1,1862,1859,1863,-1,1863,1859,1860,-1,1863,1860,1864,-1,1865,1830,1866,-1,1866,1830,1832,-1,1866,1832,1867,-1,1867,1832,1855,-1,1867,1855,1868,-1,1868,1855,1856,-1,1868,1856,1869,-1,1869,1856,1857,-1,1869,1857,1870,-1,1870,1857,1724,-1,1870,1724,1722,-1,1837,1865,1835,-1,1835,1865,1866,-1,1835,1866,1871,-1,1871,1866,1867,-1,1871,1867,1872,-1,1872,1867,1868,-1,1872,1868,1873,-1,1873,1868,1869,-1,1873,1869,1874,-1,1874,1869,1870,-1,1874,1870,1875,-1,1875,1870,1722,-1,1875,1722,1721,-1,1876,1819,1877,-1,1877,1819,1821,-1,1877,1821,1878,-1,1878,1821,1861,-1,1878,1861,1879,-1,1879,1861,1862,-1,1879,1862,1880,-1,1880,1862,1863,-1,1880,1863,1881,-1,1881,1863,1864,-1,1881,1864,1818,-1,1833,1835,1846,-1,1846,1835,1871,-1,1846,1871,1850,-1,1850,1871,1872,-1,1850,1872,1854,-1,1854,1872,1873,-1,1854,1873,1860,-1,1860,1873,1874,-1,1860,1874,1864,-1,1864,1874,1875,-1,1864,1875,1818,-1,1818,1875,1721,-1,1818,1721,1719,-1,1718,1742,1818,-1,1818,1742,1882,-1,1818,1882,1881,-1,1881,1882,1883,-1,1881,1883,1880,-1,1880,1883,1884,-1,1880,1884,1879,-1,1879,1884,1885,-1,1879,1885,1878,-1,1878,1885,1886,-1,1878,1886,1877,-1,1877,1886,1887,-1,1877,1887,1876,-1,1876,1887,1888,-1,1889,1890,1891,-1,1891,1890,1892,-1,1796,1893,1798,-1,1798,1893,1894,-1,1798,1894,1800,-1,1800,1894,1895,-1,1800,1895,1802,-1,1802,1895,1896,-1,1802,1896,1804,-1,1804,1896,1897,-1,1804,1897,1807,-1,1898,1893,1899,-1,1899,1893,1796,-1,1899,1796,1794,-1,1898,1900,1893,-1,1893,1900,1901,-1,1893,1901,1894,-1,1894,1901,1902,-1,1894,1902,1895,-1,1895,1902,1903,-1,1895,1903,1896,-1,1896,1903,1891,-1,1896,1891,1897,-1,1897,1891,1892,-1,1897,1892,1807,-1,1904,1889,1905,-1,1905,1889,1891,-1,1905,1891,1906,-1,1906,1891,1903,-1,1906,1903,1907,-1,1907,1903,1902,-1,1907,1902,1908,-1,1908,1902,1901,-1,1908,1901,1909,-1,1909,1901,1900,-1,1909,1900,1910,-1,1910,1900,1898,-1,1911,1836,1912,-1,1912,1836,1834,-1,1912,1834,1913,-1,1913,1834,1833,-1,1913,1833,1914,-1,1914,1833,1845,-1,1914,1845,1915,-1,1915,1845,1844,-1,1915,1844,1916,-1,1916,1844,1848,-1,1916,1848,1917,-1,1917,1848,1851,-1,1917,1851,1918,-1,1918,1851,1823,-1,1918,1823,1919,-1,1919,1823,1822,-1,1919,1822,1920,-1,1920,1822,1820,-1,1920,1820,1921,-1,1921,1820,1819,-1,1921,1819,1922,-1,1922,1819,1876,-1,1922,1876,1923,-1,1923,1876,1888,-1,1924,1904,1925,-1,1925,1904,1905,-1,1925,1905,1926,-1,1926,1905,1906,-1,1926,1906,1927,-1,1927,1906,1907,-1,1927,1907,1928,-1,1928,1907,1908,-1,1928,1908,1929,-1,1929,1908,1909,-1,1930,1929,1931,-1,1931,1929,1909,-1,1931,1909,1910,-1,1932,1933,1934,-1,1934,1933,1935,-1,1930,1936,1929,-1,1929,1936,1937,-1,1929,1937,1928,-1,1928,1937,1938,-1,1928,1938,1927,-1,1927,1938,1939,-1,1927,1939,1926,-1,1926,1939,1934,-1,1926,1934,1925,-1,1925,1934,1935,-1,1925,1935,1924,-1,1940,1932,1941,-1,1941,1932,1934,-1,1941,1934,1942,-1,1942,1934,1939,-1,1942,1939,1943,-1,1943,1939,1938,-1,1943,1938,1944,-1,1944,1938,1937,-1,1944,1937,1945,-1,1945,1937,1936,-1,1945,1936,1946,-1,1946,1936,1930,-1,1921,1922,1947,-1,1919,1920,1948,-1,1915,1916,1949,-1,1913,1914,1950,-1,1951,1952,1953,-1,1953,1952,1954,-1,1952,1955,1954,-1,1954,1955,1956,-1,1954,1956,1957,-1,1956,1958,1957,-1,1957,1958,1959,-1,1957,1959,1960,-1,1960,1959,1961,-1,1960,1961,1962,-1,1911,1912,1963,-1,1963,1912,1964,-1,1963,1964,1965,-1,1965,1964,1962,-1,1965,1962,1966,-1,1966,1962,1961,-1,1967,1951,1968,-1,1968,1951,1953,-1,1968,1953,1969,-1,1969,1953,1970,-1,1912,1913,1964,-1,1964,1913,1950,-1,1964,1950,1962,-1,1962,1950,1971,-1,1962,1971,1960,-1,1960,1971,1972,-1,1960,1972,1957,-1,1957,1972,1973,-1,1957,1973,1954,-1,1954,1973,1974,-1,1954,1974,1953,-1,1953,1974,1975,-1,1953,1975,1970,-1,1970,1975,1976,-1,1914,1915,1950,-1,1950,1915,1949,-1,1950,1949,1971,-1,1971,1949,1977,-1,1971,1977,1972,-1,1972,1977,1978,-1,1972,1978,1973,-1,1973,1978,1979,-1,1973,1979,1974,-1,1974,1979,1980,-1,1974,1980,1975,-1,1975,1980,1981,-1,1975,1981,1976,-1,1976,1981,1982,-1,1916,1917,1949,-1,1949,1917,1983,-1,1949,1983,1977,-1,1977,1983,1984,-1,1977,1984,1978,-1,1978,1984,1985,-1,1978,1985,1979,-1,1979,1985,1986,-1,1979,1986,1980,-1,1980,1986,1987,-1,1980,1987,1981,-1,1981,1987,1988,-1,1981,1988,1982,-1,1982,1988,1989,-1,1917,1918,1983,-1,1983,1918,1990,-1,1983,1990,1984,-1,1984,1990,1991,-1,1984,1991,1985,-1,1985,1991,1992,-1,1985,1992,1986,-1,1986,1992,1993,-1,1986,1993,1987,-1,1987,1993,1994,-1,1987,1994,1988,-1,1988,1994,1995,-1,1988,1995,1989,-1,1996,1997,1995,-1,1995,1997,1998,-1,1995,1998,1989,-1,1918,1919,1990,-1,1990,1919,1948,-1,1990,1948,1991,-1,1991,1948,1999,-1,1991,1999,1992,-1,1992,1999,2000,-1,1992,2000,1993,-1,1993,2000,2001,-1,1993,2001,1994,-1,1994,2001,2002,-1,1994,2002,1995,-1,1995,2002,2003,-1,1995,2003,1996,-1,1996,2003,2004,-1,1920,1921,1948,-1,1948,1921,1947,-1,1948,1947,1999,-1,1999,1947,2005,-1,1999,2005,2000,-1,2000,2005,2006,-1,2000,2006,2001,-1,2001,2006,2007,-1,2001,2007,2002,-1,2002,2007,2008,-1,2002,2008,2003,-1,2003,2008,2009,-1,2003,2009,2004,-1,2004,2009,2010,-1,1922,1923,1947,-1,1947,1923,2011,-1,1947,2011,2005,-1,2005,2011,2012,-1,2005,2012,2006,-1,2006,2012,2013,-1,2006,2013,2007,-1,2007,2013,2014,-1,2007,2014,2008,-1,2008,2014,2015,-1,2008,2015,2009,-1,2009,2015,2016,-1,2009,2016,2010,-1,2010,2016,2017,-1,2018,1940,2019,-1,2019,1940,1941,-1,2019,1941,2020,-1,2020,1941,1942,-1,2020,1942,2021,-1,2021,1942,1943,-1,2021,1943,2022,-1,2022,1943,1944,-1,2022,1944,2023,-1,2023,1944,1945,-1,2023,1945,2024,-1,2024,1945,1946,-1,2025,2026,2027,-1,2028,2029,2030,-1,2031,2032,2033,-1,2031,2033,2034,-1,2034,2033,2035,-1,2034,2035,2036,-1,2032,2031,2037,-1,2037,2031,2038,-1,2037,2038,2039,-1,2040,2041,2038,-1,2038,2041,2042,-1,2038,2042,2039,-1,2043,2044,2040,-1,2040,2044,2045,-1,2040,2045,2041,-1,2046,2047,2043,-1,2043,2047,2048,-1,2043,2048,2044,-1,2049,2004,2010,-1,2050,1997,1996,-1,2051,1989,1998,-1,2052,1976,1982,-1,2053,1969,1970,-1,1969,2053,1968,-1,1968,2053,2054,-1,1968,2054,1967,-1,2055,2054,2056,-1,2056,2054,2053,-1,2056,2053,2052,-1,2052,2053,1970,-1,2052,1970,1976,-1,2026,2055,2027,-1,2027,2055,2056,-1,2027,2056,2057,-1,2057,2056,2052,-1,2057,2052,2051,-1,2051,2052,1982,-1,2051,1982,1989,-1,2058,2029,2059,-1,2059,2029,2028,-1,2059,2028,2060,-1,2061,2025,2062,-1,2062,2025,2027,-1,2062,2027,2063,-1,2063,2027,2057,-1,2063,2057,2064,-1,2064,2057,2051,-1,2064,2051,2050,-1,2050,2051,1998,-1,2050,1998,1997,-1,2065,2030,2066,-1,2066,2030,2029,-1,2066,2029,2067,-1,2067,2029,2058,-1,2067,2058,2068,-1,2069,2061,2070,-1,2070,2061,2062,-1,2070,2062,2071,-1,2071,2062,2063,-1,2071,2063,2072,-1,2072,2063,2064,-1,2072,2064,2073,-1,2073,2064,2050,-1,2073,2050,2049,-1,2049,2050,1996,-1,2049,1996,2004,-1,2074,2065,2075,-1,2075,2065,2066,-1,2075,2066,2076,-1,2076,2066,2067,-1,2076,2067,2077,-1,2077,2067,2068,-1,2077,2068,2078,-1,2079,2069,2074,-1,2074,2069,2070,-1,2074,2070,2065,-1,2065,2070,2071,-1,2065,2071,2030,-1,2030,2071,2072,-1,2030,2072,2028,-1,2028,2072,2073,-1,2028,2073,2060,-1,2060,2073,2049,-1,2080,2078,2081,-1,2081,2078,2068,-1,2081,2068,2082,-1,2082,2068,2058,-1,2082,2058,2083,-1,2083,2058,2059,-1,2083,2059,2084,-1,2084,2059,2060,-1,2084,2060,2085,-1,2085,2060,2049,-1,2085,2049,2086,-1,2086,2049,2010,-1,2086,2010,2017,-1,2036,2087,2034,-1,2034,2087,2088,-1,2034,2088,2089,-1,2090,2046,2080,-1,2080,2046,2043,-1,2080,2043,2078,-1,2078,2043,2040,-1,2078,2040,2077,-1,2077,2040,2038,-1,2077,2038,2076,-1,2076,2038,2031,-1,2076,2031,2075,-1,2075,2031,2034,-1,2075,2034,2074,-1,2074,2034,2089,-1,2074,2089,2079,-1,2091,2018,2092,-1,2092,2018,2019,-1,2092,2019,2093,-1,2093,2019,2020,-1,2093,2020,2094,-1,2094,2020,2021,-1,2094,2021,2095,-1,2095,2021,2022,-1,2095,2022,2096,-1,2096,2022,2023,-1,2097,2096,2098,-1,2098,2096,2023,-1,2098,2023,2024,-1,2099,2100,2101,-1,2101,2100,2102,-1,2097,2103,2096,-1,2096,2103,2104,-1,2096,2104,2095,-1,2095,2104,2105,-1,2095,2105,2094,-1,2094,2105,2106,-1,2094,2106,2093,-1,2093,2106,2101,-1,2093,2101,2092,-1,2092,2101,2102,-1,2092,2102,2091,-1,2107,2099,2108,-1,2108,2099,2101,-1,2108,2101,2109,-1,2109,2101,2106,-1,2109,2106,2110,-1,2110,2106,2105,-1,2110,2105,2111,-1,2111,2105,2104,-1,2111,2104,2112,-1,2112,2104,2103,-1,2112,2103,2113,-1,2113,2103,2097,-1,2114,2115,2116,-1,2117,2118,2119,-1,2120,2121,2122,-1,2122,2121,2123,-1,2124,2125,2126,-1,2126,2125,2127,-1,2128,2129,2130,-1,2130,2129,2131,-1,2130,2131,2132,-1,2133,2131,2134,-1,2134,2131,2129,-1,2134,2129,2135,-1,2135,2129,2136,-1,2133,2137,2131,-1,2131,2137,2138,-1,2131,2138,2132,-1,2132,2138,2139,-1,2132,2139,2140,-1,2141,2129,2142,-1,2142,2129,2128,-1,2142,2128,2143,-1,2041,2045,2144,-1,2041,2144,2042,-1,2037,2039,2145,-1,2145,2039,2042,-1,2045,2044,2144,-1,2144,2044,2048,-1,2144,2048,2116,-1,2090,2114,2046,-1,2046,2114,2116,-1,2046,2116,2047,-1,2047,2116,2048,-1,2035,2126,2036,-1,2036,2126,2087,-1,2127,2087,2126,-1,2141,2146,2129,-1,2129,2146,2147,-1,2129,2147,2136,-1,2136,2147,2148,-1,2136,2148,2149,-1,2149,2148,2150,-1,2122,2151,2120,-1,2120,2151,2119,-1,2120,2119,2152,-1,2152,2119,2118,-1,2115,2143,2116,-1,2116,2143,2128,-1,2116,2128,2144,-1,2144,2128,2130,-1,2144,2130,2151,-1,2151,2130,2132,-1,2151,2132,2119,-1,2119,2132,2140,-1,2119,2140,2117,-1,2035,2033,2145,-1,2145,2033,2032,-1,2145,2032,2037,-1,2042,2144,2145,-1,2145,2144,2151,-1,2145,2151,2035,-1,2035,2151,2122,-1,2035,2122,2126,-1,2126,2122,2123,-1,2126,2123,2124,-1,2153,2107,2108,-1,2154,2155,2156,-1,2157,2158,2159,-1,2160,2157,2161,-1,2161,2157,2162,-1,2161,2162,2163,-1,2163,2162,2164,-1,2163,2164,2165,-1,2165,2164,2166,-1,2165,2166,2167,-1,2167,2166,2168,-1,2167,2168,2169,-1,2157,2159,2162,-1,2162,2159,2170,-1,2162,2170,2164,-1,2164,2170,2171,-1,2164,2171,2166,-1,2166,2171,2154,-1,2166,2154,2168,-1,2168,2154,2156,-1,2168,2156,2169,-1,2153,2108,2172,-1,2113,2155,2112,-1,2112,2155,2154,-1,2112,2154,2111,-1,2111,2154,2171,-1,2111,2171,2110,-1,2110,2171,2170,-1,2110,2170,2109,-1,2109,2170,2159,-1,2109,2159,2108,-1,2108,2159,2158,-1,2108,2158,2172,-1,2172,2158,2157,-1,2172,2157,2173,-1,2173,2157,2160,-1,2173,2160,2174,-1,2175,2176,2177,-1,2178,2179,2180,-1,2180,2179,2181,-1,2139,2138,2182,-1,2149,2150,2183,-1,2184,2135,2136,-1,2138,2137,2182,-1,2182,2137,2133,-1,2182,2133,2184,-1,2184,2133,2134,-1,2184,2134,2135,-1,2139,2182,2140,-1,2140,2182,2185,-1,2140,2185,2117,-1,2121,2120,2186,-1,2186,2120,2152,-1,2186,2152,2185,-1,2185,2152,2118,-1,2185,2118,2117,-1,2187,2125,2124,-1,2187,2124,2186,-1,2186,2124,2123,-1,2186,2123,2121,-1,2181,2087,2187,-1,2187,2087,2127,-1,2187,2127,2125,-1,2188,2184,2183,-1,2183,2184,2136,-1,2183,2136,2149,-1,2181,2187,2180,-1,2180,2187,2186,-1,2180,2186,2189,-1,2189,2186,2185,-1,2189,2185,2190,-1,2190,2185,2182,-1,2190,2182,2191,-1,2191,2182,2184,-1,2191,2184,2192,-1,2192,2184,2188,-1,2192,2188,2193,-1,2178,2180,2194,-1,2194,2180,2189,-1,2194,2189,2195,-1,2195,2189,2190,-1,2195,2190,2196,-1,2196,2190,2191,-1,2196,2191,2197,-1,2197,2191,2192,-1,2197,2192,2198,-1,2198,2192,2193,-1,2198,2193,2199,-1,2199,2200,2198,-1,2198,2200,2201,-1,2198,2201,2197,-1,2197,2201,2202,-1,2197,2202,2196,-1,2196,2202,2203,-1,2196,2203,2195,-1,2195,2203,2175,-1,2195,2175,2194,-1,2194,2175,2177,-1,2194,2177,2178,-1,2169,2176,2167,-1,2167,2176,2175,-1,2167,2175,2165,-1,2165,2175,2203,-1,2165,2203,2163,-1,2163,2203,2202,-1,2163,2202,2161,-1,2161,2202,2201,-1,2161,2201,2160,-1,2160,2201,2200,-1,2160,2200,2174,-1,2174,2200,2199,-1,2204,2205,2206,-1,2207,2208,2209,-1,2210,2207,2211,-1,2211,2207,2209,-1,2211,2209,2212,-1,2212,2209,2213,-1,2212,2213,2214,-1,2214,2213,2215,-1,2214,2215,2216,-1,2216,2215,2217,-1,2216,2217,2218,-1,2218,2217,2219,-1,2218,2219,2220,-1,2220,2219,2221,-1,2220,2222,2218,-1,2218,2222,2223,-1,2218,2223,2216,-1,2216,2223,2224,-1,2216,2224,2214,-1,2214,2224,2225,-1,2214,2225,2212,-1,2212,2225,2226,-1,2212,2226,2211,-1,2211,2226,2227,-1,2211,2227,2210,-1,2210,2227,2228,-1,2222,2229,2223,-1,2223,2229,2230,-1,2223,2230,2224,-1,2224,2230,2231,-1,2224,2231,2225,-1,2225,2231,2232,-1,2225,2232,2226,-1,2226,2232,2233,-1,2226,2233,2227,-1,2227,2233,2206,-1,2227,2206,2228,-1,2228,2206,2205,-1,2234,2204,2235,-1,2235,2204,2206,-1,2235,2206,2236,-1,2236,2206,2233,-1,2236,2233,2237,-1,2237,2233,2232,-1,2237,2232,2238,-1,2238,2232,2231,-1,2238,2231,2239,-1,2239,2231,2230,-1,2239,2230,2240,-1,2240,2230,2229,-1,2208,2241,2242,-1,2208,2242,2209,-1,2209,2242,2243,-1,2209,2243,2213,-1,2213,2243,2244,-1,2213,2244,2215,-1,2215,2244,2245,-1,2215,2245,2217,-1,2217,2245,2246,-1,2217,2246,2219,-1,2219,2246,2247,-1,2219,2247,2221,-1,2248,2234,2235,-1,2248,2235,2249,-1,2249,2235,2236,-1,2249,2236,2250,-1,2250,2236,2237,-1,2250,2237,2251,-1,2251,2237,2238,-1,2251,2238,2252,-1,2252,2238,2239,-1,2252,2239,2253,-1,2253,2239,2240,-1,2253,2240,2254,-1,2241,2255,2242,-1,2242,2255,2256,-1,2242,2256,2243,-1,2243,2256,2257,-1,2243,2257,2244,-1,2244,2257,2258,-1,2244,2258,2245,-1,2245,2258,2259,-1,2245,2259,2246,-1,2246,2259,2260,-1,2246,2260,2247,-1,2247,2260,2261,-1,2255,2262,2256,-1,2256,2262,2263,-1,2256,2263,2257,-1,2257,2263,2264,-1,2257,2264,2258,-1,2258,2264,2265,-1,2258,2265,2259,-1,2259,2265,2266,-1,2259,2266,2260,-1,2260,2266,2267,-1,2260,2267,2261,-1,2261,2267,2268,-1,2262,2269,2263,-1,2263,2269,2270,-1,2263,2270,2264,-1,2264,2270,2271,-1,2264,2271,2265,-1,2265,2271,2272,-1,2265,2272,2266,-1,2266,2272,2273,-1,2266,2273,2267,-1,2267,2273,2274,-1,2267,2274,2268,-1,2268,2274,2275,-1,2269,2276,2270,-1,2270,2276,2277,-1,2270,2277,2271,-1,2271,2277,2278,-1,2271,2278,2272,-1,2272,2278,2279,-1,2272,2279,2273,-1,2273,2279,2280,-1,2273,2280,2274,-1,2274,2280,2281,-1,2274,2281,2275,-1,2275,2281,2282,-1,2283,2282,2281,-1,2284,2285,2283,-1,2283,2281,2284,-1,2284,2281,2280,-1,2284,2280,2286,-1,2286,2280,2279,-1,2286,2279,2287,-1,2287,2279,2278,-1,2287,2278,2288,-1,2288,2278,2277,-1,2288,2277,2289,-1,2289,2277,2276,-1,2289,2276,2290,-1,2291,2292,2293,-1,2293,2292,2294,-1,2292,2295,2294,-1,2294,2295,2296,-1,2294,2296,2297,-1,2296,2298,2297,-1,2297,2298,2299,-1,2297,2299,2300,-1,2299,2301,2300,-1,2300,2301,2302,-1,2300,2302,2303,-1,2290,2304,2289,-1,2289,2304,2305,-1,2289,2305,2288,-1,2288,2305,2306,-1,2288,2306,2287,-1,2287,2306,2307,-1,2287,2307,2286,-1,2286,2307,2308,-1,2286,2308,2284,-1,2284,2308,2309,-1,2284,2309,2285,-1,2304,2310,2305,-1,2305,2310,2311,-1,2305,2311,2306,-1,2306,2311,2312,-1,2306,2312,2307,-1,2307,2312,2313,-1,2307,2313,2308,-1,2308,2313,2314,-1,2308,2314,2309,-1,2309,2314,2315,-1,2310,2293,2311,-1,2311,2293,2294,-1,2311,2294,2312,-1,2312,2294,2297,-1,2312,2297,2313,-1,2313,2297,2300,-1,2313,2300,2314,-1,2314,2300,2303,-1,2314,2303,2315,-1,2315,2303,2316,-1,2302,2317,2303,-1,2303,2317,2318,-1,2303,2318,2316,-1,2316,2318,2319,-1,2316,2319,2320,-1,2285,2309,2321,-1,2321,2309,2315,-1,2321,2315,2322,-1,2322,2315,2316,-1,2322,2316,2323,-1,2323,2316,2320,-1,2323,2320,2324,-1,2325,2326,2291,-1,2291,2326,2292,-1,2292,2326,2295,-1,2295,2326,2327,-1,2295,2327,2296,-1,2296,2327,2328,-1,2296,2328,2298,-1,2298,2328,2329,-1,2298,2329,2299,-1,2299,2329,2330,-1,2299,2330,2301,-1,2301,2330,2331,-1,2301,2331,2302,-1,2302,2331,2332,-1,2302,2332,2317,-1,2317,2332,2333,-1,2317,2333,2318,-1,2318,2333,2334,-1,2318,2334,2319,-1,2319,2334,2335,-1,2319,2335,2320,-1,2335,2336,2320,-1,2320,2336,2337,-1,2320,2337,2324,-1,2338,2339,2340,-1,2338,2340,2341,-1,2341,2340,2342,-1,2341,2342,2343,-1,2343,2342,2344,-1,2343,2344,2345,-1,2345,2344,2346,-1,2346,2344,2347,-1,2346,2347,2348,-1,2348,2347,2349,-1,2349,2347,2350,-1,2349,2350,2351,-1,2351,2350,2352,-1,2352,2350,2353,-1,2352,2353,2354,-1,2354,2353,2355,-1,2355,2353,2356,-1,2355,2356,2357,-1,2358,2359,2360,-1,2361,2362,2363,-1,2337,2336,2364,-1,2364,2336,2365,-1,2336,2335,2365,-1,2365,2335,2334,-1,2365,2334,2366,-1,2334,2333,2366,-1,2366,2333,2332,-1,2366,2332,2367,-1,2332,2331,2367,-1,2367,2331,2330,-1,2367,2330,2368,-1,2330,2329,2368,-1,2368,2329,2328,-1,2368,2328,2360,-1,2369,2361,2370,-1,2370,2361,2363,-1,2370,2363,2371,-1,2371,2363,2372,-1,2371,2372,2373,-1,2373,2372,2374,-1,2373,2374,2375,-1,2375,2374,2376,-1,2375,2376,2377,-1,2377,2376,2378,-1,2377,2378,2379,-1,2379,2378,2380,-1,2379,2381,2377,-1,2377,2381,2382,-1,2377,2382,2375,-1,2375,2382,2383,-1,2375,2383,2373,-1,2373,2383,2384,-1,2373,2384,2371,-1,2371,2384,2385,-1,2371,2385,2370,-1,2370,2385,2386,-1,2370,2386,2369,-1,2369,2386,2387,-1,2381,2364,2382,-1,2382,2364,2365,-1,2382,2365,2383,-1,2383,2365,2366,-1,2383,2366,2384,-1,2384,2366,2367,-1,2384,2367,2385,-1,2385,2367,2368,-1,2385,2368,2386,-1,2386,2368,2360,-1,2386,2360,2387,-1,2387,2360,2359,-1,2325,2358,2326,-1,2326,2358,2360,-1,2326,2360,2327,-1,2327,2360,2328,-1,2388,2389,2390,-1,2357,2391,2355,-1,2355,2391,2392,-1,2355,2392,2354,-1,2354,2392,2393,-1,2354,2393,2352,-1,2352,2393,2351,-1,2351,2393,2394,-1,2351,2394,2349,-1,2349,2394,2348,-1,2348,2394,2395,-1,2348,2395,2346,-1,2346,2395,2345,-1,2345,2395,2396,-1,2345,2396,2343,-1,2397,2398,2399,-1,2343,2396,2341,-1,2341,2396,2397,-1,2341,2397,2338,-1,2338,2397,2399,-1,2338,2399,2339,-1,2391,2400,2392,-1,2392,2400,2401,-1,2392,2401,2393,-1,2393,2401,2402,-1,2393,2402,2394,-1,2394,2402,2403,-1,2394,2403,2395,-1,2395,2403,2404,-1,2395,2404,2396,-1,2396,2404,2405,-1,2396,2405,2397,-1,2397,2405,2406,-1,2397,2406,2398,-1,2398,2406,2407,-1,2400,2408,2401,-1,2401,2408,2409,-1,2401,2409,2402,-1,2402,2409,2410,-1,2402,2410,2403,-1,2403,2410,2411,-1,2403,2411,2404,-1,2404,2411,2412,-1,2404,2412,2405,-1,2405,2412,2413,-1,2405,2413,2406,-1,2406,2413,2390,-1,2406,2390,2407,-1,2407,2390,2389,-1,2414,2388,2415,-1,2415,2388,2390,-1,2415,2390,2416,-1,2416,2390,2413,-1,2416,2413,2417,-1,2417,2413,2412,-1,2417,2412,2418,-1,2418,2412,2411,-1,2418,2411,2419,-1,2419,2411,2410,-1,2419,2410,2420,-1,2420,2410,2409,-1,2420,2409,2421,-1,2421,2409,2408,-1,2422,2423,2362,-1,2362,2423,2363,-1,2423,2424,2363,-1,2363,2424,2425,-1,2363,2425,2372,-1,2425,2426,2372,-1,2372,2426,2427,-1,2372,2427,2374,-1,2427,2428,2374,-1,2374,2428,2429,-1,2374,2429,2376,-1,2429,2430,2376,-1,2376,2430,2431,-1,2376,2431,2378,-1,2378,2431,2432,-1,2378,2432,2380,-1,2380,2432,2433,-1,2380,2433,2434,-1,2414,2415,2435,-1,2435,2415,2436,-1,2436,2415,2437,-1,2437,2415,2416,-1,2437,2416,2438,-1,2438,2416,2439,-1,2439,2416,2417,-1,2439,2417,2440,-1,2440,2417,2441,-1,2441,2417,2418,-1,2441,2418,2442,-1,2442,2418,2443,-1,2443,2418,2419,-1,2443,2419,2444,-1,2444,2419,2445,-1,2445,2419,2420,-1,2445,2420,2446,-1,2446,2420,2421,-1,2446,2421,2447,-1,2435,2436,2448,-1,2448,2436,2449,-1,2436,2437,2449,-1,2449,2437,2438,-1,2449,2438,2450,-1,2438,2439,2450,-1,2450,2439,2440,-1,2450,2440,2451,-1,2440,2441,2451,-1,2451,2441,2442,-1,2451,2442,2452,-1,2453,2454,2455,-1,2455,2454,2456,-1,2455,2456,2457,-1,2457,2456,2458,-1,2457,2458,2459,-1,2459,2458,2460,-1,2459,2460,2461,-1,2461,2460,2462,-1,2461,2462,2463,-1,2463,2462,2464,-1,2463,2464,2465,-1,2454,2466,2456,-1,2456,2466,2467,-1,2456,2467,2458,-1,2458,2467,2468,-1,2458,2468,2460,-1,2460,2468,2469,-1,2460,2469,2462,-1,2462,2469,2470,-1,2462,2470,2464,-1,2464,2470,2471,-1,2466,2448,2467,-1,2467,2448,2449,-1,2467,2449,2468,-1,2468,2449,2450,-1,2468,2450,2469,-1,2469,2450,2451,-1,2469,2451,2470,-1,2470,2451,2452,-1,2470,2452,2471,-1,2471,2452,2472,-1,2442,2443,2452,-1,2452,2443,2444,-1,2452,2444,2472,-1,2472,2444,2445,-1,2472,2445,2446,-1,2465,2464,2473,-1,2473,2464,2471,-1,2473,2471,2474,-1,2474,2471,2472,-1,2474,2472,2475,-1,2475,2472,2446,-1,2475,2446,2447,-1,2476,2477,2478,-1,2463,2465,2476,-1,2476,2478,2463,-1,2463,2478,2479,-1,2463,2479,2461,-1,2461,2479,2480,-1,2461,2480,2459,-1,2459,2480,2481,-1,2459,2481,2457,-1,2457,2481,2482,-1,2457,2482,2455,-1,2455,2482,2483,-1,2455,2483,2453,-1,2484,2485,2486,-1,2486,2485,2487,-1,2486,2487,2488,-1,2488,2487,2489,-1,2489,2487,2490,-1,2489,2490,2491,-1,2491,2490,2492,-1,2492,2490,2493,-1,2492,2493,2494,-1,2494,2493,2495,-1,2495,2493,2496,-1,2495,2496,2497,-1,2497,2496,2498,-1,2498,2496,2499,-1,2498,2499,2500,-1,2500,2499,2501,-1,2501,2499,2502,-1,2501,2502,2503,-1,2485,2504,2487,-1,2487,2504,2505,-1,2487,2505,2490,-1,2490,2505,2506,-1,2490,2506,2493,-1,2493,2506,2507,-1,2493,2507,2496,-1,2496,2507,2508,-1,2496,2508,2499,-1,2499,2508,2509,-1,2499,2509,2502,-1,2502,2509,2510,-1,2504,2511,2505,-1,2505,2511,2512,-1,2505,2512,2506,-1,2506,2512,2513,-1,2506,2513,2507,-1,2507,2513,2514,-1,2507,2514,2508,-1,2508,2514,2515,-1,2508,2515,2509,-1,2509,2515,2516,-1,2509,2516,2510,-1,2510,2516,2517,-1,2511,2483,2512,-1,2512,2483,2482,-1,2512,2482,2513,-1,2513,2482,2481,-1,2513,2481,2514,-1,2514,2481,2480,-1,2514,2480,2515,-1,2515,2480,2479,-1,2515,2479,2516,-1,2516,2479,2478,-1,2516,2478,2517,-1,2517,2478,2477,-1,2518,2519,2520,-1,2518,2520,2521,-1,2521,2520,2522,-1,2521,2522,2523,-1,2523,2522,2524,-1,2523,2524,2525,-1,2525,2524,2526,-1,2525,2526,2527,-1,2527,2526,2528,-1,2527,2528,2529,-1,2529,2528,2530,-1,2529,2530,2531,-1,2484,2486,2532,-1,2532,2486,2533,-1,2533,2486,2534,-1,2534,2486,2488,-1,2534,2488,2535,-1,2535,2488,2489,-1,2535,2489,2536,-1,2536,2489,2491,-1,2536,2491,2537,-1,2537,2491,2492,-1,2537,2492,2538,-1,2538,2492,2494,-1,2538,2494,2539,-1,2539,2494,2495,-1,2539,2495,2540,-1,2540,2495,2497,-1,2540,2497,2541,-1,2541,2497,2498,-1,2541,2498,2542,-1,2542,2498,2500,-1,2542,2500,2543,-1,2500,2501,2543,-1,2543,2501,2503,-1,2543,2503,2544,-1,2545,2546,2547,-1,2544,2548,2543,-1,2543,2548,2549,-1,2543,2549,2542,-1,2542,2549,2541,-1,2541,2549,2550,-1,2541,2550,2540,-1,2540,2550,2539,-1,2539,2550,2551,-1,2539,2551,2538,-1,2538,2551,2537,-1,2537,2551,2552,-1,2537,2552,2536,-1,2536,2552,2535,-1,2535,2552,2553,-1,2535,2553,2534,-1,2553,2554,2555,-1,2534,2553,2533,-1,2533,2553,2555,-1,2533,2555,2532,-1,2548,2556,2549,-1,2549,2556,2557,-1,2549,2557,2550,-1,2550,2557,2558,-1,2550,2558,2551,-1,2551,2558,2559,-1,2551,2559,2552,-1,2552,2559,2560,-1,2552,2560,2553,-1,2553,2560,2561,-1,2553,2561,2554,-1,2554,2561,2562,-1,2556,2563,2557,-1,2557,2563,2564,-1,2557,2564,2558,-1,2558,2564,2565,-1,2558,2565,2559,-1,2559,2565,2566,-1,2559,2566,2560,-1,2560,2566,2567,-1,2560,2567,2561,-1,2561,2567,2547,-1,2561,2547,2562,-1,2562,2547,2546,-1,2519,2545,2520,-1,2520,2545,2547,-1,2520,2547,2522,-1,2522,2547,2567,-1,2522,2567,2524,-1,2524,2567,2566,-1,2524,2566,2526,-1,2526,2566,2565,-1,2526,2565,2528,-1,2528,2565,2564,-1,2528,2564,2530,-1,2530,2564,2563,-1,
        ]
    }
}
Shape{
    appearance Appearance {
        material  Material {
            diffuseColor 0.6039215686274509 0.6039215686274509 0.6039215686274509
            specularColor 0.30196078431372547 0.30196078431372547 0.30196078431372547
            ambientIntensity 0.6039
            transparency 0.0
            shininess 0.5
        }
    }
    geometry IndexedFaceSet {
        ccw TRUE
        solid FALSE
        coord DEF co Coordinate {
            point [
                -357.8718 269.2946 1.7362, -357.8586 269.3107 1.7362, -357.8595 269.3117 1.7464, -357.8911 269.248 1.7362, -357.8909 269.2503 1.7362, -357.8922 269.2505 1.7464, -357.8932 269.2272 1.7362, -357.8945 269.2272 1.7464, -357.8984 269.2272 1.7559, -357.8961 269.2513 1.7559, -357.9047 269.2272 1.7641, -357.9022 269.2525 1.7641, -357.9129 269.2272 1.7703, -357.9102 269.2541 1.7703, -357.9223 269.2272 1.7742, -357.9195 269.256 1.7742, -357.9325 269.2272 1.7756, -357.9295 269.2579 1.7756, -357.8842 269.2724 1.7362, -357.8854 269.2729 1.7464, -357.8891 269.2744 1.7559, -357.8948 269.2768 1.7641, -357.9024 269.2799 1.7703, -357.9111 269.2836 1.7742, -357.9206 269.2875 1.7756, -357.8733 269.2928 1.7362, -357.8744 269.2936 1.7464, -357.8776 269.2958 1.7559, -357.8829 269.2992 1.7641, -357.8896 269.3038 1.7703, -357.8975 269.309 1.7742, -357.906 269.3147 1.7756, -357.8623 269.3145 1.7559, -357.8667 269.3189 1.7641, -357.8725 269.3247 1.7703, -357.8792 269.3314 1.7742, -357.8864 269.3386 1.7756, -357.7742 269.3951 1.7362, -357.7752 269.396 1.7464, -357.7779 269.3988 1.7559, -357.7824 269.4032 1.7641, -357.7881 269.409 1.7703, -357.7949 269.4157 1.7742, -357.8021 269.4229 1.7756, -357.8932 268.9376 1.7362, -357.8945 268.9376 1.7464, -357.8984 268.9376 1.7559, -357.9047 268.9376 1.7641, -357.9129 268.9376 1.7703, -357.9223 268.9376 1.7742, -357.9325 268.9376 1.7756, -357.779 269.4786 1.7756, -357.7805 269.4632 1.7756, -357.7688 269.4786 1.7742, -357.7705 269.4613 1.7742, -357.7593 269.4786 1.7703, -357.7612 269.4594 1.7703, -357.7512 269.4786 1.7641, -357.7532 269.4578 1.7641, -357.7449 269.4786 1.7559, -357.7471 269.4566 1.7559, -357.741 269.4786 1.7464, -357.7432 269.4558 1.7464, -357.7396 269.4786 1.7362, -357.7419 269.4556 1.7362, -357.785 269.4485 1.7756, -357.7756 269.4446 1.7742, -357.7668 269.4409 1.7703, -357.7593 269.4378 1.7641, -357.7535 269.4354 1.7559, -357.7499 269.4339 1.7464, -357.7486 269.4334 1.7362, -357.7923 269.4349 1.7756, -357.7838 269.4292 1.7742, -357.7759 269.4239 1.7703, -357.7691 269.4194 1.7641, -357.7639 269.4159 1.7559, -357.7606 269.4137 1.7464, -357.7595 269.413 1.7362, -357.9352 268.9172 1.7756, -357.9254 268.9145 1.7742, -357.9162 268.9121 1.7703, -357.9083 268.91 1.7641, -357.9023 268.9084 1.7559, -357.8985 268.9073 1.7464, -357.8972 268.907 1.7362, -357.9431 268.8982 1.7756, -357.9343 268.8931 1.7742, -357.926 268.8883 1.7703, -357.919 268.8843 1.7641, -357.9136 268.8811 1.7559, -357.9102 268.8792 1.7464, -357.909 268.8785 1.7362, -357.9556 268.8819 1.7756, -357.9484 268.8747 1.7742, -357.9417 268.868 1.7703, -357.9359 268.8622 1.7641, -357.9315 268.8578 1.7559, -357.9287 268.855 1.7464, -357.9278 268.854 1.7362, -357.9719 268.8694 1.7756, -357.9668 268.8605 1.7742, -357.9621 268.8523 1.7703, -357.958 268.8453 1.7641, -357.9549 268.8398 1.7559, -357.9529 268.8364 1.7464, -357.9522 268.8353 1.7362, -357.9909 268.8615 1.7756, -357.9883 268.8517 1.7742, -357.9858 268.8425 1.7703, -357.9837 268.8346 1.7641, -357.9821 268.8286 1.7559, -357.9811 268.8248 1.7464, -357.9807 268.8235 1.7362, -358.0113 268.8588 1.7756, -358.0113 268.8486 1.7742, -358.0113 268.8391 1.7703, -358.0113 268.831 1.7641, -358.0113 268.8247 1.7559, -358.0113 268.8208 1.7464, -358.0113 268.8194 1.7362, -357.779 270.0834 1.7756, -357.779 269.9321 1.7756, -357.779 270.5225 1.7756, -357.779 270.1446 1.7756, -357.7688 270.5225 1.7742, -357.779 269.9069 1.7756, -357.779 269.7377 1.7756, -357.7593 270.5225 1.7703, -357.7512 270.5225 1.7641, -357.7449 270.5225 1.7559, -357.741 270.5225 1.7464, -357.7396 270.5225 1.7362, -358.6914 268.8588 1.7756, -358.8907 268.8588 1.7756, -358.9663 268.8588 1.7756, -359.8302 268.8486 1.7742, -359.2304 268.8588 1.7756, -359.8302 268.8588 1.7756, -359.8302 268.8391 1.7703, -359.8302 268.831 1.7641, -359.8302 268.8247 1.7559, -359.8302 268.8208 1.7464, -359.8302 268.8194 1.7362, -357.8021 270.5782 1.7756, -357.7923 270.5662 1.7756, -357.7949 270.5854 1.7742, -357.7838 270.5719 1.7742, -357.7881 270.5921 1.7703, -357.7759 270.5772 1.7703, -357.7824 270.5979 1.7641, -357.7691 270.5817 1.7641, -357.7779 270.6023 1.7559, -357.7639 270.5852 1.7559, -357.7752 270.6051 1.7464, -357.7606 270.5874 1.7464, -357.7742 270.606 1.7362, -357.7595 270.5881 1.7362, -357.785 270.5526 1.7756, -357.7756 270.5565 1.7742, -357.7668 270.5602 1.7703, -357.7593 270.5633 1.7641, -357.7535 270.5657 1.7559, -357.7499 270.5672 1.7464, -357.7486 270.5677 1.7362, -357.7805 270.5379 1.7756, -357.7705 270.5398 1.7742, -357.7612 270.5417 1.7703, -357.7532 270.5433 1.7641, -357.7471 270.5445 1.7559, -357.7432 270.5453 1.7464, -357.7419 270.5455 1.7362, -359.8506 268.8615 1.7756, -359.8532 268.8517 1.7742, -359.8557 268.8425 1.7703, -359.8578 268.8346 1.7641, -359.8594 268.8286 1.7559, -359.8604 268.8248 1.7464, -359.8607 268.8235 1.7362, -359.8695 268.8694 1.7756, -359.8746 268.8605 1.7742, -359.8794 268.8523 1.7703, -359.8835 268.8453 1.7641, -359.8866 268.8398 1.7559, -359.8886 268.8364 1.7464, -359.8892 268.8353 1.7362, -359.8859 268.8819 1.7756, -359.8931 268.8747 1.7742, -359.8998 268.868 1.7703, -359.9055 268.8622 1.7641, -359.91 268.8578 1.7559, -359.9127 268.855 1.7464, -359.9137 268.854 1.7362, -359.8984 268.8982 1.7756, -359.9072 268.8931 1.7742, -359.9154 268.8883 1.7703, -359.9225 268.8843 1.7641, -359.9279 268.8811 1.7559, -359.9313 268.8792 1.7464, -359.9325 268.8785 1.7362, -359.9062 268.9172 1.7756, -359.9161 268.9145 1.7742, -359.9252 268.9121 1.7703, -359.9331 268.91 1.7641, -359.9392 268.9084 1.7559, -359.943 268.9073 1.7464, -359.9443 268.907 1.7362, -359.9089 268.9376 1.7756, -359.9191 268.9376 1.7742, -359.9286 268.9376 1.7703, -359.9368 268.9376 1.7641, -359.943 268.9376 1.7559, -359.9469 268.9376 1.7464, -359.9483 268.9376 1.7362, -357.8586 270.6904 1.7362, -357.8595 270.6894 1.7464, -357.8623 270.6866 1.7559, -357.8667 270.6822 1.7641, -357.8725 270.6764 1.7703, -357.8792 270.6697 1.7742, -357.8864 270.6625 1.7756, -359.9483 269.2272 1.7362, -359.9469 269.2272 1.7464, -359.943 269.2272 1.7559, -359.9368 269.2272 1.7641, -359.9286 269.2272 1.7703, -359.9191 269.2272 1.7742, -359.9089 269.2272 1.7756, -357.8911 270.7531 1.7362, -357.8932 270.7739 1.7362, -357.8945 270.7739 1.7464, -357.8718 270.7065 1.7362, -357.8733 270.7083 1.7362, -357.8744 270.7075 1.7464, -357.8776 270.7053 1.7559, -357.8829 270.7019 1.7641, -357.8896 270.6973 1.7703, -357.8975 270.6921 1.7742, -357.906 270.6864 1.7756, -357.8842 270.7287 1.7362, -357.8854 270.7282 1.7464, -357.8891 270.7267 1.7559, -357.8948 270.7243 1.7641, -357.9024 270.7212 1.7703, -357.9111 270.7175 1.7742, -357.9206 270.7136 1.7756, -357.8909 270.7508 1.7362, -357.8922 270.7506 1.7464, -357.8961 270.7498 1.7559, -357.9022 270.7486 1.7641, -357.9102 270.747 1.7703, -357.9195 270.7451 1.7742, -357.9295 270.7432 1.7756, -357.8984 270.7739 1.7559, -357.9047 270.7739 1.7641, -357.9129 270.7739 1.7703, -357.9223 270.7739 1.7742, -357.9325 270.7739 1.7756, -359.9503 269.248 1.7362, -359.9697 269.2946 1.7362, -359.9682 269.2928 1.7362, -359.9671 269.2936 1.7464, -359.9829 269.3107 1.7362, -359.9819 269.3117 1.7464, -359.9792 269.3145 1.7559, -359.9638 269.2958 1.7559, -359.9747 269.3189 1.7641, -359.9586 269.2992 1.7641, -359.969 269.3247 1.7703, -359.9518 269.3038 1.7703, -359.9622 269.3314 1.7742, -359.9439 269.309 1.7742, -359.955 269.3386 1.7756, -359.9355 269.3147 1.7756, -359.9573 269.2724 1.7362, -359.956 269.2729 1.7464, -359.9524 269.2744 1.7559, -359.9466 269.2768 1.7641, -359.9391 269.2799 1.7703, -359.9303 269.2836 1.7742, -359.9209 269.2875 1.7756, -359.9506 269.2503 1.7362, -359.9492 269.2505 1.7464, -359.9454 269.2513 1.7559, -359.9392 269.2525 1.7641, -359.9312 269.2541 1.7703, -359.9219 269.256 1.7742, -359.9119 269.2579 1.7756, -357.8932 271.0635 1.7362, -357.8945 271.0635 1.7464, -357.8984 271.0635 1.7559, -357.9047 271.0635 1.7641, -357.9129 271.0635 1.7703, -357.9223 271.0635 1.7742, -357.9325 271.0635 1.7756, -360.0672 269.3951 1.7362, -360.0663 269.396 1.7464, -360.0635 269.3988 1.7559, -360.0591 269.4032 1.7641, -360.0533 269.409 1.7703, -360.0466 269.4157 1.7742, -360.0394 269.4229 1.7756, -358.0113 271.1423 1.7756, -357.9909 271.1396 1.7756, -358.0113 271.1525 1.7742, -357.9883 271.1494 1.7742, -358.0113 271.162 1.7703, -357.9858 271.1586 1.7703, -358.0113 271.1701 1.7641, -357.9837 271.1665 1.7641, -358.0113 271.1764 1.7559, -357.9821 271.1725 1.7559, -358.0113 271.1803 1.7464, -357.9811 271.1763 1.7464, -358.0113 271.1817 1.7362, -357.9807 271.1776 1.7362, -357.9719 271.1317 1.7756, -357.9668 271.1406 1.7742, -357.9621 271.1488 1.7703, -357.958 271.1558 1.7641, -357.9549 271.1613 1.7559, -357.9529 271.1647 1.7464, -357.9522 271.1658 1.7362, -357.9556 271.1192 1.7756, -357.9484 271.1264 1.7742, -357.9417 271.1331 1.7703, -357.9359 271.1389 1.7641, -357.9315 271.1433 1.7559, -357.9287 271.1461 1.7464, -357.9278 271.1471 1.7362, -357.9431 271.1029 1.7756, -357.9343 271.108 1.7742, -357.926 271.1128 1.7703, -357.919 271.1168 1.7641, -357.9136 271.12 1.7559, -357.9102 271.1219 1.7464, -357.909 271.1226 1.7362, -357.9352 271.0839 1.7756, -357.9254 271.0866 1.7742, -357.9162 271.089 1.7703, -357.9083 271.0911 1.7641, -357.9023 271.0927 1.7559, -357.8985 271.0938 1.7464, -357.8972 271.0941 1.7362, -360.0492 269.4349 1.7756, -360.0577 269.4292 1.7742, -360.0656 269.4239 1.7703, -360.0723 269.4194 1.7641, -360.0775 269.4159 1.7559, -360.0808 269.4137 1.7464, -360.0819 269.413 1.7362, -360.0565 269.4485 1.7756, -360.0659 269.4446 1.7742, -360.0747 269.4409 1.7703, -360.0822 269.4378 1.7641, -360.088 269.4354 1.7559, -360.0916 269.4339 1.7464, -360.0928 269.4334 1.7362, -360.0609 269.4632 1.7756, -360.0709 269.4613 1.7742, -360.0803 269.4594 1.7703, -360.0883 269.4578 1.7641, -360.0944 269.4566 1.7559, -360.0982 269.4558 1.7464, -360.0996 269.4556 1.7362, -360.0625 269.4786 1.7756, -360.0726 269.4786 1.7742, -360.0821 269.4786 1.7703, -360.0903 269.4786 1.7641, -360.0966 269.4786 1.7559, -360.1005 269.4786 1.7464, -360.1018 269.4786 1.7362, -359.8302 271.1423 1.7756, -359.2304 271.1423 1.7756, -359.8302 271.1525 1.7742, -358.9663 271.1423 1.7756, -358.8907 271.1423 1.7756, -358.6914 271.1423 1.7756, -359.8302 271.162 1.7703, -359.8302 271.1701 1.7641, -359.8302 271.1764 1.7559, -359.8302 271.1803 1.7464, -359.8302 271.1817 1.7362, -360.0625 269.7377 1.7756, -360.0625 269.9069 1.7756, -360.0625 269.9321 1.7756, -360.0625 270.0834 1.7756, -360.0726 270.5225 1.7742, -360.0625 270.1446 1.7756, -360.0625 270.5225 1.7756, -360.0821 270.5225 1.7703, -360.0903 270.5225 1.7641, -360.0966 270.5225 1.7559, -360.1005 270.5225 1.7464, -360.1018 270.5225 1.7362, -359.9089 271.0635 1.7756, -359.9062 271.0839 1.7756, -359.9191 271.0635 1.7742, -359.9161 271.0866 1.7742, -359.9286 271.0635 1.7703, -359.9252 271.089 1.7703, -359.9368 271.0635 1.7641, -359.9331 271.0911 1.7641, -359.943 271.0635 1.7559, -359.9392 271.0927 1.7559, -359.9469 271.0635 1.7464, -359.943 271.0938 1.7464, -359.9483 271.0635 1.7362, -359.9443 271.0941 1.7362, -359.8984 271.1029 1.7756, -359.9072 271.108 1.7742, -359.9154 271.1128 1.7703, -359.9225 271.1168 1.7641, -359.9279 271.12 1.7559, -359.9313 271.1219 1.7464, -359.9325 271.1226 1.7362, -359.8859 271.1192 1.7756, -359.8931 271.1264 1.7742, -359.8998 271.1331 1.7703, -359.9055 271.1389 1.7641, -359.91 271.1433 1.7559, -359.9127 271.1461 1.7464, -359.9137 271.1471 1.7362, -359.8695 271.1317 1.7756, -359.8746 271.1406 1.7742, -359.8794 271.1488 1.7703, -359.8835 271.1558 1.7641, -359.8866 271.1613 1.7559, -359.8886 271.1647 1.7464, -359.8892 271.1658 1.7362, -359.8506 271.1396 1.7756, -359.8532 271.1494 1.7742, -359.8557 271.1586 1.7703, -359.8578 271.1665 1.7641, -359.8594 271.1725 1.7559, -359.8604 271.1763 1.7464, -359.8607 271.1776 1.7362, -360.0609 270.5379 1.7756, -360.0709 270.5398 1.7742, -360.0803 270.5417 1.7703, -360.0883 270.5433 1.7641, -360.0944 270.5445 1.7559, -360.0982 270.5453 1.7464, -360.0996 270.5455 1.7362, -360.0565 270.5526 1.7756, -360.0659 270.5565 1.7742, -360.0747 270.5602 1.7703, -360.0822 270.5633 1.7641, -360.088 270.5657 1.7559, -360.0916 270.5672 1.7464, -360.0928 270.5677 1.7362, -360.0492 270.5662 1.7756, -360.0577 270.5719 1.7742, -360.0656 270.5772 1.7703, -360.0723 270.5817 1.7641, -360.0775 270.5852 1.7559, -360.0808 270.5874 1.7464, -360.0819 270.5881 1.7362, -360.0394 270.5782 1.7756, -360.0466 270.5854 1.7742, -360.0533 270.5921 1.7703, -360.0591 270.5979 1.7641, -360.0635 270.6023 1.7559, -360.0663 270.6051 1.7464, -360.0672 270.606 1.7362, -359.9483 270.7739 1.7362, -359.9473 270.7739 1.745, -359.9468 270.7739 1.7464, -359.9444 270.7739 1.7533, -359.9428 270.7739 1.7558, -359.9397 270.7739 1.7608, -359.9366 270.7739 1.7639, -359.9335 270.7739 1.767, -359.9285 270.7739 1.7701, -359.926 270.7739 1.7717, -359.9191 270.7739 1.7741, -359.9177 270.7739 1.7746, -359.9089 270.7739 1.7756, -359.9829 270.6904 1.7362, -359.9822 270.6897 1.745, -359.9818 270.6893 1.7464, -359.9801 270.6876 1.7533, -359.979 270.6865 1.7558, -359.9768 270.6843 1.7608, -359.9746 270.6821 1.7639, -359.9724 270.6799 1.767, -359.9689 270.6764 1.7701, -359.9671 270.6746 1.7717, -359.9622 270.6697 1.7741, -359.9612 270.6687 1.7746, -359.955 270.6625 1.7756, -359.9697 270.7065 1.7362, -359.9503 270.7531 1.7362, -359.9506 270.7508 1.7362, -359.9496 270.7506 1.745, -359.9674 270.7077 1.745, -359.9682 270.7083 1.7362, -359.9467 270.7501 1.7533, -359.965 270.7061 1.7533, -359.9421 270.7492 1.7608, -359.9611 270.7035 1.7608, -359.936 270.7479 1.767, -359.9559 270.7 1.767, -359.9287 270.7465 1.7717, -359.9573 270.7287 1.7362, -359.9564 270.7283 1.745, -359.9537 270.7272 1.7533, -359.9493 270.7254 1.7608, -359.9436 270.723 1.767, -359.9367 270.7202 1.7717, -359.9497 270.6959 1.7717, -359.9205 270.7449 1.7746, -359.929 270.717 1.7746, -359.9427 270.6913 1.7746, -359.9119 270.7432 1.7756, -359.9209 270.7136 1.7756, -359.9355 270.6864 1.7756
            ]
        }
        coordIndex [
            0,1,2,-1,3,4,5,-1,6,3,7,-1,7,3,5,-1,7,5,8,-1,8,5,9,-1,8,9,10,-1,10,9,11,-1,10,11,12,-1,12,11,13,-1,12,13,14,-1,14,13,15,-1,14,15,16,-1,16,15,17,-1,4,18,5,-1,5,18,19,-1,5,19,9,-1,9,19,20,-1,9,20,11,-1,11,20,21,-1,11,21,13,-1,13,21,22,-1,13,22,15,-1,15,22,23,-1,15,23,17,-1,17,23,24,-1,18,25,19,-1,19,25,26,-1,19,26,20,-1,20,26,27,-1,20,27,21,-1,21,27,28,-1,21,28,22,-1,22,28,29,-1,22,29,23,-1,23,29,30,-1,23,30,24,-1,24,30,31,-1,25,0,26,-1,26,0,2,-1,26,2,27,-1,27,2,32,-1,27,32,28,-1,28,32,33,-1,28,33,29,-1,29,33,34,-1,29,34,30,-1,30,34,35,-1,30,35,31,-1,31,35,36,-1,1,37,38,-1,1,38,2,-1,2,38,39,-1,2,39,32,-1,32,39,40,-1,32,40,33,-1,33,40,41,-1,33,41,34,-1,34,41,42,-1,34,42,35,-1,35,42,43,-1,35,43,36,-1,44,6,7,-1,44,7,45,-1,45,7,8,-1,45,8,46,-1,46,8,10,-1,46,10,47,-1,47,10,12,-1,47,12,48,-1,48,12,14,-1,48,14,49,-1,49,14,16,-1,49,16,50,-1,51,52,53,-1,53,52,54,-1,53,54,55,-1,55,54,56,-1,55,56,57,-1,57,56,58,-1,57,58,59,-1,59,58,60,-1,59,60,61,-1,61,60,62,-1,61,62,63,-1,63,62,64,-1,52,65,54,-1,54,65,66,-1,54,66,56,-1,56,66,67,-1,56,67,58,-1,58,67,68,-1,58,68,60,-1,60,68,69,-1,60,69,62,-1,62,69,70,-1,62,70,64,-1,64,70,71,-1,65,72,66,-1,66,72,73,-1,66,73,67,-1,67,73,74,-1,67,74,68,-1,68,74,75,-1,68,75,69,-1,69,75,76,-1,69,76,70,-1,70,76,77,-1,70,77,71,-1,71,77,78,-1,72,43,73,-1,73,43,42,-1,73,42,74,-1,74,42,41,-1,74,41,75,-1,75,41,40,-1,75,40,76,-1,76,40,39,-1,76,39,77,-1,77,39,38,-1,77,38,78,-1,78,38,37,-1,50,79,49,-1,49,79,80,-1,49,80,48,-1,48,80,81,-1,48,81,47,-1,47,81,82,-1,47,82,46,-1,46,82,83,-1,46,83,45,-1,45,83,84,-1,45,84,44,-1,44,84,85,-1,79,86,80,-1,80,86,87,-1,80,87,81,-1,81,87,88,-1,81,88,82,-1,82,88,89,-1,82,89,83,-1,83,89,90,-1,83,90,84,-1,84,90,91,-1,84,91,85,-1,85,91,92,-1,86,93,87,-1,87,93,94,-1,87,94,88,-1,88,94,95,-1,88,95,89,-1,89,95,96,-1,89,96,90,-1,90,96,97,-1,90,97,91,-1,91,97,98,-1,91,98,92,-1,92,98,99,-1,93,100,94,-1,94,100,101,-1,94,101,95,-1,95,101,102,-1,95,102,96,-1,96,102,103,-1,96,103,97,-1,97,103,104,-1,97,104,98,-1,98,104,105,-1,98,105,99,-1,99,105,106,-1,100,107,101,-1,101,107,108,-1,101,108,102,-1,102,108,109,-1,102,109,103,-1,103,109,110,-1,103,110,104,-1,104,110,111,-1,104,111,105,-1,105,111,112,-1,105,112,106,-1,106,112,113,-1,107,114,108,-1,108,114,115,-1,108,115,109,-1,109,115,116,-1,109,116,110,-1,110,116,117,-1,110,117,111,-1,111,117,118,-1,111,118,112,-1,112,118,119,-1,112,119,113,-1,113,119,120,-1,121,122,53,-1,123,124,125,-1,125,124,121,-1,122,126,53,-1,53,126,127,-1,53,127,51,-1,121,53,125,-1,125,53,55,-1,125,55,128,-1,128,55,57,-1,128,57,129,-1,129,57,59,-1,129,59,130,-1,130,59,61,-1,130,61,131,-1,131,61,63,-1,131,63,132,-1,114,133,115,-1,115,133,134,-1,134,135,136,-1,136,135,137,-1,136,137,138,-1,134,136,115,-1,115,136,139,-1,115,139,116,-1,116,139,140,-1,116,140,117,-1,117,140,141,-1,117,141,118,-1,118,141,142,-1,118,142,119,-1,119,142,143,-1,119,143,120,-1,144,145,146,-1,146,145,147,-1,146,147,148,-1,148,147,149,-1,148,149,150,-1,150,149,151,-1,150,151,152,-1,152,151,153,-1,152,153,154,-1,154,153,155,-1,154,155,156,-1,156,155,157,-1,145,158,147,-1,147,158,159,-1,147,159,149,-1,149,159,160,-1,149,160,151,-1,151,160,161,-1,151,161,153,-1,153,161,162,-1,153,162,155,-1,155,162,163,-1,155,163,157,-1,157,163,164,-1,158,165,159,-1,159,165,166,-1,159,166,160,-1,160,166,167,-1,160,167,161,-1,161,167,168,-1,161,168,162,-1,162,168,169,-1,162,169,163,-1,163,169,170,-1,163,170,164,-1,164,170,171,-1,165,123,166,-1,166,123,125,-1,166,125,167,-1,167,125,128,-1,167,128,168,-1,168,128,129,-1,168,129,169,-1,169,129,130,-1,169,130,170,-1,170,130,131,-1,170,131,171,-1,171,131,132,-1,138,172,136,-1,136,172,173,-1,136,173,139,-1,139,173,174,-1,139,174,140,-1,140,174,175,-1,140,175,141,-1,141,175,176,-1,141,176,142,-1,142,176,177,-1,142,177,143,-1,143,177,178,-1,172,179,173,-1,173,179,180,-1,173,180,174,-1,174,180,181,-1,174,181,175,-1,175,181,182,-1,175,182,176,-1,176,182,183,-1,176,183,177,-1,177,183,184,-1,177,184,178,-1,178,184,185,-1,179,186,180,-1,180,186,187,-1,180,187,181,-1,181,187,188,-1,181,188,182,-1,182,188,189,-1,182,189,183,-1,183,189,190,-1,183,190,184,-1,184,190,191,-1,184,191,185,-1,185,191,192,-1,186,193,187,-1,187,193,194,-1,187,194,188,-1,188,194,195,-1,188,195,189,-1,189,195,196,-1,189,196,190,-1,190,196,197,-1,190,197,191,-1,191,197,198,-1,191,198,192,-1,192,198,199,-1,193,200,194,-1,194,200,201,-1,194,201,195,-1,195,201,202,-1,195,202,196,-1,196,202,203,-1,196,203,197,-1,197,203,204,-1,197,204,198,-1,198,204,205,-1,198,205,199,-1,199,205,206,-1,200,207,201,-1,201,207,208,-1,201,208,202,-1,202,208,209,-1,202,209,203,-1,203,209,210,-1,203,210,204,-1,204,210,211,-1,204,211,205,-1,205,211,212,-1,205,212,206,-1,206,212,213,-1,156,214,215,-1,156,215,154,-1,154,215,216,-1,154,216,152,-1,152,216,217,-1,152,217,150,-1,150,217,218,-1,150,218,148,-1,148,218,219,-1,148,219,146,-1,146,219,220,-1,146,220,144,-1,221,213,212,-1,221,212,222,-1,222,212,211,-1,222,211,223,-1,223,211,210,-1,223,210,224,-1,224,210,209,-1,224,209,225,-1,225,209,208,-1,225,208,226,-1,226,208,207,-1,226,207,227,-1,228,229,230,-1,231,232,233,-1,214,231,215,-1,215,231,233,-1,215,233,216,-1,216,233,234,-1,216,234,217,-1,217,234,235,-1,217,235,218,-1,218,235,236,-1,218,236,219,-1,219,236,237,-1,219,237,220,-1,220,237,238,-1,232,239,233,-1,233,239,240,-1,233,240,234,-1,234,240,241,-1,234,241,235,-1,235,241,242,-1,235,242,236,-1,236,242,243,-1,236,243,237,-1,237,243,244,-1,237,244,238,-1,238,244,245,-1,239,246,240,-1,240,246,247,-1,240,247,241,-1,241,247,248,-1,241,248,242,-1,242,248,249,-1,242,249,243,-1,243,249,250,-1,243,250,244,-1,244,250,251,-1,244,251,245,-1,245,251,252,-1,246,228,247,-1,247,228,230,-1,247,230,248,-1,248,230,253,-1,248,253,249,-1,249,253,254,-1,249,254,250,-1,250,254,255,-1,250,255,251,-1,251,255,256,-1,251,256,252,-1,252,256,257,-1,258,221,222,-1,259,260,261,-1,262,259,263,-1,263,259,261,-1,263,261,264,-1,264,261,265,-1,264,265,266,-1,266,265,267,-1,266,267,268,-1,268,267,269,-1,268,269,270,-1,270,269,271,-1,270,271,272,-1,272,271,273,-1,260,274,261,-1,261,274,275,-1,261,275,265,-1,265,275,276,-1,265,276,267,-1,267,276,277,-1,267,277,269,-1,269,277,278,-1,269,278,271,-1,271,278,279,-1,271,279,273,-1,273,279,280,-1,274,281,275,-1,275,281,282,-1,275,282,276,-1,276,282,283,-1,276,283,277,-1,277,283,284,-1,277,284,278,-1,278,284,285,-1,278,285,279,-1,279,285,286,-1,279,286,280,-1,280,286,287,-1,281,258,282,-1,282,258,222,-1,282,222,283,-1,283,222,223,-1,283,223,284,-1,284,223,224,-1,284,224,285,-1,285,224,225,-1,285,225,286,-1,286,225,226,-1,286,226,287,-1,287,226,227,-1,229,288,289,-1,229,289,230,-1,230,289,290,-1,230,290,253,-1,253,290,291,-1,253,291,254,-1,254,291,292,-1,254,292,255,-1,255,292,293,-1,255,293,256,-1,256,293,294,-1,256,294,257,-1,295,262,263,-1,295,263,296,-1,296,263,264,-1,296,264,297,-1,297,264,266,-1,297,266,298,-1,298,266,268,-1,298,268,299,-1,299,268,270,-1,299,270,300,-1,300,270,272,-1,300,272,301,-1,302,303,304,-1,304,303,305,-1,304,305,306,-1,306,305,307,-1,306,307,308,-1,308,307,309,-1,308,309,310,-1,310,309,311,-1,310,311,312,-1,312,311,313,-1,312,313,314,-1,314,313,315,-1,303,316,305,-1,305,316,317,-1,305,317,307,-1,307,317,318,-1,307,318,309,-1,309,318,319,-1,309,319,311,-1,311,319,320,-1,311,320,313,-1,313,320,321,-1,313,321,315,-1,315,321,322,-1,316,323,317,-1,317,323,324,-1,317,324,318,-1,318,324,325,-1,318,325,319,-1,319,325,326,-1,319,326,320,-1,320,326,327,-1,320,327,321,-1,321,327,328,-1,321,328,322,-1,322,328,329,-1,323,330,324,-1,324,330,331,-1,324,331,325,-1,325,331,332,-1,325,332,326,-1,326,332,333,-1,326,333,327,-1,327,333,334,-1,327,334,328,-1,328,334,335,-1,328,335,329,-1,329,335,336,-1,330,337,331,-1,331,337,338,-1,331,338,332,-1,332,338,339,-1,332,339,333,-1,333,339,340,-1,333,340,334,-1,334,340,341,-1,334,341,335,-1,335,341,342,-1,335,342,336,-1,336,342,343,-1,337,294,338,-1,338,294,293,-1,338,293,339,-1,339,293,292,-1,339,292,340,-1,340,292,291,-1,340,291,341,-1,341,291,290,-1,341,290,342,-1,342,290,289,-1,342,289,343,-1,343,289,288,-1,301,344,300,-1,300,344,345,-1,300,345,299,-1,299,345,346,-1,299,346,298,-1,298,346,347,-1,298,347,297,-1,297,347,348,-1,297,348,296,-1,296,348,349,-1,296,349,295,-1,295,349,350,-1,344,351,345,-1,345,351,352,-1,345,352,346,-1,346,352,353,-1,346,353,347,-1,347,353,354,-1,347,354,348,-1,348,354,355,-1,348,355,349,-1,349,355,356,-1,349,356,350,-1,350,356,357,-1,351,358,352,-1,352,358,359,-1,352,359,353,-1,353,359,360,-1,353,360,354,-1,354,360,361,-1,354,361,355,-1,355,361,362,-1,355,362,356,-1,356,362,363,-1,356,363,357,-1,357,363,364,-1,358,365,359,-1,359,365,366,-1,359,366,360,-1,360,366,367,-1,360,367,361,-1,361,367,368,-1,361,368,362,-1,362,368,369,-1,362,369,363,-1,363,369,370,-1,363,370,364,-1,364,370,371,-1,372,373,374,-1,374,373,375,-1,374,375,376,-1,302,304,377,-1,377,304,376,-1,376,304,374,-1,374,304,306,-1,374,306,378,-1,378,306,308,-1,378,308,379,-1,379,308,310,-1,379,310,380,-1,380,310,312,-1,380,312,381,-1,381,312,314,-1,381,314,382,-1,365,383,366,-1,366,383,384,-1,366,384,385,-1,385,386,387,-1,387,386,388,-1,387,388,389,-1,385,387,366,-1,366,387,390,-1,366,390,367,-1,367,390,391,-1,367,391,368,-1,368,391,392,-1,368,392,369,-1,369,392,393,-1,369,393,370,-1,370,393,394,-1,370,394,371,-1,395,396,397,-1,397,396,398,-1,397,398,399,-1,399,398,400,-1,399,400,401,-1,401,400,402,-1,401,402,403,-1,403,402,404,-1,403,404,405,-1,405,404,406,-1,405,406,407,-1,407,406,408,-1,396,409,398,-1,398,409,410,-1,398,410,400,-1,400,410,411,-1,400,411,402,-1,402,411,412,-1,402,412,404,-1,404,412,413,-1,404,413,406,-1,406,413,414,-1,406,414,408,-1,408,414,415,-1,409,416,410,-1,410,416,417,-1,410,417,411,-1,411,417,418,-1,411,418,412,-1,412,418,419,-1,412,419,413,-1,413,419,420,-1,413,420,414,-1,414,420,421,-1,414,421,415,-1,415,421,422,-1,416,423,417,-1,417,423,424,-1,417,424,418,-1,418,424,425,-1,418,425,419,-1,419,425,426,-1,419,426,420,-1,420,426,427,-1,420,427,421,-1,421,427,428,-1,421,428,422,-1,422,428,429,-1,423,430,424,-1,424,430,431,-1,424,431,425,-1,425,431,432,-1,425,432,426,-1,426,432,433,-1,426,433,427,-1,427,433,434,-1,427,434,428,-1,428,434,435,-1,428,435,429,-1,429,435,436,-1,430,372,431,-1,431,372,374,-1,431,374,432,-1,432,374,378,-1,432,378,433,-1,433,378,379,-1,433,379,434,-1,434,379,380,-1,434,380,435,-1,435,380,381,-1,435,381,436,-1,436,381,382,-1,389,437,387,-1,387,437,438,-1,387,438,390,-1,390,438,439,-1,390,439,391,-1,391,439,440,-1,391,440,392,-1,392,440,441,-1,392,441,393,-1,393,441,442,-1,393,442,394,-1,394,442,443,-1,437,444,438,-1,438,444,445,-1,438,445,439,-1,439,445,446,-1,439,446,440,-1,440,446,447,-1,440,447,441,-1,441,447,448,-1,441,448,442,-1,442,448,449,-1,442,449,443,-1,443,449,450,-1,444,451,445,-1,445,451,452,-1,445,452,446,-1,446,452,453,-1,446,453,447,-1,447,453,454,-1,447,454,448,-1,448,454,455,-1,448,455,449,-1,449,455,456,-1,449,456,450,-1,450,456,457,-1,451,458,452,-1,452,458,459,-1,452,459,453,-1,453,459,460,-1,453,460,454,-1,454,460,461,-1,454,461,455,-1,455,461,462,-1,455,462,456,-1,456,462,463,-1,456,463,457,-1,457,463,464,-1,465,466,407,-1,407,466,405,-1,466,467,405,-1,405,467,468,-1,405,468,403,-1,468,469,403,-1,403,469,470,-1,403,470,401,-1,470,471,401,-1,401,471,472,-1,401,472,399,-1,472,473,399,-1,399,473,474,-1,399,474,397,-1,397,474,475,-1,397,475,395,-1,395,475,476,-1,395,476,477,-1,478,464,479,-1,479,464,463,-1,479,463,480,-1,480,463,481,-1,481,463,462,-1,481,462,482,-1,482,462,483,-1,483,462,461,-1,483,461,484,-1,484,461,485,-1,485,461,460,-1,485,460,486,-1,486,460,487,-1,487,460,459,-1,487,459,488,-1,488,459,489,-1,489,459,458,-1,489,458,490,-1,491,478,479,-1,492,493,494,-1,495,496,491,-1,465,492,466,-1,466,492,494,-1,466,494,467,-1,467,494,497,-1,491,479,495,-1,495,479,480,-1,495,480,498,-1,499,469,497,-1,497,469,468,-1,497,468,467,-1,480,481,498,-1,498,481,482,-1,498,482,500,-1,501,471,499,-1,499,471,470,-1,499,470,469,-1,482,483,500,-1,500,483,484,-1,500,484,502,-1,475,474,503,-1,503,474,473,-1,503,473,501,-1,501,473,472,-1,501,472,471,-1,493,504,494,-1,494,504,505,-1,494,505,497,-1,497,505,506,-1,497,506,499,-1,499,506,507,-1,499,507,501,-1,501,507,508,-1,501,508,503,-1,503,508,509,-1,504,496,505,-1,505,496,495,-1,505,495,506,-1,506,495,498,-1,506,498,507,-1,507,498,500,-1,507,500,508,-1,508,500,502,-1,508,502,509,-1,509,502,510,-1,477,476,511,-1,511,476,475,-1,484,485,502,-1,502,485,486,-1,502,486,510,-1,510,486,487,-1,510,487,488,-1,475,503,511,-1,511,503,509,-1,511,509,512,-1,512,509,510,-1,512,510,513,-1,513,510,488,-1,513,488,489,-1,477,511,514,-1,514,511,512,-1,514,512,515,-1,515,512,513,-1,515,513,516,-1,516,513,489,-1,516,489,490,-1,
        ]
    }
}
Shape{
    appearance Appearance {
        material  Material {
            diffuseColor 0.6470588235294118 0.6470588235294118 0.6470588235294118
            specularColor 0.3215686274509804 0.3215686274509804 0.3215686274509804
            ambientIntensity 0.6471
            transparency 0.0
            shininess 0.5
        }
    }
    geometry IndexedFaceSet {
        ccw TRUE
        solid FALSE
        coord DEF co Coordinate {
            point [
                -359.0876 270.0286 0.0079, -359.126 269.9302 0.0079, -359.0876 270.0286 0.0039, -359.126 269.9302 0.0039, -359.1116 269.9302 0.0079, -359.1116 269.9302 0.0039, -359.1016 269.9578 0.0079, -359.1016 269.9578 0.0039, -359.061 269.9578 0.0079, -359.061 269.9578 0.0039, -359.0516 269.9302 0.0079, -359.0516 269.9302 0.0039, -359.0372 269.9302 0.0079, -359.0372 269.9302 0.0039, -359.0744 270.0286 0.0079, -359.0744 270.0286 0.0039, -359.0643 269.9686 0.0079, -359.0972 269.9686 0.0079, -359.079 270.0097 0.0079, -359.0799 270.0132 0.0079, -359.0805 270.0166 0.0079, -359.0809 270.0166 0.0079, -359.0815 270.0132 0.0079, -359.0824 270.0097 0.0079, -359.0643 269.9686 0.0039, -359.0972 269.9686 0.0039, -359.079 270.0097 0.0039, -359.0799 270.0132 0.0039, -359.0805 270.0166 0.0039, -359.0809 270.0166 0.0039, -359.0815 270.0132 0.0039, -359.0824 270.0097 0.0039, -358.9775 269.9302 0.0079, -358.9507 269.9302 0.0079, -358.9775 269.9302 0.0039, -358.9507 269.9302 0.0039, -358.9507 270.0286 0.0079, -358.9507 270.0286 0.0039, -358.9785 270.0286 0.0079, -358.9785 270.0286 0.0039, -359.03 269.9807 0.0079, -359.03 269.9807 0.0039, -359.0292 269.9899 0.0039, -359.0292 269.9899 0.0079, -359.0266 269.9996 0.0039, -359.0266 269.9996 0.0079, -359.022 270.0081 0.0039, -359.022 270.0081 0.0079, -359.0151 270.0158 0.0039, -359.0151 270.0158 0.0079, -359.015 270.0159 0.0039, -359.015 270.0159 0.0079, -359.0042 270.0231 0.0039, -359.0042 270.0231 0.0079, -358.9927 270.0271 0.0039, -358.9927 270.0271 0.0079, -358.9897 269.9313 0.0039, -358.9897 269.9313 0.0079, -359.001 269.9347 0.0039, -359.001 269.9347 0.0079, -359.0113 269.9406 0.0039, -359.0113 269.9406 0.0079, -359.0194 269.9484 0.0039, -359.0194 269.9484 0.0079, -359.025 269.9572 0.0039, -359.025 269.9572 0.0079, -359.0286 269.9675 0.0039, -359.0286 269.9675 0.0079, -359.0102 270.004 0.0079, -359.0054 270.0091 0.0079, -358.9982 270.0138 0.0079, -358.9901 270.0166 0.0079, -358.9785 270.0178 0.0079, -358.9639 270.0178 0.0079, -358.9639 269.941 0.0079, -358.9779 269.941 0.0079, -358.9883 269.942 0.0079, -358.9966 269.9446 0.0079, -359.0033 269.9486 0.0079, -359.0088 269.954 0.0079, -359.013 269.9608 0.0079, -359.0158 269.97 0.0079, -359.0168 269.9804 0.0079, -359.0159 269.9902 0.0079, -359.0136 269.998 0.0079, -358.9785 270.0178 0.0039, -358.9639 270.0178 0.0039, -358.9901 270.0166 0.0039, -358.9982 270.0138 0.0039, -359.0054 270.0091 0.0039, -359.0102 270.004 0.0039, -359.0136 269.998 0.0039, -359.0159 269.9902 0.0039, -359.0168 269.9804 0.0039, -359.0158 269.97 0.0039, -359.013 269.9608 0.0039, -359.0088 269.954 0.0039, -359.0033 269.9486 0.0039, -358.9966 269.9446 0.0039, -358.9883 269.942 0.0039, -358.9779 269.941 0.0039, -358.9639 269.941 0.0039, -358.9315 269.941 0.0079, -358.9315 269.9302 0.0079, -358.9315 269.941 0.0039, -358.9315 269.9302 0.0039, -358.8787 269.9302 0.0079, -358.8787 269.9302 0.0039, -358.8787 270.0286 0.0079, -358.8787 270.0286 0.0039, -358.9291 270.0286 0.0079, -358.9291 270.0286 0.0039, -358.9291 270.0178 0.0079, -358.9291 270.0178 0.0039, -358.8919 270.0178 0.0079, -358.8919 270.0178 0.0039, -358.8919 269.9854 0.0079, -358.8919 269.9854 0.0039, -358.9267 269.9854 0.0079, -358.9267 269.9854 0.0039, -358.9267 269.9746 0.0079, -358.9267 269.9746 0.0039, -358.8919 269.9746 0.0079, -358.8919 269.9746 0.0039, -358.8919 269.941 0.0079, -358.8919 269.941 0.0039, -358.8595 269.9461 0.0079, -358.8595 269.9353 0.0079, -358.8595 269.9461 0.0039, -358.8595 269.9353 0.0039, -358.849 269.931 0.0079, -358.8324 269.929 0.0079, -358.8324 269.929 0.0039, -358.8351 269.9291 0.0039, -358.8351 269.9291 0.0079, -358.8391 269.9296 0.0039, -358.849 269.931 0.0039, -358.7863 269.9776 0.0079, -358.7863 269.9776 0.0039, -358.7872 269.9662 0.0039, -358.7872 269.9662 0.0079, -358.7902 269.9558 0.0039, -358.7902 269.9558 0.0079, -358.7955 269.9464 0.0039, -358.7955 269.9464 0.0079, -358.8028 269.9386 0.0039, -358.8028 269.9386 0.0079, -358.8108 269.9336 0.0039, -358.8108 269.9336 0.0079, -358.8203 269.9303 0.0039, -358.8203 269.9303 0.0079, -358.8266 269.9296 0.0039, -358.8363 270.0298 0.0079, -358.8363 270.0298 0.0039, -358.8265 270.029 0.0039, -358.8265 270.029 0.0079, -358.8155 270.0258 0.0039, -358.8155 270.0258 0.0079, -358.8061 270.0205 0.0039, -358.8061 270.0205 0.0079, -358.7973 270.0119 0.0039, -358.7973 270.0119 0.0079, -358.7915 270.0027 0.0039, -358.7915 270.0027 0.0079, -358.7877 269.9916 0.0039, -358.7877 269.9916 0.0079, -358.8595 270.0259 0.0079, -358.8595 270.0259 0.0039, -358.8481 270.029 0.0039, -358.8481 270.029 0.0079, -358.8595 270.0127 0.0079, -358.8595 270.0127 0.0039, -358.8365 270.019 0.0079, -358.8365 270.019 0.0039, -358.8484 270.0175 0.0039, -358.8484 270.0175 0.0079, -358.7995 269.9784 0.0079, -358.7995 269.9784 0.0039, -358.8 269.986 0.0039, -358.8 269.986 0.0079, -358.8026 269.9966 0.0039, -358.8026 269.9966 0.0079, -358.8066 270.0042 0.0039, -358.8066 270.0042 0.0079, -358.8126 270.0107 0.0039, -358.8126 270.0107 0.0079, -358.8194 270.0153 0.0039, -358.8194 270.0153 0.0079, -358.8268 270.018 0.0039, -358.8268 270.018 0.0079, -358.8342 269.9398 0.0079, -358.8342 269.9398 0.0039, -358.8251 269.9409 0.0039, -358.8251 269.9409 0.0079, -358.8179 269.9435 0.0039, -358.8179 269.9435 0.0079, -358.8119 269.9476 0.0039, -358.8119 269.9476 0.0079, -358.8072 269.9524 0.0039, -358.8072 269.9524 0.0079, -358.8032 269.9593 0.0039, -358.8032 269.9593 0.0079, -358.8005 269.9677 0.0039, -358.8005 269.9677 0.0079, -358.8577 269.9451 0.0039, -358.8577 269.9451 0.0079, -358.8473 269.9413 0.0039, -358.8473 269.9413 0.0079, -358.7779 269.941 0.0079, -358.7779 269.9302 0.0079, -358.7779 269.941 0.0039, -358.7779 269.9302 0.0039, -358.7275 269.9302 0.0079, -358.7275 269.9302 0.0039, -358.7275 270.0286 0.0079, -358.7275 270.0286 0.0039, -358.7407 270.0286 0.0079, -358.7407 270.0286 0.0039, -358.7407 269.941 0.0079, -358.7407 269.941 0.0039
            ]
        }
        coordIndex [
            0,1,2,-1,2,1,3,-1,1,4,3,-1,3,4,5,-1,4,6,5,-1,5,6,7,-1,6,8,7,-1,7,8,9,-1,8,10,9,-1,9,10,11,-1,10,12,11,-1,11,12,13,-1,12,14,13,-1,13,14,15,-1,14,0,15,-1,15,0,2,-1,16,8,17,-1,17,8,6,-1,18,14,16,-1,16,14,12,-1,16,12,8,-1,8,12,10,-1,18,19,14,-1,14,19,20,-1,14,20,0,-1,0,20,21,-1,0,21,22,-1,22,23,0,-1,0,23,17,-1,0,17,1,-1,1,17,6,-1,1,6,4,-1,16,17,24,-1,24,17,25,-1,18,16,26,-1,26,16,24,-1,18,26,27,-1,18,27,19,-1,19,27,28,-1,19,28,20,-1,21,20,29,-1,29,20,28,-1,21,29,30,-1,21,30,22,-1,22,30,31,-1,22,31,23,-1,17,23,25,-1,25,23,31,-1,32,33,34,-1,34,33,35,-1,33,36,35,-1,35,36,37,-1,36,38,37,-1,37,38,39,-1,40,41,42,-1,40,42,43,-1,43,42,44,-1,43,44,45,-1,45,44,46,-1,45,46,47,-1,47,46,48,-1,47,48,49,-1,49,48,50,-1,49,50,51,-1,51,50,52,-1,51,52,53,-1,53,52,54,-1,53,54,55,-1,55,54,39,-1,55,39,38,-1,32,34,56,-1,32,56,57,-1,57,56,58,-1,57,58,59,-1,59,58,60,-1,59,60,61,-1,61,60,62,-1,61,62,63,-1,63,62,64,-1,63,64,65,-1,65,64,66,-1,65,66,67,-1,67,66,41,-1,67,41,40,-1,45,47,68,-1,68,47,49,-1,68,49,69,-1,69,49,51,-1,69,51,70,-1,70,51,53,-1,70,53,71,-1,71,53,55,-1,71,55,72,-1,72,55,38,-1,72,38,73,-1,73,38,36,-1,73,36,74,-1,74,36,33,-1,74,33,75,-1,75,33,32,-1,75,32,76,-1,76,32,57,-1,76,57,77,-1,77,57,59,-1,77,59,78,-1,78,59,61,-1,78,61,79,-1,79,61,63,-1,79,63,80,-1,80,63,65,-1,80,65,81,-1,81,65,67,-1,81,67,82,-1,82,67,40,-1,82,40,83,-1,83,40,43,-1,83,43,84,-1,84,43,45,-1,84,45,68,-1,72,73,85,-1,85,73,86,-1,72,85,87,-1,72,87,71,-1,71,87,88,-1,71,88,70,-1,70,88,89,-1,70,89,69,-1,69,89,90,-1,69,90,68,-1,68,90,91,-1,68,91,84,-1,84,91,92,-1,84,92,83,-1,83,92,93,-1,83,93,82,-1,82,93,94,-1,82,94,81,-1,81,94,95,-1,81,95,80,-1,80,95,96,-1,80,96,79,-1,79,96,97,-1,79,97,78,-1,78,97,98,-1,78,98,77,-1,77,98,99,-1,77,99,76,-1,76,99,100,-1,76,100,75,-1,74,75,101,-1,101,75,100,-1,73,74,86,-1,86,74,101,-1,102,103,104,-1,104,103,105,-1,103,106,105,-1,105,106,107,-1,106,108,107,-1,107,108,109,-1,108,110,109,-1,109,110,111,-1,110,112,111,-1,111,112,113,-1,112,114,113,-1,113,114,115,-1,114,116,115,-1,115,116,117,-1,116,118,117,-1,117,118,119,-1,118,120,119,-1,119,120,121,-1,120,122,121,-1,121,122,123,-1,122,124,123,-1,123,124,125,-1,124,102,125,-1,125,102,104,-1,106,103,102,-1,102,124,106,-1,106,124,122,-1,106,122,108,-1,112,110,114,-1,114,110,108,-1,114,108,116,-1,116,108,122,-1,116,122,118,-1,118,122,120,-1,126,127,128,-1,128,127,129,-1,129,127,130,-1,131,132,133,-1,131,133,134,-1,134,133,135,-1,134,135,130,-1,130,135,136,-1,130,136,129,-1,137,138,139,-1,137,139,140,-1,140,139,141,-1,140,141,142,-1,142,141,143,-1,142,143,144,-1,144,143,145,-1,144,145,146,-1,146,145,147,-1,146,147,148,-1,148,147,149,-1,148,149,150,-1,150,149,131,-1,131,149,151,-1,131,151,132,-1,152,153,154,-1,152,154,155,-1,155,154,156,-1,155,156,157,-1,157,156,158,-1,157,158,159,-1,159,158,160,-1,159,160,161,-1,161,160,162,-1,161,162,163,-1,163,162,164,-1,163,164,165,-1,165,164,138,-1,165,138,137,-1,166,167,168,-1,166,168,169,-1,169,168,153,-1,169,153,152,-1,166,170,167,-1,167,170,171,-1,172,173,174,-1,172,174,175,-1,175,174,171,-1,175,171,170,-1,176,177,178,-1,176,178,179,-1,179,178,180,-1,179,180,181,-1,181,180,182,-1,181,182,183,-1,183,182,184,-1,183,184,185,-1,185,184,186,-1,185,186,187,-1,187,186,188,-1,187,188,189,-1,189,188,173,-1,189,173,172,-1,190,191,192,-1,190,192,193,-1,193,192,194,-1,193,194,195,-1,195,194,196,-1,195,196,197,-1,197,196,198,-1,197,198,199,-1,199,198,200,-1,199,200,201,-1,201,200,202,-1,201,202,203,-1,203,202,177,-1,203,177,176,-1,126,128,204,-1,126,204,205,-1,205,204,206,-1,205,206,207,-1,207,206,191,-1,207,191,190,-1,193,131,190,-1,190,131,134,-1,190,134,207,-1,207,134,130,-1,207,130,205,-1,205,130,127,-1,205,127,126,-1,170,166,175,-1,175,166,169,-1,175,169,172,-1,172,169,152,-1,172,152,189,-1,189,152,155,-1,189,155,187,-1,187,155,157,-1,187,157,185,-1,185,157,159,-1,185,159,183,-1,183,159,161,-1,183,161,181,-1,181,161,163,-1,181,163,179,-1,179,163,165,-1,179,165,176,-1,176,165,137,-1,176,137,203,-1,203,137,140,-1,203,140,201,-1,201,140,142,-1,201,142,199,-1,199,142,144,-1,199,144,197,-1,197,144,146,-1,197,146,195,-1,195,146,148,-1,195,148,193,-1,193,148,150,-1,193,150,131,-1,208,209,210,-1,210,209,211,-1,209,212,211,-1,211,212,213,-1,212,214,213,-1,213,214,215,-1,214,216,215,-1,215,216,217,-1,216,218,217,-1,217,218,219,-1,218,208,219,-1,219,208,210,-1,216,214,218,-1,218,214,212,-1,218,212,208,-1,208,212,209,-1,
        ]
    }
}
Shape{
    appearance Appearance {
        material  Material {
            diffuseColor 0.2235294117647059 0.2235294117647059 0.2235294117647059
            specularColor 0.11372549019607843 0.11372549019607843 0.11372549019607843
            ambientIntensity 0.2235
            transparency 0.0
            shininess 0.5
        }
    }
    geometry IndexedFaceSet {
        ccw TRUE
        solid FALSE
        coord DEF co Coordinate {
            point [
                -359.0643 269.9686 0.0039, -359.0972 269.9686 0.0039, -359.079 270.0097 0.0039, -359.0824 270.0097 0.0039, -359.0799 270.0132 0.0039, -359.0815 270.0132 0.0039, -359.0805 270.0166 0.0039, -359.0809 270.0166 0.0039, -358.9639 270.0178 0.0039, -358.9639 269.941 0.0039, -358.9785 270.0178 0.0039, -358.9779 269.941 0.0039, -358.9883 269.942 0.0039, -359.0168 269.9804 0.0039, -359.0159 269.9902 0.0039, -359.0136 269.998 0.0039, -358.9901 270.0166 0.0039, -358.9966 269.9446 0.0039, -359.0033 269.9486 0.0039, -359.0088 269.954 0.0039, -359.013 269.9608 0.0039, -359.0158 269.97 0.0039, -359.0102 270.004 0.0039, -359.0054 270.0091 0.0039, -358.9982 270.0138 0.0039
            ]
        }
        coordIndex [
            0,1,2,-1,2,1,3,-1,2,3,4,-1,4,3,5,-1,4,5,6,-1,6,5,7,-1,8,9,10,-1,10,9,11,-1,10,11,12,-1,13,14,10,-1,10,14,15,-1,10,15,16,-1,12,17,10,-1,10,17,18,-1,10,18,19,-1,19,20,10,-1,10,20,21,-1,10,21,13,-1,22,23,15,-1,15,23,24,-1,15,24,16,-1,
        ]
    }
}
Shape{
    appearance Appearance {
        material  Material {
            diffuseColor 0.8509803921568627 0.8509803921568627 0.8509803921568627
            specularColor 0.4235294117647059 0.4235294117647059 0.4235294117647059
            ambientIntensity 0.851
            transparency 0.0
            shininess 0.5
        }
    }
    geometry IndexedFaceSet {
        ccw TRUE
        solid FALSE
        coord DEF co Coordinate {
            point [
                -357.9365 269.4257 0.0039, -357.9365 269.4257 0.0, -358.9411 269.4257 0.0039, -359.905 269.4257 0.0, -359.905 269.4257 0.0039, -357.9365 268.913 0.0039, -357.9365 268.8943 0.0, -357.9365 268.9022 0.0044, -357.9365 268.8943 0.0047, -359.905 268.8943 0.0, -359.905 268.8943 0.0047, -359.905 268.9008 0.0042, -359.905 268.913 0.0039, -359.905 268.9024 0.0042, -357.9549 268.8439 0.0188, -357.9595 268.8386 0.0218, -357.9595 268.8386 0.0, -357.9807 268.8235 0.0433, -357.9807 268.8235 0.0827, -357.9948 268.8182 0.0827, -357.9778 268.825 0.0362, -357.9795 268.8241 0.0388, -357.9948 268.8182 0.0, -357.9803 268.8237 0.0407, -357.9806 268.8235 0.0419, -357.9662 268.8328 0.0263, -357.9676 268.8316 0.0272, -357.9758 268.8261 0.0, -357.9758 268.8261 0.034, -357.9763 268.8258 0.0345, -357.9603 268.8379 0.0223, -357.9454 268.8582 0.0126, -357.9454 268.8581 0.0126, -357.947 268.8549 0.0, -357.947 268.8549 0.0137, -357.9528 268.8463 0.0174, -357.9366 268.8921 0.005, -357.9378 268.8806 0.0067, -357.939 268.8747 0.0079, -357.9392 268.8739 0.0, -357.9392 268.8739 0.008, -357.9425 268.8641 0.0106, -357.9372 268.8839 0.0061, -358.0152 268.8155 0.0827, -358.0152 268.8155 0.0, -359.5549 268.8155 0.0827, -359.8262 268.8155 0.0827, -359.8262 268.8155 0.0, -358.2865 268.8155 0.0827, -358.6036 268.8155 0.0827, -358.9207 268.8155 0.0827, -359.2378 268.8155 0.0827, -359.9023 268.8739 0.008, -359.9036 268.8806 0.0067, -359.9023 268.8739 0.0, -359.9043 268.8839 0.0061, -359.9047 268.8893 0.0054, -359.8944 268.8549 0.0137, -359.896 268.8581 0.0126, -359.8944 268.8549 0.0, -359.8989 268.864 0.0106, -359.9007 268.8691 0.0093, -359.8916 268.8507 0.0155, -359.8819 268.8386 0.0, -359.8886 268.8462 0.0175, -359.8667 268.8268 0.0331, -359.8739 268.8316 0.0272, -359.8656 268.8261 0.0, -359.8791 268.8361 0.0237, -359.8812 268.8379 0.0223, -359.8819 268.8386 0.0218, -359.8607 268.8235 0.0433, -359.8609 268.8235 0.0419, -359.8466 268.8182 0.0, -359.8607 268.8235 0.0827, -359.8612 268.8237 0.0406, -359.8623 268.8243 0.0381, -359.8656 268.8261 0.034, -359.8466 268.8182 0.0827, -358.0113 268.8194 0.0827, -359.8302 268.8194 0.0827, -359.5549 268.8194 0.0827, -359.2378 268.8194 0.0827, -358.9207 268.8194 0.0827, -358.6036 268.8194 0.0827, -358.2865 268.8194 0.0827, -359.905 270.5754 0.0039, -359.905 270.5754 0.0, -358.9411 270.5754 0.0039, -357.9365 270.5754 0.0, -357.9365 270.5754 0.0039, -357.9365 271.1068 0.0, -357.9365 271.1068 0.0047, -357.9365 271.1003 0.0042, -357.9365 271.0881 0.0039, -357.9365 271.0987 0.0042, -359.905 271.0881 0.0039, -359.905 271.1068 0.0, -359.905 271.0989 0.0044, -359.905 271.1068 0.0047, -359.8607 271.1776 0.0433, -359.8607 271.1776 0.0827, -359.8466 271.1829 0.0827, -359.8619 271.177 0.0388, -359.8611 271.1774 0.0407, -359.8466 271.1829 0.0, -359.8609 271.1776 0.0419, -359.8656 271.175 0.0, -359.8819 271.1625 0.0, -359.8819 271.1625 0.0218, -359.8812 271.1632 0.0223, -359.8791 271.165 0.0237, -359.8739 271.1695 0.0272, -359.8667 271.1743 0.0331, -359.8656 271.175 0.034, -359.8636 271.1761 0.0362, -359.896 271.143 0.0126, -359.8944 271.1462 0.0137, -359.8944 271.1462 0.0, -359.8916 271.1504 0.0155, -359.8887 271.1548 0.0174, -359.9036 271.1205 0.0067, -359.9023 271.1272 0.008, -359.9023 271.1272 0.0, -359.9007 271.132 0.0093, -359.899 271.137 0.0106, -359.9046 271.1118 0.0054, -359.9043 271.1172 0.0061, -359.8262 271.1856 0.0827, -359.8262 271.1856 0.0, -358.2865 271.1856 0.0827, -358.0152 271.1856 0.0827, -358.0152 271.1856 0.0, -359.5549 271.1856 0.0827, -359.2378 271.1856 0.0827, -358.9207 271.1856 0.0827, -358.6036 271.1856 0.0827, -357.9392 271.1272 0.008, -357.9378 271.1205 0.0067, -357.9392 271.1272 0.0, -357.9372 271.1172 0.0061, -357.9368 271.1118 0.0054, -357.947 271.1462 0.0137, -357.9454 271.143 0.0126, -357.947 271.1462 0.0, -357.9425 271.1371 0.0106, -357.9408 271.132 0.0093, -357.9498 271.1504 0.0155, -357.9595 271.1625 0.0, -357.9528 271.1549 0.0175, -357.9748 271.1743 0.0331, -357.9676 271.1695 0.0272, -357.9758 271.175 0.0, -357.9624 271.165 0.0237, -357.9603 271.1632 0.0223, -357.9595 271.1625 0.0218, -357.9807 271.1776 0.0433, -357.9806 271.1776 0.0419, -357.9948 271.1829 0.0, -357.9807 271.1776 0.0827, -357.9803 271.1774 0.0406, -357.9791 271.1768 0.0381, -357.9758 271.175 0.034, -357.9948 271.1829 0.0827, -359.8302 271.1817 0.0827, -358.0113 271.1817 0.0827, -358.2865 271.1817 0.0827, -358.6036 271.1817 0.0827, -358.9207 271.1817 0.0827, -359.2378 271.1817 0.0827, -359.5549 271.1817 0.0827
            ]
        }
        coordIndex [
            0,1,2,-1,2,1,3,-1,2,3,4,-1,1,0,5,-1,1,5,6,-1,6,5,7,-1,6,7,8,-1,9,10,11,-1,4,3,12,-1,12,3,9,-1,12,9,13,-1,13,9,11,-1,14,15,16,-1,17,18,19,-1,20,21,22,-1,21,23,22,-1,22,23,24,-1,22,24,17,-1,25,26,27,-1,27,26,28,-1,27,28,22,-1,22,28,29,-1,22,29,20,-1,16,15,27,-1,27,15,30,-1,27,30,25,-1,31,32,33,-1,33,32,34,-1,33,34,16,-1,16,34,35,-1,16,35,14,-1,6,8,36,-1,37,38,39,-1,39,38,40,-1,39,40,33,-1,33,40,41,-1,33,41,31,-1,6,36,39,-1,39,36,42,-1,39,42,37,-1,17,19,22,-1,22,19,43,-1,22,43,44,-1,45,46,47,-1,44,43,48,-1,48,49,44,-1,44,49,50,-1,44,50,47,-1,47,50,51,-1,47,51,45,-1,52,53,54,-1,54,53,55,-1,54,55,9,-1,9,55,56,-1,9,56,10,-1,57,58,59,-1,59,58,60,-1,59,60,54,-1,54,60,61,-1,54,61,52,-1,57,59,62,-1,62,59,63,-1,62,63,64,-1,65,66,67,-1,66,68,67,-1,67,68,69,-1,67,69,63,-1,63,69,70,-1,63,70,64,-1,71,72,73,-1,71,73,74,-1,72,75,73,-1,73,75,76,-1,73,76,67,-1,67,76,77,-1,67,77,65,-1,74,73,78,-1,78,73,47,-1,78,47,46,-1,3,1,9,-1,9,1,6,-1,6,39,27,-1,27,39,33,-1,27,33,16,-1,27,22,6,-1,6,22,44,-1,6,44,9,-1,9,44,47,-1,9,47,54,-1,54,47,73,-1,73,67,54,-1,54,67,63,-1,54,63,59,-1,48,43,79,-1,79,43,19,-1,79,19,18,-1,74,78,80,-1,80,78,46,-1,80,46,81,-1,46,45,81,-1,81,45,51,-1,81,51,82,-1,82,51,50,-1,82,50,83,-1,83,50,49,-1,83,49,84,-1,84,49,48,-1,84,48,85,-1,85,48,79,-1,86,87,88,-1,88,87,89,-1,88,89,90,-1,91,92,93,-1,90,89,94,-1,94,89,91,-1,94,91,95,-1,95,91,93,-1,87,86,96,-1,87,96,97,-1,97,96,98,-1,97,98,99,-1,100,101,102,-1,103,104,105,-1,105,104,106,-1,105,106,100,-1,107,108,109,-1,109,110,107,-1,107,110,111,-1,107,111,112,-1,112,113,107,-1,107,113,114,-1,107,114,105,-1,105,114,115,-1,105,115,103,-1,116,117,118,-1,118,117,119,-1,118,119,108,-1,108,119,120,-1,108,120,109,-1,121,122,123,-1,123,122,124,-1,123,124,118,-1,118,124,125,-1,118,125,116,-1,97,99,126,-1,97,126,123,-1,123,126,127,-1,123,127,121,-1,100,102,105,-1,105,102,128,-1,105,128,129,-1,130,131,132,-1,129,128,133,-1,133,134,129,-1,129,134,135,-1,129,135,132,-1,132,135,136,-1,132,136,130,-1,137,138,139,-1,139,138,140,-1,139,140,91,-1,91,140,141,-1,91,141,92,-1,142,143,144,-1,144,143,145,-1,144,145,139,-1,139,145,146,-1,139,146,137,-1,142,144,147,-1,147,144,148,-1,147,148,149,-1,150,151,152,-1,151,153,152,-1,152,153,154,-1,152,154,148,-1,148,154,155,-1,148,155,149,-1,156,157,158,-1,156,158,159,-1,157,160,158,-1,158,160,161,-1,158,161,152,-1,152,161,162,-1,152,162,150,-1,159,158,163,-1,163,158,132,-1,163,132,131,-1,87,129,89,-1,89,129,132,-1,89,132,91,-1,91,132,158,-1,158,152,91,-1,91,152,148,-1,91,148,139,-1,139,148,144,-1,107,123,108,-1,108,123,118,-1,87,97,129,-1,129,97,123,-1,129,123,105,-1,105,123,107,-1,102,101,164,-1,159,163,165,-1,165,163,131,-1,165,131,166,-1,166,131,130,-1,166,130,167,-1,167,130,136,-1,167,136,168,-1,168,136,135,-1,168,135,169,-1,169,135,134,-1,169,134,170,-1,170,134,133,-1,170,133,164,-1,164,133,128,-1,164,128,102,-1,
        ]
    }
}
Shape{
    appearance Appearance {
        material  Material {
            diffuseColor 0.2235294117647059 0.2235294117647059 0.2235294117647059
            specularColor 0.11372549019607843 0.11372549019607843 0.11372549019607843
            ambientIntensity 0.2235
            transparency 0.0
            shininess 0.5
        }
    }
    geometry IndexedFaceSet {
        ccw TRUE
        solid FALSE
        coord DEF co Coordinate {
            point [
                -358.8817 270.2838 1.7795, -358.8529 270.2838 1.7795, -358.8817 270.2838 1.7756, -358.8529 270.2838 1.7756, -358.8847 270.2775 1.7756, -358.8847 270.2775 1.7795, -358.8893 270.2596 1.7756, -358.8893 270.2596 1.7795, -358.8919 270.2343 1.7795, -358.8907 270.2459 1.7756, -358.8919 270.2343 1.7756, -358.8904 270.2137 1.7795, -358.8907 270.2181 1.7756, -358.8904 270.2137 1.7756, -358.8849 270.1944 1.7756, -358.8849 270.1944 1.7795, -358.8778 270.182 1.7756, -358.8778 270.182 1.7795, -358.8707 270.1745 1.7756, -358.8707 270.1745 1.7795, -358.8624 270.1689 1.7756, -358.8624 270.1689 1.7795, -358.8525 270.1653 1.7756, -358.8525 270.1653 1.7795, -358.8387 270.1638 1.7756, -358.8387 270.1638 1.7795, -358.8279 270.165 1.7756, -358.8279 270.165 1.7795, -358.8177 270.1687 1.7756, -358.8177 270.1687 1.7795, -358.8079 270.1753 1.7756, -358.8079 270.1753 1.7795, -358.7973 270.1866 1.7756, -358.7973 270.1866 1.7795, -358.7804 270.2156 1.7756, -358.7804 270.2156 1.7795, -358.7707 270.2339 1.7756, -358.7707 270.2339 1.7795, -358.7636 270.2451 1.7756, -358.7636 270.2451 1.7795, -358.7583 270.2512 1.7756, -358.7583 270.2512 1.7795, -358.7534 270.2545 1.7756, -358.7534 270.2545 1.7795, -358.748 270.2566 1.7756, -358.748 270.2566 1.7795, -358.7405 270.2574 1.7756, -358.7405 270.2574 1.7795, -358.7346 270.2568 1.7756, -358.7346 270.2568 1.7795, -358.7293 270.255 1.7756, -358.7293 270.255 1.7795, -358.7251 270.2523 1.7756, -358.7251 270.2523 1.7795, -358.7207 270.2478 1.7756, -358.7207 270.2478 1.7795, -358.7164 270.2404 1.7756, -358.7164 270.2404 1.7795, -358.7131 270.23 1.7756, -358.7131 270.23 1.7795, -358.7118 270.2163 1.7756, -358.7118 270.2163 1.7795, -358.7127 270.2027 1.7756, -358.7127 270.2027 1.7795, -358.7167 270.1859 1.7756, -358.7167 270.1859 1.7795, -358.7244 270.171 1.7756, -358.7244 270.171 1.7795, -358.6956 270.171 1.7795, -358.6956 270.171 1.7756, -358.6902 270.2142 1.7756, -358.6902 270.2142 1.7795, -358.6912 270.1924 1.7795, -358.6914 270.1911 1.7756, -358.6912 270.1924 1.7756, -358.6924 270.236 1.7795, -358.6914 270.2265 1.7756, -358.6924 270.236 1.7756, -358.6978 270.2525 1.7756, -358.6978 270.2525 1.7795, -358.7041 270.2636 1.7756, -358.7041 270.2636 1.7795, -358.7115 270.272 1.7756, -358.7115 270.272 1.7795, -358.72 270.2782 1.7756, -358.72 270.2782 1.7795, -358.7294 270.2821 1.7756, -358.7294 270.2821 1.7795, -358.743 270.2838 1.7756, -358.743 270.2838 1.7795, -358.7528 270.2829 1.7756, -358.7528 270.2829 1.7795, -358.7632 270.2795 1.7756, -358.7632 270.2795 1.7795, -358.7726 270.2738 1.7756, -358.7726 270.2738 1.7795, -358.7814 270.2646 1.7756, -358.7814 270.2646 1.7795, -358.7989 270.2357 1.7756, -358.7989 270.2357 1.7795, -358.8142 270.2071 1.7756, -358.8142 270.2071 1.7795, -358.8144 270.2068 1.7756, -358.8144 270.2068 1.7795, -358.8215 270.1983 1.7756, -358.8215 270.1983 1.7795, -358.8282 270.1934 1.7756, -358.8282 270.1934 1.7795, -358.8338 270.1911 1.7756, -358.8338 270.1911 1.7795, -358.8409 270.1902 1.7756, -358.8409 270.1902 1.7795, -358.8487 270.191 1.7756, -358.8487 270.191 1.7795, -358.8548 270.1933 1.7756, -358.8548 270.1933 1.7795, -358.8587 270.1959 1.7756, -358.8587 270.1959 1.7795, -358.8626 270.2 1.7756, -358.8626 270.2 1.7795, -358.8665 270.2071 1.7756, -358.8665 270.2071 1.7795, -358.8692 270.2171 1.7756, -358.8692 270.2171 1.7795, -358.8703 270.2313 1.7756, -358.8703 270.2313 1.7795, -358.8689 270.2461 1.7756, -358.8689 270.2461 1.7795, -358.8617 270.2694 1.7756, -358.8617 270.2694 1.7795, -358.8895 269.9477 1.7795, -358.8895 269.9477 1.7756, -358.8895 269.9237 1.7795, -358.8895 269.9321 1.7756, -358.8895 269.9237 1.7756, -358.6926 269.9237 1.7795, -358.6926 269.9237 1.7756, -358.6926 269.9549 1.7756, -358.6926 269.9549 1.7795, -358.6926 269.9321 1.7756, -358.8265 270.0145 1.7795, -358.8265 270.0145 1.7756, -358.8388 270.0193 1.7756, -358.8388 270.0193 1.7795, -358.8511 270.0238 1.7756, -358.8511 270.0238 1.7795, -358.8511 270.0247 1.7795, -358.8511 270.0247 1.7756, -358.8389 270.0287 1.7756, -358.8389 270.0287 1.7795, -358.827 270.0335 1.7756, -358.827 270.0335 1.7795, -358.6926 270.0918 1.7756, -358.6926 270.0918 1.7795, -358.712 270.0834 1.7756, -358.6926 270.1254 1.7795, -358.6926 270.1254 1.7756, -358.8895 270.1254 1.7795, -358.8895 270.1254 1.7756, -358.8895 270.1014 1.7795, -358.8895 270.1014 1.7756, -358.7592 270.1014 1.7795, -358.7592 270.1014 1.7756, -358.7391 270.1015 1.7756, -358.7391 270.1015 1.7795, -358.719 270.1021 1.7756, -358.719 270.1021 1.7795, -358.719 270.1014 1.7795, -358.719 270.1014 1.7756, -358.7297 270.0989 1.7756, -358.7297 270.0989 1.7795, -358.7402 270.0956 1.7756, -358.7402 270.0956 1.7795, -358.8895 270.0318 1.7756, -358.8895 270.0318 1.7795, -358.7688 270.0834 1.7756, -358.8895 270.0174 1.7795, -358.8895 270.0174 1.7756, -358.739 269.9523 1.7795, -358.739 269.9523 1.7756, -358.7292 269.949 1.7756, -358.7292 269.949 1.7795, -358.719 269.9465 1.7756, -358.719 269.9465 1.7795, -358.719 269.9458 1.7795, -358.719 269.9458 1.7756, -358.7385 269.9472 1.7756, -358.7385 269.9472 1.7795, -358.7581 269.9477 1.7756, -358.7581 269.9477 1.7795, -358.7509 269.7191 1.7795, -358.7338 269.7283 1.7795, -358.7418 269.752 1.7795, -358.7183 269.7423 1.7795, -358.7317 269.7615 1.7795, -358.7181 269.7425 1.7795, -358.7224 269.7759 1.7795, -358.7038 269.7639 1.7795, -358.7167 269.7922 1.7795, -358.6957 269.7869 1.7795, -358.7142 269.8155 1.7795, -358.6926 269.8154 1.7795, -358.7142 269.8445 1.7795, -358.6926 269.8709 1.7795, -358.8679 269.8445 1.7795, -358.8895 269.8709 1.7795, -358.8679 269.8166 1.7795, -358.8895 269.8174 1.7795, -358.8659 269.7957 1.7795, -358.8872 269.7924 1.7795, -358.8608 269.7792 1.7795, -358.8804 269.7698 1.7795, -358.8527 269.7657 1.7795, -358.8684 269.7494 1.7795, -358.8417 269.7546 1.7795, -358.8528 269.7333 1.7795, -358.8284 269.7465 1.7795, -358.8354 269.7223 1.7795, -358.8127 269.7413 1.7795, -358.8149 269.7152 1.7795, -358.7891 269.7389 1.7795, -358.7886 269.7125 1.7795, -358.7695 269.7406 1.7795, -358.7705 269.7138 1.7795, -358.754 269.7452 1.7795, -358.8895 269.8174 1.7756, -358.8895 269.8709 1.7756, -358.8684 269.7494 1.7756, -358.8804 269.7698 1.7756, -358.8872 269.7924 1.7756, -358.857 269.7377 1.7756, -358.8528 269.7333 1.7756, -358.8354 269.7223 1.7756, -358.8149 269.7152 1.7756, -358.7886 269.7125 1.7756, -358.7338 269.7283 1.7756, -358.7509 269.7191 1.7756, -358.7705 269.7138 1.7756, -358.7234 269.7377 1.7756, -358.7183 269.7423 1.7756, -358.7181 269.7425 1.7756, -358.7038 269.7639 1.7756, -358.6957 269.7869 1.7756, -358.6926 269.8154 1.7756, -358.6926 269.8709 1.7756, -358.7142 269.8155 1.7756, -358.7142 269.8445 1.7756, -358.8679 269.8445 1.7756, -358.8679 269.8166 1.7756, -358.7891 269.7389 1.7756, -358.8127 269.7413 1.7756, -358.8284 269.7465 1.7756, -358.8417 269.7546 1.7756, -358.8527 269.7657 1.7756, -358.8608 269.7792 1.7756, -358.8659 269.7957 1.7756, -358.7167 269.7922 1.7756, -358.7224 269.7759 1.7756, -358.7317 269.7615 1.7756, -358.7418 269.752 1.7756, -358.754 269.7452 1.7756, -358.7695 269.7406 1.7756
            ]
        }
        coordIndex [
            0,1,2,-1,2,1,3,-1,0,2,4,-1,0,4,5,-1,5,4,6,-1,5,6,7,-1,7,6,8,-1,8,6,9,-1,8,9,10,-1,8,10,11,-1,11,10,12,-1,12,13,11,-1,11,13,14,-1,11,14,15,-1,15,14,16,-1,15,16,17,-1,17,16,18,-1,17,18,19,-1,19,18,20,-1,19,20,21,-1,21,20,22,-1,21,22,23,-1,23,22,24,-1,23,24,25,-1,25,24,26,-1,25,26,27,-1,27,26,28,-1,27,28,29,-1,29,28,30,-1,29,30,31,-1,31,30,32,-1,31,32,33,-1,33,32,34,-1,33,34,35,-1,35,34,36,-1,35,36,37,-1,37,36,38,-1,37,38,39,-1,39,38,40,-1,39,40,41,-1,41,40,42,-1,41,42,43,-1,43,42,44,-1,43,44,45,-1,45,44,46,-1,45,46,47,-1,47,46,48,-1,47,48,49,-1,49,48,50,-1,49,50,51,-1,51,50,52,-1,51,52,53,-1,53,52,54,-1,53,54,55,-1,55,54,56,-1,55,56,57,-1,57,56,58,-1,57,58,59,-1,59,58,60,-1,59,60,61,-1,61,60,62,-1,61,62,63,-1,63,62,64,-1,63,64,65,-1,65,64,66,-1,65,66,67,-1,68,67,69,-1,69,67,66,-1,70,71,72,-1,68,69,73,-1,68,73,72,-1,72,73,74,-1,72,74,70,-1,71,70,75,-1,75,70,76,-1,76,77,75,-1,75,77,78,-1,75,78,79,-1,79,78,80,-1,79,80,81,-1,81,80,82,-1,81,82,83,-1,83,82,84,-1,83,84,85,-1,85,84,86,-1,85,86,87,-1,87,86,88,-1,87,88,89,-1,89,88,90,-1,89,90,91,-1,91,90,92,-1,91,92,93,-1,93,92,94,-1,93,94,95,-1,95,94,96,-1,95,96,97,-1,97,96,98,-1,97,98,99,-1,99,98,100,-1,99,100,101,-1,101,100,102,-1,101,102,103,-1,103,102,104,-1,103,104,105,-1,105,104,106,-1,105,106,107,-1,107,106,108,-1,107,108,109,-1,109,108,110,-1,109,110,111,-1,111,110,112,-1,111,112,113,-1,113,112,114,-1,113,114,115,-1,115,114,116,-1,115,116,117,-1,117,116,118,-1,117,118,119,-1,119,118,120,-1,119,120,121,-1,121,120,122,-1,121,122,123,-1,123,122,124,-1,123,124,125,-1,125,124,126,-1,125,126,127,-1,127,126,128,-1,127,128,129,-1,129,128,3,-1,129,3,1,-1,1,0,129,-1,129,0,5,-1,129,5,127,-1,127,5,7,-1,127,7,125,-1,125,7,8,-1,125,8,123,-1,123,8,11,-1,123,11,121,-1,121,11,15,-1,121,15,119,-1,119,15,17,-1,119,17,117,-1,117,17,19,-1,117,19,115,-1,115,19,21,-1,115,21,113,-1,113,21,23,-1,113,23,111,-1,111,23,25,-1,111,25,109,-1,109,25,27,-1,109,27,107,-1,107,27,29,-1,107,29,105,-1,105,29,31,-1,105,31,103,-1,103,31,33,-1,103,33,101,-1,101,33,35,-1,101,35,99,-1,99,35,37,-1,99,37,97,-1,97,37,39,-1,97,39,95,-1,95,39,41,-1,95,41,93,-1,93,41,43,-1,93,43,91,-1,91,43,45,-1,91,45,89,-1,89,45,47,-1,89,47,87,-1,87,47,49,-1,87,49,85,-1,85,49,51,-1,85,51,83,-1,83,51,53,-1,83,53,81,-1,81,53,55,-1,81,55,79,-1,79,55,57,-1,79,57,75,-1,75,57,59,-1,75,59,71,-1,71,59,61,-1,71,61,72,-1,72,61,63,-1,72,63,68,-1,68,63,65,-1,68,65,67,-1,130,131,132,-1,132,131,133,-1,132,133,134,-1,135,132,136,-1,136,132,134,-1,137,138,139,-1,139,138,135,-1,139,135,136,-1,140,138,141,-1,141,138,137,-1,140,141,142,-1,140,142,143,-1,143,142,144,-1,143,144,145,-1,146,145,147,-1,147,145,144,-1,146,147,148,-1,146,148,149,-1,149,148,150,-1,149,150,151,-1,152,153,154,-1,154,153,151,-1,154,151,150,-1,155,153,156,-1,156,153,152,-1,157,155,158,-1,158,155,156,-1,159,157,160,-1,160,157,158,-1,161,159,162,-1,162,159,160,-1,161,162,163,-1,161,163,164,-1,164,163,165,-1,164,165,166,-1,167,166,168,-1,168,166,165,-1,167,168,169,-1,167,169,170,-1,170,169,171,-1,170,171,172,-1,173,174,175,-1,175,174,172,-1,175,172,171,-1,176,174,177,-1,177,174,173,-1,178,176,179,-1,179,176,177,-1,178,179,180,-1,178,180,181,-1,181,180,182,-1,181,182,183,-1,184,183,185,-1,185,183,182,-1,184,185,186,-1,184,186,187,-1,187,186,188,-1,187,188,189,-1,130,189,131,-1,131,189,188,-1,130,132,189,-1,189,132,135,-1,189,135,187,-1,187,135,184,-1,157,159,155,-1,155,159,161,-1,161,164,155,-1,155,164,166,-1,155,166,153,-1,153,166,167,-1,146,174,145,-1,145,174,176,-1,145,176,143,-1,143,176,140,-1,184,135,183,-1,183,135,138,-1,183,138,181,-1,146,149,174,-1,174,149,151,-1,174,151,172,-1,172,151,153,-1,172,153,170,-1,170,153,167,-1,140,176,138,-1,138,176,178,-1,138,178,181,-1,190,191,192,-1,192,191,193,-1,192,193,194,-1,194,193,195,-1,194,195,196,-1,196,195,197,-1,196,197,198,-1,198,197,199,-1,198,199,200,-1,200,199,201,-1,200,201,202,-1,202,201,203,-1,202,203,204,-1,204,203,205,-1,204,205,206,-1,206,205,207,-1,206,207,208,-1,208,207,209,-1,208,209,210,-1,210,209,211,-1,210,211,212,-1,212,211,213,-1,212,213,214,-1,214,213,215,-1,214,215,216,-1,216,215,217,-1,216,217,218,-1,218,217,219,-1,218,219,220,-1,220,219,221,-1,220,221,222,-1,222,221,223,-1,222,223,224,-1,224,223,190,-1,224,190,192,-1,207,205,225,-1,225,205,226,-1,227,211,228,-1,228,211,209,-1,228,209,229,-1,229,209,207,-1,229,207,225,-1,230,215,227,-1,227,215,213,-1,227,213,211,-1,230,231,215,-1,215,231,232,-1,215,232,217,-1,217,232,233,-1,217,233,219,-1,219,233,234,-1,219,234,221,-1,235,190,236,-1,236,190,223,-1,236,223,237,-1,237,223,221,-1,237,221,234,-1,238,193,235,-1,235,193,191,-1,235,191,190,-1,238,239,193,-1,193,239,240,-1,193,240,195,-1,195,240,241,-1,195,241,197,-1,197,241,242,-1,197,242,199,-1,199,242,243,-1,199,243,201,-1,203,201,244,-1,244,201,243,-1,205,203,226,-1,226,203,244,-1,200,202,245,-1,245,202,246,-1,202,204,246,-1,246,204,247,-1,204,206,247,-1,247,206,248,-1,220,249,250,-1,220,250,218,-1,218,250,251,-1,218,251,216,-1,216,251,252,-1,216,252,214,-1,214,252,253,-1,214,253,212,-1,212,253,254,-1,212,254,210,-1,210,254,255,-1,210,255,208,-1,208,255,248,-1,208,248,206,-1,200,245,256,-1,200,256,198,-1,198,256,257,-1,198,257,196,-1,196,257,258,-1,196,258,194,-1,194,258,259,-1,194,259,192,-1,192,259,260,-1,192,260,224,-1,224,260,261,-1,224,261,222,-1,222,261,249,-1,222,249,220,-1,
        ]
    }
}
Shape{
    appearance Appearance {
        material  Material {
            diffuseColor 0.6039215686274509 0.6039215686274509 0.6039215686274509
            specularColor 0.30196078431372547 0.30196078431372547 0.30196078431372547
            ambientIntensity 0.6039
            transparency 0.0
            shininess 0.5
        }
    }
    geometry IndexedFaceSet {
        ccw TRUE
        solid FALSE
        coord DEF co Coordinate {
            point [
                -358.7142 269.8445 1.7756, -358.8679 269.8445 1.7756, -358.7142 269.8155 1.7756, -358.8679 269.8166 1.7756, -358.8127 269.7413 1.7756, -358.7891 269.7389 1.7756, -358.7695 269.7406 1.7756, -358.754 269.7452 1.7756, -358.7167 269.7922 1.7756, -358.8659 269.7957 1.7756, -358.8608 269.7792 1.7756, -358.8527 269.7657 1.7756, -358.7418 269.752 1.7756, -358.7317 269.7615 1.7756, -358.7224 269.7759 1.7756, -358.8417 269.7546 1.7756, -358.8284 269.7465 1.7756
            ]
        }
        coordIndex [
            0,1,2,-1,2,1,3,-1,4,5,2,-1,5,6,2,-1,2,6,7,-1,2,7,8,-1,3,9,2,-1,2,9,10,-1,2,10,11,-1,12,13,7,-1,7,13,14,-1,7,14,8,-1,11,15,2,-1,2,15,16,-1,2,16,4,-1,
        ]
    }
}
Shape{
    appearance Appearance {
        material  Material {
            diffuseColor 0.2235294117647059 0.2235294117647059 0.2235294117647059
            specularColor 0.11372549019607843 0.11372549019607843 0.11372549019607843
            ambientIntensity 0.2235
            transparency 0.0
            shininess 0.5
        }
    }
    geometry IndexedFaceSet {
        ccw TRUE
        solid FALSE
        coord DEF co Coordinate {
            point [
                -359.1533 270.2334 1.7795, -359.1432 270.2085 1.7795, -359.1223 270.207 1.7795, -359.0702 270.1182 1.7795, -359.0486 270.1182 1.7795, -359.046 270.1228 1.7795, -359.1842 270.2307 1.7795, -359.1746 270.207 1.7795, -359.1432 270.2079 1.7795, -359.1692 270.2067 1.7795, -359.0643 270.1341 1.7795, -359.0423 270.1342 1.7795, -359.0624 270.1509 1.7795, -359.0408 270.1513 1.7795, -359.0638 270.1635 1.7795, -359.0423 270.1671 1.7795, -359.0676 270.1739 1.7795, -359.0477 270.1834 1.7795, -359.0742 270.1836 1.7795, -359.0565 270.197 1.7795, -359.0849 270.1932 1.7795, -359.0698 270.2097 1.7795, -359.0997 270.2011 1.7795, -359.0912 270.2223 1.7795, -359.1179 270.2303 1.7795, -359.1602 270.2044 1.7795, -359.1529 270.2005 1.7795, -359.132 270.2007 1.7795, -359.1453 270.1938 1.7795, -359.1244 270.1928 1.7795, -359.1406 270.1869 1.7795, -359.119 270.1834 1.7795, -359.1379 270.1792 1.7795, -359.116 270.1731 1.7795, -359.1368 270.1694 1.7795, -359.1152 270.1628 1.7795, -359.1371 270.1641 1.7795, -359.1167 270.148 1.7795, -359.1387 270.1561 1.7795, -359.1208 270.1363 1.7795, -359.1416 270.1496 1.7795, -359.1281 270.1255 1.7795, -359.1458 270.1441 1.7795, -359.1376 270.117 1.7795, -359.1501 270.1404 1.7795, -359.1495 270.1107 1.7795, -359.1573 270.1364 1.7795, -359.1653 270.1068 1.7795, -359.1668 270.1336 1.7795, -359.1762 270.1062 1.7795, -359.1789 270.1326 1.7795, -359.194 270.108 1.7795, -359.189 270.1334 1.7795, -359.2083 270.113 1.7795, -359.1982 270.1361 1.7795, -359.2205 270.1209 1.7795, -359.2061 270.1404 1.7795, -359.2303 270.131 1.7795, -359.2127 270.1463 1.7795, -359.2371 270.1423 1.7795, -359.2171 270.1528 1.7795, -359.2412 270.1558 1.7795, -359.2197 270.1597 1.7795, -359.2424 270.169 1.7795, -359.2208 270.1692 1.7795, -359.2407 270.1842 1.7795, -359.2202 270.1761 1.7795, -359.2365 270.1961 1.7795, -359.218 270.1833 1.7795, -359.23 270.2061 1.7795, -359.2143 270.1896 1.7795, -359.2206 270.2152 1.7795, -359.2089 270.1953 1.7795, -359.2065 270.2237 1.7795, -359.1993 270.2016 1.7795, -359.1881 270.2055 1.7795, -359.0486 270.1182 1.7756, -359.0702 270.1182 1.7756, -359.046 270.1228 1.7756, -359.0423 270.1342 1.7756, -359.0414 270.1446 1.7756, -359.0408 270.1513 1.7756, -359.0423 270.1671 1.7756, -359.0477 270.1834 1.7756, -359.0565 270.197 1.7756, -359.0698 270.2097 1.7756, -359.0912 270.2223 1.7756, -359.1179 270.2303 1.7756, -359.1533 270.2334 1.7756, -359.1842 270.2307 1.7756, -359.2065 270.2237 1.7756, -359.2206 270.2152 1.7756, -359.23 270.2061 1.7756, -359.2304 270.2055 1.7756, -359.2365 270.1961 1.7756, -359.2407 270.1842 1.7756, -359.2424 270.169 1.7756, -359.2412 270.1558 1.7756, -359.2378 270.1446 1.7756, -359.2371 270.1423 1.7756, -359.2304 270.1312 1.7756, -359.2303 270.131 1.7756, -359.2205 270.1209 1.7756, -359.2083 270.113 1.7756, -359.194 270.108 1.7756, -359.1762 270.1062 1.7756, -359.1208 270.1363 1.7756, -359.1281 270.1255 1.7756, -359.1376 270.117 1.7756, -359.1495 270.1107 1.7756, -359.1653 270.1068 1.7756, -359.1179 270.1446 1.7756, -359.1167 270.148 1.7756, -359.1152 270.1628 1.7756, -359.116 270.1731 1.7756, -359.119 270.1834 1.7756, -359.1244 270.1928 1.7756, -359.132 270.2007 1.7756, -359.1432 270.2079 1.7756, -359.1432 270.2085 1.7756, -359.1223 270.207 1.7756, -359.0997 270.2011 1.7756, -359.0849 270.1932 1.7756, -359.0742 270.1836 1.7756, -359.0676 270.1739 1.7756, -359.0638 270.1635 1.7756, -359.0624 270.1509 1.7756, -359.0631 270.1446 1.7756, -359.0643 270.1341 1.7756, -359.1746 270.207 1.7756, -359.1692 270.2067 1.7756, -359.1602 270.2044 1.7756, -359.1529 270.2005 1.7756, -359.1453 270.1938 1.7756, -359.1406 270.1869 1.7756, -359.1379 270.1792 1.7756, -359.1368 270.1694 1.7756, -359.2208 270.1692 1.7756, -359.2202 270.1761 1.7756, -359.218 270.1833 1.7756, -359.2143 270.1896 1.7756, -359.2089 270.1953 1.7756, -359.1993 270.2016 1.7756, -359.1881 270.2055 1.7756, -359.1789 270.1326 1.7756, -359.189 270.1334 1.7756, -359.1982 270.1361 1.7756, -359.2061 270.1404 1.7756, -359.2127 270.1463 1.7756, -359.2171 270.1528 1.7756, -359.2197 270.1597 1.7756, -359.1371 270.1641 1.7756, -359.1387 270.1561 1.7756, -359.1416 270.1496 1.7756, -359.1458 270.1441 1.7756, -359.1501 270.1404 1.7756, -359.1573 270.1364 1.7756, -359.1668 270.1336 1.7756
            ]
        }
        coordIndex [
            0,1,2,-1,3,4,5,-1,0,6,1,-1,1,6,7,-1,1,7,8,-1,8,7,9,-1,3,5,10,-1,10,5,11,-1,10,11,12,-1,12,11,13,-1,12,13,14,-1,14,13,15,-1,14,15,16,-1,16,15,17,-1,16,17,18,-1,18,17,19,-1,18,19,20,-1,20,19,21,-1,20,21,22,-1,22,21,23,-1,22,23,2,-1,2,23,24,-1,2,24,0,-1,9,25,8,-1,8,25,26,-1,8,26,27,-1,27,26,28,-1,27,28,29,-1,29,28,30,-1,29,30,31,-1,31,30,32,-1,31,32,33,-1,33,32,34,-1,33,34,35,-1,35,34,36,-1,35,36,37,-1,37,36,38,-1,37,38,39,-1,39,38,40,-1,39,40,41,-1,41,40,42,-1,41,42,43,-1,43,42,44,-1,43,44,45,-1,45,44,46,-1,45,46,47,-1,47,46,48,-1,47,48,49,-1,49,48,50,-1,49,50,51,-1,51,50,52,-1,51,52,53,-1,53,52,54,-1,53,54,55,-1,55,54,56,-1,55,56,57,-1,57,56,58,-1,57,58,59,-1,59,58,60,-1,59,60,61,-1,61,60,62,-1,61,62,63,-1,63,62,64,-1,63,64,65,-1,65,64,66,-1,65,66,67,-1,67,66,68,-1,67,68,69,-1,69,68,70,-1,69,70,71,-1,71,70,72,-1,71,72,73,-1,73,72,74,-1,73,74,6,-1,6,74,75,-1,6,75,7,-1,4,3,76,-1,76,3,77,-1,4,76,78,-1,4,78,5,-1,5,78,79,-1,5,79,11,-1,11,79,13,-1,13,79,80,-1,13,80,81,-1,13,81,82,-1,13,82,15,-1,15,82,83,-1,15,83,17,-1,17,83,84,-1,17,84,19,-1,19,84,85,-1,19,85,21,-1,21,85,86,-1,21,86,23,-1,23,86,87,-1,23,87,24,-1,24,87,88,-1,24,88,0,-1,0,88,89,-1,0,89,6,-1,6,89,90,-1,6,90,73,-1,73,90,91,-1,73,91,71,-1,71,91,92,-1,71,92,69,-1,69,92,93,-1,69,93,67,-1,93,94,67,-1,67,94,95,-1,67,95,65,-1,65,95,96,-1,65,96,63,-1,63,96,97,-1,98,59,97,-1,97,59,61,-1,97,61,63,-1,98,99,59,-1,59,99,100,-1,59,100,57,-1,100,101,57,-1,57,101,102,-1,57,102,55,-1,55,102,103,-1,55,103,53,-1,53,103,104,-1,53,104,51,-1,51,104,105,-1,51,105,49,-1,106,41,107,-1,107,41,43,-1,107,43,108,-1,108,43,45,-1,108,45,109,-1,109,45,47,-1,109,47,110,-1,110,47,49,-1,110,49,105,-1,111,37,106,-1,106,37,39,-1,106,39,41,-1,111,112,37,-1,37,112,113,-1,37,113,35,-1,35,113,114,-1,35,114,33,-1,33,114,115,-1,33,115,31,-1,31,115,116,-1,31,116,29,-1,29,116,117,-1,29,117,27,-1,27,117,118,-1,27,118,8,-1,1,8,119,-1,119,8,118,-1,1,119,120,-1,1,120,2,-1,2,120,121,-1,2,121,22,-1,22,121,122,-1,22,122,20,-1,20,122,123,-1,20,123,18,-1,18,123,124,-1,18,124,16,-1,16,124,125,-1,16,125,14,-1,14,125,126,-1,14,126,12,-1,77,3,10,-1,12,126,127,-1,12,127,10,-1,10,127,128,-1,10,128,77,-1,7,129,130,-1,7,130,9,-1,9,130,131,-1,9,131,25,-1,25,131,132,-1,25,132,26,-1,26,132,133,-1,26,133,28,-1,28,133,134,-1,28,134,30,-1,30,134,135,-1,30,135,32,-1,32,135,136,-1,32,136,34,-1,64,137,138,-1,64,138,66,-1,66,138,139,-1,66,139,68,-1,68,139,140,-1,68,140,70,-1,70,140,141,-1,70,141,72,-1,72,141,142,-1,72,142,74,-1,74,142,143,-1,74,143,75,-1,75,143,129,-1,75,129,7,-1,50,144,145,-1,50,145,52,-1,52,145,146,-1,52,146,54,-1,54,146,147,-1,54,147,56,-1,56,147,148,-1,56,148,58,-1,58,148,149,-1,58,149,60,-1,60,149,150,-1,60,150,62,-1,62,150,137,-1,62,137,64,-1,34,136,151,-1,34,151,36,-1,36,151,152,-1,36,152,38,-1,38,152,153,-1,38,153,40,-1,40,153,154,-1,40,154,42,-1,42,154,155,-1,42,155,44,-1,44,155,156,-1,44,156,46,-1,46,156,157,-1,46,157,48,-1,48,157,144,-1,48,144,50,-1,
        ]
    }
}
Shape{
    appearance Appearance {
        material  Material {
            diffuseColor 0.6470588235294118 0.6470588235294118 0.6470588235294118
            specularColor 0.3215686274509804 0.3215686274509804 0.3215686274509804
            ambientIntensity 0.6471
            transparency 0.0
            shininess 0.5
        }
    }
    geometry IndexedFaceSet {
        ccw TRUE
        solid FALSE
        coord DEF co Coordinate {
            point [
                -359.2202 270.1761 1.7756, -359.1371 270.1641 1.7756, -359.1368 270.1694 1.7756, -359.1692 270.2067 1.7756, -359.1746 270.207 1.7756, -359.2208 270.1692 1.7756, -359.189 270.1334 1.7756, -359.1789 270.1326 1.7756, -359.1668 270.1336 1.7756, -359.1602 270.2044 1.7756, -359.1406 270.1869 1.7756, -359.1453 270.1938 1.7756, -359.1529 270.2005 1.7756, -359.1573 270.1364 1.7756, -359.1501 270.1404 1.7756, -359.1458 270.1441 1.7756, -359.1416 270.1496 1.7756, -359.1387 270.1561 1.7756, -359.1881 270.2055 1.7756, -359.1993 270.2016 1.7756, -359.2089 270.1953 1.7756, -359.2143 270.1896 1.7756, -359.218 270.1833 1.7756, -359.1379 270.1792 1.7756, -359.2171 270.1528 1.7756, -359.2127 270.1463 1.7756, -359.2197 270.1597 1.7756, -359.2061 270.1404 1.7756, -359.1982 270.1361 1.7756
            ]
        }
        coordIndex [
            0,1,2,-1,3,4,2,-1,5,6,0,-1,0,6,7,-1,0,7,8,-1,3,2,9,-1,10,11,12,-1,8,13,0,-1,0,13,14,-1,0,14,15,-1,15,16,0,-1,0,16,17,-1,0,17,1,-1,4,18,2,-1,2,18,19,-1,2,19,20,-1,20,21,2,-1,2,21,22,-1,2,22,0,-1,9,2,12,-1,12,2,23,-1,12,23,10,-1,24,25,26,-1,26,25,27,-1,26,27,5,-1,5,27,28,-1,5,28,6,-1,
        ]
    }
}
Shape{
    appearance Appearance {
        material  Material {
            diffuseColor 0.2235294117647059 0.2235294117647059 0.2235294117647059
            specularColor 0.11372549019607843 0.11372549019607843 0.11372549019607843
            ambientIntensity 0.2235
            transparency 0.0
            shininess 0.5
        }
    }
    geometry IndexedFaceSet {
        ccw TRUE
        solid FALSE
        coord DEF co Coordinate {
            point [
                -359.1585 269.987 1.7795, -359.2048 269.9405 1.7795, -359.1585 269.987 1.7756, -359.2048 269.9405 1.7756, -359.1121 269.9405 1.7795, -359.1121 269.9405 1.7756, -359.0984 269.9541 1.7795, -359.0984 269.9541 1.7756, -359.1449 270.0007 1.7795, -359.1449 270.0007 1.7756, -359.0984 270.0469 1.7795, -359.0984 270.0469 1.7756, -359.1119 270.0606 1.7795, -359.1119 270.0606 1.7756, -359.1584 270.014 1.7795, -359.1584 270.014 1.7756, -359.2048 270.0606 1.7795, -359.2048 270.0606 1.7756, -359.2184 270.0469 1.7795, -359.2184 270.0469 1.7756, -359.1719 270.0007 1.7795, -359.1719 270.0007 1.7756, -359.2184 269.9542 1.7795, -359.2184 269.9542 1.7756, -359.1533 269.8901 1.7795, -359.1432 269.8653 1.7795, -359.1223 269.8637 1.7795, -359.0702 269.7749 1.7795, -359.0486 269.7749 1.7795, -359.046 269.7795 1.7795, -359.1842 269.8874 1.7795, -359.1746 269.8637 1.7795, -359.1432 269.8646 1.7795, -359.1692 269.8634 1.7795, -359.0643 269.7908 1.7795, -359.0423 269.7909 1.7795, -359.0624 269.8076 1.7795, -359.0408 269.8081 1.7795, -359.0638 269.8203 1.7795, -359.0423 269.8238 1.7795, -359.0676 269.8306 1.7795, -359.0477 269.8401 1.7795, -359.0742 269.8403 1.7795, -359.0565 269.8537 1.7795, -359.0849 269.8499 1.7795, -359.0698 269.8665 1.7795, -359.0997 269.8578 1.7795, -359.0912 269.879 1.7795, -359.1179 269.887 1.7795, -359.1602 269.8611 1.7795, -359.1529 269.8572 1.7795, -359.132 269.8574 1.7795, -359.1453 269.8505 1.7795, -359.1244 269.8495 1.7795, -359.1406 269.8436 1.7795, -359.119 269.8401 1.7795, -359.1379 269.8359 1.7795, -359.116 269.8298 1.7795, -359.1368 269.8261 1.7795, -359.1152 269.8195 1.7795, -359.1371 269.8208 1.7795, -359.1167 269.8048 1.7795, -359.1387 269.8128 1.7795, -359.1208 269.793 1.7795, -359.1416 269.8063 1.7795, -359.1281 269.7822 1.7795, -359.1458 269.8009 1.7795, -359.1376 269.7737 1.7795, -359.1501 269.7971 1.7795, -359.1495 269.7674 1.7795, -359.1573 269.7931 1.7795, -359.1653 269.7635 1.7795, -359.1668 269.7903 1.7795, -359.1762 269.7629 1.7795, -359.1789 269.7893 1.7795, -359.194 269.7648 1.7795, -359.189 269.7901 1.7795, -359.2083 269.7698 1.7795, -359.1982 269.7928 1.7795, -359.2205 269.7776 1.7795, -359.2061 269.7971 1.7795, -359.2303 269.7877 1.7795, -359.2127 269.803 1.7795, -359.2371 269.799 1.7795, -359.2171 269.8095 1.7795, -359.2412 269.8125 1.7795, -359.2197 269.8164 1.7795, -359.2424 269.8257 1.7795, -359.2208 269.8259 1.7795, -359.2407 269.8409 1.7795, -359.2202 269.8328 1.7795, -359.2365 269.8528 1.7795, -359.218 269.84 1.7795, -359.23 269.8628 1.7795, -359.2143 269.8463 1.7795, -359.2206 269.8719 1.7795, -359.2089 269.852 1.7795, -359.2065 269.8804 1.7795, -359.1993 269.8583 1.7795, -359.1881 269.8623 1.7795, -359.0486 269.7749 1.7756, -359.0702 269.7749 1.7756, -359.046 269.7795 1.7756, -359.0423 269.7909 1.7756, -359.0408 269.8081 1.7756, -359.0423 269.8238 1.7756, -359.0477 269.8401 1.7756, -359.0565 269.8537 1.7756, -359.0698 269.8665 1.7756, -359.0912 269.879 1.7756, -359.1179 269.887 1.7756, -359.1533 269.8901 1.7756, -359.1842 269.8874 1.7756, -359.2065 269.8804 1.7756, -359.2206 269.8719 1.7756, -359.23 269.8628 1.7756, -359.2304 269.8622 1.7756, -359.2365 269.8528 1.7756, -359.2407 269.8409 1.7756, -359.2424 269.8257 1.7756, -359.2412 269.8125 1.7756, -359.2371 269.799 1.7756, -359.2304 269.788 1.7756, -359.2303 269.7877 1.7756, -359.2205 269.7776 1.7756, -359.2083 269.7698 1.7756, -359.194 269.7648 1.7756, -359.1762 269.7629 1.7756, -359.1653 269.7635 1.7756, -359.1495 269.7674 1.7756, -359.1376 269.7737 1.7756, -359.1281 269.7822 1.7756, -359.1208 269.793 1.7756, -359.1167 269.8048 1.7756, -359.1152 269.8195 1.7756, -359.116 269.8298 1.7756, -359.119 269.8401 1.7756, -359.1244 269.8495 1.7756, -359.132 269.8574 1.7756, -359.1432 269.8646 1.7756, -359.1432 269.8653 1.7756, -359.1223 269.8637 1.7756, -359.0997 269.8578 1.7756, -359.0849 269.8499 1.7756, -359.0742 269.8403 1.7756, -359.0676 269.8306 1.7756, -359.0638 269.8203 1.7756, -359.0624 269.8076 1.7756, -359.0643 269.7908 1.7756, -359.1746 269.8637 1.7756, -359.1692 269.8634 1.7756, -359.1602 269.8611 1.7756, -359.1529 269.8572 1.7756, -359.1453 269.8505 1.7756, -359.1406 269.8436 1.7756, -359.1379 269.8359 1.7756, -359.1368 269.8261 1.7756, -359.2208 269.8259 1.7756, -359.2202 269.8328 1.7756, -359.218 269.84 1.7756, -359.2143 269.8463 1.7756, -359.2089 269.852 1.7756, -359.1993 269.8583 1.7756, -359.1881 269.8623 1.7756, -359.1789 269.7893 1.7756, -359.189 269.7901 1.7756, -359.1982 269.7928 1.7756, -359.2061 269.7971 1.7756, -359.2127 269.803 1.7756, -359.2171 269.8095 1.7756, -359.2197 269.8164 1.7756, -359.1371 269.8208 1.7756, -359.1387 269.8128 1.7756, -359.1416 269.8063 1.7756, -359.1458 269.8009 1.7756, -359.1501 269.7971 1.7756, -359.1573 269.7931 1.7756, -359.1668 269.7903 1.7756
            ]
        }
        coordIndex [
            0,1,2,-1,2,1,3,-1,4,0,5,-1,5,0,2,-1,6,4,7,-1,7,4,5,-1,8,6,9,-1,9,6,7,-1,10,8,11,-1,11,8,9,-1,12,10,13,-1,13,10,11,-1,14,12,15,-1,15,12,13,-1,16,14,17,-1,17,14,15,-1,18,16,19,-1,19,16,17,-1,20,18,21,-1,21,18,19,-1,22,20,23,-1,23,20,21,-1,1,22,3,-1,3,22,23,-1,22,1,20,-1,20,1,0,-1,10,12,8,-1,8,12,14,-1,4,6,0,-1,0,6,8,-1,0,8,20,-1,20,8,14,-1,20,14,18,-1,18,14,16,-1,24,25,26,-1,27,28,29,-1,24,30,25,-1,25,30,31,-1,25,31,32,-1,32,31,33,-1,27,29,34,-1,34,29,35,-1,34,35,36,-1,36,35,37,-1,36,37,38,-1,38,37,39,-1,38,39,40,-1,40,39,41,-1,40,41,42,-1,42,41,43,-1,42,43,44,-1,44,43,45,-1,44,45,46,-1,46,45,47,-1,46,47,26,-1,26,47,48,-1,26,48,24,-1,33,49,32,-1,32,49,50,-1,32,50,51,-1,51,50,52,-1,51,52,53,-1,53,52,54,-1,53,54,55,-1,55,54,56,-1,55,56,57,-1,57,56,58,-1,57,58,59,-1,59,58,60,-1,59,60,61,-1,61,60,62,-1,61,62,63,-1,63,62,64,-1,63,64,65,-1,65,64,66,-1,65,66,67,-1,67,66,68,-1,67,68,69,-1,69,68,70,-1,69,70,71,-1,71,70,72,-1,71,72,73,-1,73,72,74,-1,73,74,75,-1,75,74,76,-1,75,76,77,-1,77,76,78,-1,77,78,79,-1,79,78,80,-1,79,80,81,-1,81,80,82,-1,81,82,83,-1,83,82,84,-1,83,84,85,-1,85,84,86,-1,85,86,87,-1,87,86,88,-1,87,88,89,-1,89,88,90,-1,89,90,91,-1,91,90,92,-1,91,92,93,-1,93,92,94,-1,93,94,95,-1,95,94,96,-1,95,96,97,-1,97,96,98,-1,97,98,30,-1,30,98,99,-1,30,99,31,-1,28,27,100,-1,100,27,101,-1,28,100,102,-1,28,102,29,-1,29,102,103,-1,29,103,35,-1,35,103,104,-1,35,104,37,-1,37,104,105,-1,37,105,39,-1,39,105,106,-1,39,106,41,-1,41,106,107,-1,41,107,43,-1,43,107,108,-1,43,108,45,-1,45,108,109,-1,45,109,47,-1,47,109,110,-1,47,110,48,-1,48,110,111,-1,48,111,24,-1,24,111,112,-1,24,112,30,-1,30,112,113,-1,30,113,97,-1,97,113,114,-1,97,114,95,-1,95,114,115,-1,95,115,93,-1,93,115,116,-1,93,116,91,-1,116,117,91,-1,91,117,118,-1,91,118,89,-1,89,118,119,-1,89,119,87,-1,87,119,120,-1,87,120,85,-1,85,120,121,-1,85,121,83,-1,83,121,122,-1,83,122,81,-1,122,123,81,-1,81,123,124,-1,81,124,79,-1,79,124,125,-1,79,125,77,-1,77,125,126,-1,77,126,75,-1,75,126,127,-1,75,127,73,-1,73,127,128,-1,73,128,71,-1,71,128,129,-1,71,129,69,-1,69,129,130,-1,69,130,67,-1,67,130,131,-1,67,131,65,-1,65,131,132,-1,65,132,63,-1,63,132,133,-1,63,133,61,-1,61,133,134,-1,61,134,59,-1,59,134,135,-1,59,135,57,-1,57,135,136,-1,57,136,55,-1,55,136,137,-1,55,137,53,-1,53,137,138,-1,53,138,51,-1,51,138,139,-1,51,139,32,-1,25,32,140,-1,140,32,139,-1,25,140,141,-1,25,141,26,-1,26,141,142,-1,26,142,46,-1,46,142,143,-1,46,143,44,-1,44,143,144,-1,44,144,42,-1,42,144,145,-1,42,145,40,-1,40,145,146,-1,40,146,38,-1,38,146,147,-1,38,147,36,-1,36,147,148,-1,36,148,34,-1,34,148,101,-1,34,101,27,-1,31,149,150,-1,31,150,33,-1,33,150,151,-1,33,151,49,-1,49,151,152,-1,49,152,50,-1,50,152,153,-1,50,153,52,-1,52,153,154,-1,52,154,54,-1,54,154,155,-1,54,155,56,-1,56,155,156,-1,56,156,58,-1,88,157,158,-1,88,158,90,-1,90,158,159,-1,90,159,92,-1,92,159,160,-1,92,160,94,-1,94,160,161,-1,94,161,96,-1,96,161,162,-1,96,162,98,-1,98,162,163,-1,98,163,99,-1,99,163,149,-1,99,149,31,-1,74,164,165,-1,74,165,76,-1,76,165,166,-1,76,166,78,-1,78,166,167,-1,78,167,80,-1,80,167,168,-1,80,168,82,-1,82,168,169,-1,82,169,84,-1,84,169,170,-1,84,170,86,-1,86,170,157,-1,86,157,88,-1,58,156,171,-1,58,171,60,-1,60,171,172,-1,60,172,62,-1,62,172,173,-1,62,173,64,-1,64,173,174,-1,64,174,66,-1,66,174,175,-1,66,175,68,-1,68,175,176,-1,68,176,70,-1,70,176,177,-1,70,177,72,-1,72,177,164,-1,72,164,74,-1,158,171,156,-1,150,149,156,-1,157,165,158,-1,158,165,164,-1,158,164,177,-1,150,156,151,-1,154,153,152,-1,177,176,158,-1,158,176,175,-1,158,175,174,-1,174,173,158,-1,158,173,172,-1,158,172,171,-1,149,163,156,-1,156,163,162,-1,156,162,161,-1,161,160,156,-1,156,160,159,-1,156,159,158,-1,151,156,152,-1,152,156,155,-1,152,155,154,-1,169,168,170,-1,170,168,167,-1,170,167,157,-1,157,167,166,-1,157,166,165,-1,
        ]
    }
}